Dataset;Trigger;CandidatePool;CandidateNumber;DiscoveryRank;Split;Occurrences;PostDrawTotal;GeneralAppearances;GeneralRatePct;PostAppearances;PostRatePct;LiftPctPoints;RateRatio;WindowsContainingNumber;WindowPresenceRatePct
NEW_MODE;1;02,18,20,23,25,47,55,63,75,78,83,84,90;2;13;DISCOVERY;112;1008;100;5.91716;68;6.746032;0.828872;1.140079;53;47.321429
NEW_MODE;1;02,18,20,23,25,47,55,63,75,78,83,84,90;18;6;DISCOVERY;112;1008;97;5.739645;71;7.043651;1.304006;1.227193;52;46.428571
NEW_MODE;1;02,18,20,23,25,47,55,63,75,78,83,84,90;20;7;DISCOVERY;112;1008;112;6.627219;79;7.837302;1.210083;1.182593;55;49.107143
NEW_MODE;1;02,18,20,23,25,47,55,63,75,78,83,84,90;23;10;DISCOVERY;112;1008;98;5.798817;67;6.646825;0.848009;1.146238;52;46.428571
NEW_MODE;1;02,18,20,23,25,47,55,63,75,78,83,84,90;25;9;DISCOVERY;112;1008;117;6.923077;80;7.936508;1.013431;1.146384;57;50.892857
NEW_MODE;1;02,18,20,23,25,47,55,63,75,78,83,84,90;47;11;DISCOVERY;112;1008;125;7.39645;83;8.234127;0.837677;1.113254;65;58.035714
NEW_MODE;1;02,18,20,23,25,47,55,63,75,78,83,84,90;55;4;DISCOVERY;112;1008;122;7.218935;87;8.630952;1.412017;1.195599;62;55.357143
NEW_MODE;1;02,18,20,23,25,47,55,63,75,78,83,84,90;63;1;DISCOVERY;112;1008;109;6.449704;84;8.333333;1.883629;1.292049;65;58.035714
NEW_MODE;1;02,18,20,23,25,47,55,63,75,78,83,84,90;75;3;DISCOVERY;112;1008;128;7.573964;92;9.126984;1.55302;1.205047;64;57.142857
NEW_MODE;1;02,18,20,23,25,47,55,63,75,78,83,84,90;78;12;DISCOVERY;112;1008;120;7.100592;80;7.936508;0.835916;1.117725;59;52.678571
NEW_MODE;1;02,18,20,23,25,47,55,63,75,78,83,84,90;83;5;DISCOVERY;112;1008;127;7.514793;89;8.829365;1.314572;1.174931;69;61.607143
NEW_MODE;1;02,18,20,23,25,47,55,63,75,78,83,84,90;84;2;DISCOVERY;112;1008;114;6.745562;85;8.43254;1.686978;1.250087;61;54.464286
NEW_MODE;1;02,18,20,23,25,47,55,63,75,78,83,84,90;90;8;DISCOVERY;112;1008;129;7.633136;88;8.730159;1.097023;1.143718;64;57.142857
NEW_MODE;1;02,18,20,23,25,47,55,63,75,78,83,84,90;2;13;VALIDATION;34;306;25;4.432624;13;4.248366;-0.184258;0.958431;12;35.294118
NEW_MODE;1;02,18,20,23,25,47,55,63,75,78,83,84,90;18;6;VALIDATION;34;306;32;5.673759;19;6.20915;0.535391;1.094363;15;44.117647
NEW_MODE;1;02,18,20,23,25,47,55,63,75,78,83,84,90;20;7;VALIDATION;34;306;37;6.560284;25;8.169935;1.609651;1.245363;18;52.941176
NEW_MODE;1;02,18,20,23,25,47,55,63,75,78,83,84,90;23;10;VALIDATION;34;306;36;6.382979;14;4.575163;-1.807815;0.716776;12;35.294118
NEW_MODE;1;02,18,20,23,25,47,55,63,75,78,83,84,90;25;9;VALIDATION;34;306;46;8.156028;16;5.228758;-2.92727;0.641091;9;26.470588
NEW_MODE;1;02,18,20,23,25,47,55,63,75,78,83,84,90;47;11;VALIDATION;34;306;38;6.737589;24;7.843137;1.105549;1.164087;18;52.941176
NEW_MODE;1;02,18,20,23,25,47,55,63,75,78,83,84,90;55;4;VALIDATION;34;306;41;7.269504;23;7.51634;0.246836;1.033955;17;50.0
NEW_MODE;1;02,18,20,23,25,47,55,63,75,78,83,84,90;63;1;VALIDATION;34;306;34;6.028369;19;6.20915;0.180782;1.029988;16;47.058824
NEW_MODE;1;02,18,20,23,25,47,55,63,75,78,83,84,90;75;3;VALIDATION;34;306;33;5.851064;13;4.248366;-1.602698;0.726084;12;35.294118
NEW_MODE;1;02,18,20,23,25,47,55,63,75,78,83,84,90;78;12;VALIDATION;34;306;35;6.205674;16;5.228758;-0.976916;0.842577;13;38.235294
NEW_MODE;1;02,18,20,23,25,47,55,63,75,78,83,84,90;83;5;VALIDATION;34;306;34;6.028369;17;5.555556;-0.472813;0.921569;16;47.058824
NEW_MODE;1;02,18,20,23,25,47,55,63,75,78,83,84,90;84;2;VALIDATION;34;306;32;5.673759;24;7.843137;2.169378;1.382353;18;52.941176
NEW_MODE;1;02,18,20,23,25,47,55,63,75,78,83,84,90;90;8;VALIDATION;34;306;29;5.141844;15;4.901961;-0.239883;0.953347;12;35.294118
NEW_MODE;1;02,18,20,23,25,47,55,63,75,78,83,84,90;2;13;TEST;39;351;44;7.801418;42;11.965812;4.164394;1.5338;26;66.666667
NEW_MODE;1;02,18,20,23,25,47,55,63,75,78,83,84,90;18;6;TEST;39;351;42;7.446809;21;5.982906;-1.463903;0.803419;18;46.153846
NEW_MODE;1;02,18,20,23,25,47,55,63,75,78,83,84,90;20;7;TEST;39;351;42;7.446809;29;8.262108;0.8153;1.109483;23;58.974359
NEW_MODE;1;02,18,20,23,25,47,55,63,75,78,83,84,90;23;10;TEST;39;351;44;7.801418;24;6.837607;-0.963812;0.876457;16;41.025641
NEW_MODE;1;02,18,20,23,25,47,55,63,75,78,83,84,90;25;9;TEST;39;351;35;6.205674;21;5.982906;-0.222768;0.964103;18;46.153846
NEW_MODE;1;02,18,20,23,25,47,55,63,75,78,83,84,90;47;11;TEST;39;351;41;7.269504;30;8.547009;1.277505;1.175735;22;56.410256
NEW_MODE;1;02,18,20,23,25,47,55,63,75,78,83,84,90;55;4;TEST;39;351;39;6.914894;26;7.407407;0.492514;1.071225;19;48.717949
NEW_MODE;1;02,18,20,23,25,47,55,63,75,78,83,84,90;63;1;TEST;39;351;47;8.333333;27;7.692308;-0.641026;0.923077;22;56.410256
NEW_MODE;1;02,18,20,23,25,47,55,63,75,78,83,84,90;75;3;TEST;39;351;37;6.560284;18;5.128205;-1.432079;0.781705;16;41.025641
NEW_MODE;1;02,18,20,23,25,47,55,63,75,78,83,84,90;78;12;TEST;39;351;29;5.141844;26;7.407407;2.265563;1.440613;21;53.846154
NEW_MODE;1;02,18,20,23,25,47,55,63,75,78,83,84,90;83;5;TEST;39;351;47;8.333333;32;9.116809;0.783476;1.094017;26;66.666667
NEW_MODE;1;02,18,20,23,25,47,55,63,75,78,83,84,90;84;2;TEST;39;351;35;6.205674;14;3.988604;-2.21707;0.642735;11;28.205128
NEW_MODE;1;02,18,20,23,25,47,55,63,75,78,83,84,90;90;8;TEST;39;351;35;6.205674;24;6.837607;0.631933;1.101832;23;58.974359
NEW_MODE;2;11,14,24,32,35,45,58,63,71,72,74,80,85;11;12;DISCOVERY;99;891;120;7.100592;72;8.080808;0.980216;1.138047;55;55.555556
NEW_MODE;2;11,14,24,32,35,45,58,63,71,72,74,80,85;14;11;DISCOVERY;99;891;99;5.857988;61;6.84624;0.988252;1.168702;52;52.525253
NEW_MODE;2;11,14,24,32,35,45,58,63,71,72,74,80,85;24;2;DISCOVERY;99;891;108;6.390533;73;8.193042;1.802509;1.282059;51;51.515152
NEW_MODE;2;11,14,24,32,35,45,58,63,71,72,74,80,85;32;3;DISCOVERY;99;891;131;7.751479;81;9.090909;1.33943;1.172797;59;59.59596
NEW_MODE;2;11,14,24,32,35,45,58,63,71,72,74,80,85;35;13;DISCOVERY;99;891;111;6.568047;67;7.519641;0.951594;1.144882;47;47.474747
NEW_MODE;2;11,14,24,32,35,45,58,63,71,72,74,80,85;45;10;DISCOVERY;99;891;133;7.869822;79;8.866442;0.99662;1.126638;59;59.59596
NEW_MODE;2;11,14,24,32,35,45,58,63,71,72,74,80,85;58;7;DISCOVERY;99;891;110;6.508876;68;7.631874;1.122999;1.172533;50;50.505051
NEW_MODE;2;11,14,24,32,35,45,58,63,71,72,74,80,85;63;4;DISCOVERY;99;891;109;6.449704;69;7.744108;1.294404;1.200692;54;54.545455
NEW_MODE;2;11,14,24,32,35,45,58,63,71,72,74,80,85;71;1;DISCOVERY;99;891;100;5.91716;77;8.641975;2.724816;1.460494;57;57.575758
NEW_MODE;2;11,14,24,32,35,45,58,63,71,72,74,80,85;72;9;DISCOVERY;99;891;109;6.449704;67;7.519641;1.069937;1.165889;53;53.535354
NEW_MODE;2;11,14,24,32,35,45,58,63,71,72,74,80,85;74;8;DISCOVERY;99;891;122;7.218935;74;8.305275;1.08634;1.150485;50;50.505051
NEW_MODE;2;11,14,24,32,35,45,58,63,71,72,74,80,85;80;5;DISCOVERY;99;891;110;6.508876;69;7.744108;1.235232;1.189777;51;51.515152
NEW_MODE;2;11,14,24,32,35,45,58,63,71,72,74,80,85;85;6;DISCOVERY;99;891;132;7.810651;80;8.978676;1.168025;1.149543;58;58.585859
NEW_MODE;2;11,14,24,32,35,45,58,63,71,72,74,80,85;11;12;VALIDATION;25;225;27;4.787234;8;3.555556;-1.231678;0.742716;7;28.0
NEW_MODE;2;11,14,24,32,35,45,58,63,71,72,74,80,85;14;11;VALIDATION;25;225;36;6.382979;15;6.666667;0.283688;1.044444;12;48.0
NEW_MODE;2;11,14,24,32,35,45,58,63,71,72,74,80,85;24;2;VALIDATION;25;225;34;6.028369;10;4.444444;-1.583924;0.737255;10;40.0
NEW_MODE;2;11,14,24,32,35,45,58,63,71,72,74,80,85;32;3;VALIDATION;25;225;38;6.737589;22;9.777778;3.040189;1.451228;12;48.0
NEW_MODE;2;11,14,24,32,35,45,58,63,71,72,74,80,85;35;13;VALIDATION;25;225;40;7.092199;13;5.777778;-1.314421;0.814667;9;36.0
NEW_MODE;2;11,14,24,32,35,45,58,63,71,72,74,80,85;45;10;VALIDATION;25;225;40;7.092199;12;5.333333;-1.758865;0.752;11;44.0
NEW_MODE;2;11,14,24,32,35,45,58,63,71,72,74,80,85;58;7;VALIDATION;25;225;43;7.624113;13;5.777778;-1.846336;0.757829;11;44.0
NEW_MODE;2;11,14,24,32,35,45,58,63,71,72,74,80,85;63;4;VALIDATION;25;225;34;6.028369;17;7.555556;1.527187;1.253333;15;60.0
NEW_MODE;2;11,14,24,32,35,45,58,63,71,72,74,80,85;71;1;VALIDATION;25;225;42;7.446809;21;9.333333;1.886525;1.253333;15;60.0
NEW_MODE;2;11,14,24,32,35,45,58,63,71,72,74,80,85;72;9;VALIDATION;25;225;39;6.914894;13;5.777778;-1.137116;0.835556;11;44.0
NEW_MODE;2;11,14,24,32,35,45,58,63,71,72,74,80,85;74;8;VALIDATION;25;225;34;6.028369;9;4.0;-2.028369;0.663529;9;36.0
NEW_MODE;2;11,14,24,32,35,45,58,63,71,72,74,80,85;80;5;VALIDATION;25;225;42;7.446809;12;5.333333;-2.113475;0.71619;7;28.0
NEW_MODE;2;11,14,24,32,35,45,58,63,71,72,74,80,85;85;6;VALIDATION;25;225;28;4.964539;11;4.888889;-0.07565;0.984762;9;36.0
NEW_MODE;2;11,14,24,32,35,45,58,63,71,72,74,80,85;11;12;TEST;42;378;42;7.446809;24;6.349206;-1.097602;0.852608;18;42.857143
NEW_MODE;2;11,14,24,32,35,45,58,63,71,72,74,80,85;14;11;TEST;42;378;39;6.914894;34;8.994709;2.079815;1.300773;22;52.380952
NEW_MODE;2;11,14,24,32,35,45,58,63,71,72,74,80,85;24;2;TEST;42;378;32;5.673759;18;4.761905;-0.911854;0.839286;14;33.333333
NEW_MODE;2;11,14,24,32,35,45,58,63,71,72,74,80,85;32;3;TEST;42;378;29;5.141844;18;4.761905;-0.379939;0.926108;16;38.095238
NEW_MODE;2;11,14,24,32,35,45,58,63,71,72,74,80,85;35;13;TEST;42;378;32;5.673759;23;6.084656;0.410897;1.072421;20;47.619048
NEW_MODE;2;11,14,24,32,35,45,58,63,71,72,74,80,85;45;10;TEST;42;378;41;7.269504;31;8.201058;0.931555;1.128146;23;54.761905
NEW_MODE;2;11,14,24,32,35,45,58,63,71,72,74,80,85;58;7;TEST;42;378;42;7.446809;22;5.820106;-1.626703;0.781557;18;42.857143
NEW_MODE;2;11,14,24,32,35,45,58,63,71,72,74,80,85;63;4;TEST;42;378;47;8.333333;21;5.555556;-2.777778;0.666667;16;38.095238
NEW_MODE;2;11,14,24,32,35,45,58,63,71,72,74,80,85;71;1;TEST;42;378;38;6.737589;25;6.613757;-0.123832;0.981621;19;45.238095
NEW_MODE;2;11,14,24,32,35,45,58,63,71,72,74,80,85;72;9;TEST;42;378;40;7.092199;18;4.761905;-2.330294;0.671429;17;40.47619
NEW_MODE;2;11,14,24,32,35,45,58,63,71,72,74,80,85;74;8;TEST;42;378;37;6.560284;31;8.201058;1.640775;1.250107;21;50.0
NEW_MODE;2;11,14,24,32,35,45,58,63,71,72,74,80,85;80;5;TEST;42;378;46;8.156028;38;10.05291;1.896882;1.232574;29;69.047619
NEW_MODE;2;11,14,24,32,35,45,58,63,71,72,74,80,85;85;6;TEST;42;378;53;9.397163;28;7.407407;-1.989756;0.78826;21;50.0
NEW_MODE;3;06,09,12,20,24,27,62,63,69,72,78,80,85;6;11;DISCOVERY;92;828;129;7.633136;71;8.574879;0.941743;1.123376;47;51.086957
NEW_MODE;3;06,09,12,20,24,27,62,63,69,72,78,80,85;9;6;DISCOVERY;92;828;120;7.100592;70;8.454106;1.353515;1.19062;52;56.521739
NEW_MODE;3;06,09,12,20,24,27,62,63,69,72,78,80,85;12;8;DISCOVERY;92;828;115;6.804734;66;7.971014;1.166281;1.171393;43;46.73913
NEW_MODE;3;06,09,12,20,24,27,62,63,69,72,78,80,85;20;3;DISCOVERY;92;828;112;6.627219;71;8.574879;1.94766;1.293888;58;63.043478
NEW_MODE;3;06,09,12,20,24,27,62,63,69,72,78,80,85;24;10;DISCOVERY;92;828;108;6.390533;62;7.487923;1.09739;1.171721;41;44.565217
NEW_MODE;3;06,09,12,20,24,27,62,63,69,72,78,80,85;27;5;DISCOVERY;92;828;99;5.857988;60;7.246377;1.388389;1.237008;45;48.913043
NEW_MODE;3;06,09,12,20,24,27,62,63,69,72,78,80,85;62;9;DISCOVERY;92;828;113;6.686391;65;7.850242;1.163851;1.174063;54;58.695652
NEW_MODE;3;06,09,12,20,24,27,62,63,69,72,78,80,85;63;13;DISCOVERY;92;828;109;6.449704;61;7.36715;0.917446;1.142246;47;51.086957
NEW_MODE;3;06,09,12,20,24,27,62,63,69,72,78,80,85;69;12;DISCOVERY;92;828;115;6.804734;64;7.729469;0.924735;1.135896;47;51.086957
NEW_MODE;3;06,09,12,20,24,27,62,63,69,72,78,80,85;72;4;DISCOVERY;92;828;109;6.449704;66;7.971014;1.52131;1.235873;44;47.826087
NEW_MODE;3;06,09,12,20,24,27,62,63,69,72,78,80,85;78;2;DISCOVERY;92;828;120;7.100592;76;9.178744;2.078152;1.292673;56;60.869565
NEW_MODE;3;06,09,12,20,24,27,62,63,69,72,78,80,85;80;1;DISCOVERY;92;828;110;6.508876;72;8.695652;2.186776;1.335968;56;60.869565
NEW_MODE;3;06,09,12,20,24,27,62,63,69,72,78,80,85;85;7;DISCOVERY;92;828;132;7.810651;75;9.057971;1.24732;1.159695;54;58.695652
NEW_MODE;3;06,09,12,20,24,27,62,63,69,72,78,80,85;6;11;VALIDATION;35;315;47;8.333333;27;8.571429;0.238095;1.028571;19;54.285714
NEW_MODE;3;06,09,12,20,24,27,62,63,69,72,78,80,85;9;6;VALIDATION;35;315;49;8.687943;27;8.571429;-0.116515;0.986589;19;54.285714
NEW_MODE;3;06,09,12,20,24,27,62,63,69,72,78,80,85;12;8;VALIDATION;35;315;28;4.964539;17;5.396825;0.432286;1.087075;16;45.714286
NEW_MODE;3;06,09,12,20,24,27,62,63,69,72,78,80,85;20;3;VALIDATION;35;315;37;6.560284;21;6.666667;0.106383;1.016216;17;48.571429
NEW_MODE;3;06,09,12,20,24,27,62,63,69,72,78,80,85;24;10;VALIDATION;35;315;34;6.028369;21;6.666667;0.638298;1.105882;15;42.857143
NEW_MODE;3;06,09,12,20,24,27,62,63,69,72,78,80,85;27;5;VALIDATION;35;315;37;6.560284;18;5.714286;-0.845998;0.871042;14;40.0
NEW_MODE;3;06,09,12,20,24,27,62,63,69,72,78,80,85;62;9;VALIDATION;35;315;40;7.092199;20;6.349206;-0.742992;0.895238;14;40.0
NEW_MODE;3;06,09,12,20,24,27,62,63,69,72,78,80,85;63;13;VALIDATION;35;315;34;6.028369;21;6.666667;0.638298;1.105882;16;45.714286
NEW_MODE;3;06,09,12,20,24,27,62,63,69,72,78,80,85;69;12;VALIDATION;35;315;37;6.560284;19;6.031746;-0.528538;0.919434;16;45.714286
NEW_MODE;3;06,09,12,20,24,27,62,63,69,72,78,80,85;72;4;VALIDATION;35;315;39;6.914894;33;10.47619;3.561297;1.515018;22;62.857143
NEW_MODE;3;06,09,12,20,24,27,62,63,69,72,78,80,85;78;2;VALIDATION;35;315;35;6.205674;18;5.714286;-0.491388;0.920816;16;45.714286
NEW_MODE;3;06,09,12,20,24,27,62,63,69,72,78,80,85;80;1;VALIDATION;35;315;42;7.446809;29;9.206349;1.759541;1.236281;19;54.285714
NEW_MODE;3;06,09,12,20,24,27,62,63,69,72,78,80,85;85;7;VALIDATION;35;315;28;4.964539;13;4.126984;-0.837555;0.831293;11;31.428571
NEW_MODE;3;06,09,12,20,24,27,62,63,69,72,78,80,85;6;11;TEST;35;315;45;7.978723;29;9.206349;1.227626;1.153862;20;57.142857
NEW_MODE;3;06,09,12,20,24,27,62,63,69,72,78,80,85;9;6;TEST;35;315;35;6.205674;23;7.301587;1.095914;1.176599;16;45.714286
NEW_MODE;3;06,09,12,20,24,27,62,63,69,72,78,80,85;12;8;TEST;35;315;25;4.432624;17;5.396825;0.964201;1.217524;13;37.142857
NEW_MODE;3;06,09,12,20,24,27,62,63,69,72,78,80,85;20;3;TEST;35;315;42;7.446809;20;6.349206;-1.097602;0.852608;18;51.428571
NEW_MODE;3;06,09,12,20,24,27,62,63,69,72,78,80,85;24;10;TEST;35;315;32;5.673759;17;5.396825;-0.276933;0.95119;15;42.857143
NEW_MODE;3;06,09,12,20,24,27,62,63,69,72,78,80,85;27;5;TEST;35;315;37;6.560284;24;7.619048;1.058764;1.16139;19;54.285714
NEW_MODE;3;06,09,12,20,24,27,62,63,69,72,78,80,85;62;9;TEST;35;315;38;6.737589;25;7.936508;1.198919;1.177945;18;51.428571
NEW_MODE;3;06,09,12,20,24,27,62,63,69,72,78,80,85;63;13;TEST;35;315;47;8.333333;29;9.206349;0.873016;1.104762;20;57.142857
NEW_MODE;3;06,09,12,20,24,27,62,63,69,72,78,80,85;69;12;TEST;35;315;36;6.382979;13;4.126984;-2.255995;0.646561;11;31.428571
NEW_MODE;3;06,09,12,20,24,27,62,63,69,72,78,80,85;72;4;TEST;35;315;40;7.092199;18;5.714286;-1.377913;0.805714;14;40.0
NEW_MODE;3;06,09,12,20,24,27,62,63,69,72,78,80,85;78;2;TEST;35;315;29;5.141844;9;2.857143;-2.284701;0.555665;9;25.714286
NEW_MODE;3;06,09,12,20,24,27,62,63,69,72,78,80,85;80;1;TEST;35;315;46;8.156028;27;8.571429;0.4154;1.050932;21;60.0
NEW_MODE;3;06,09,12,20,24,27,62,63,69,72,78,80,85;85;7;TEST;35;315;53;9.397163;30;9.52381;0.126646;1.013477;22;62.857143
NEW_MODE;4;26,34,40,45,49,50,59,67,71,78,83,88,90;26;5;DISCOVERY;100;900;118;6.982249;77;8.555556;1.573307;1.22533;57;57.0
NEW_MODE;4;26,34,40,45,49,50,59,67,71,78,83,88,90;34;3;DISCOVERY;100;900;121;7.159763;79;8.777778;1.618014;1.225987;57;57.0
NEW_MODE;4;26,34,40,45,49,50,59,67,71,78,83,88,90;40;9;DISCOVERY;100;900;101;5.976331;64;7.111111;1.13478;1.189879;48;48.0
NEW_MODE;4;26,34,40,45,49,50,59,67,71,78,83,88,90;45;4;DISCOVERY;100;900;133;7.869822;85;9.444444;1.574622;1.200084;65;65.0
NEW_MODE;4;26,34,40,45,49,50,59,67,71,78,83,88,90;49;8;DISCOVERY;100;900;125;7.39645;77;8.555556;1.159106;1.156711;56;56.0
NEW_MODE;4;26,34,40,45,49,50,59,67,71,78,83,88,90;50;6;DISCOVERY;100;900;103;6.094675;67;7.444444;1.34977;1.221467;46;46.0
NEW_MODE;4;26,34,40,45,49,50,59,67,71,78,83,88,90;59;2;DISCOVERY;100;900;107;6.331361;72;8.0;1.668639;1.263551;49;49.0
NEW_MODE;4;26,34,40,45,49,50,59,67,71,78,83,88,90;67;11;DISCOVERY;100;900;120;7.100592;73;8.111111;1.010519;1.142315;53;53.0
NEW_MODE;4;26,34,40,45,49,50,59,67,71,78,83,88,90;71;10;DISCOVERY;100;900;100;5.91716;63;7.0;1.08284;1.183;54;54.0
NEW_MODE;4;26,34,40,45,49,50,59,67,71,78,83,88,90;78;1;DISCOVERY;100;900;120;7.100592;81;9.0;1.899408;1.2675;58;58.0
NEW_MODE;4;26,34,40,45,49,50,59,67,71,78,83,88,90;83;12;DISCOVERY;100;900;127;7.514793;76;8.444444;0.929652;1.12371;58;58.0
NEW_MODE;4;26,34,40,45,49,50,59,67,71,78,83,88,90;88;7;DISCOVERY;100;900;104;6.153846;66;7.333333;1.179487;1.191667;51;51.0
NEW_MODE;4;26,34,40,45,49,50,59,67,71,78,83,88,90;90;13;DISCOVERY;100;900;129;7.633136;77;8.555556;0.922419;1.120844;53;53.0
NEW_MODE;4;26,34,40,45,49,50,59,67,71,78,83,88,90;26;5;VALIDATION;34;306;28;4.964539;16;5.228758;0.264219;1.053221;13;38.235294
NEW_MODE;4;26,34,40,45,49,50,59,67,71,78,83,88,90;34;3;VALIDATION;34;306;33;5.851064;16;5.228758;-0.622306;0.893642;13;38.235294
NEW_MODE;4;26,34,40,45,49,50,59,67,71,78,83,88,90;40;9;VALIDATION;34;306;46;8.156028;26;8.496732;0.340704;1.041773;22;64.705882
NEW_MODE;4;26,34,40,45,49,50,59,67,71,78,83,88,90;45;4;VALIDATION;34;306;40;7.092199;24;7.843137;0.750939;1.105882;16;47.058824
NEW_MODE;4;26,34,40,45,49,50,59,67,71,78,83,88,90;49;8;VALIDATION;34;306;47;8.333333;20;6.535948;-1.797386;0.784314;15;44.117647
NEW_MODE;4;26,34,40,45,49,50,59,67,71,78,83,88,90;50;6;VALIDATION;34;306;27;4.787234;8;2.614379;-2.172855;0.546115;8;23.529412
NEW_MODE;4;26,34,40,45,49,50,59,67,71,78,83,88,90;59;2;VALIDATION;34;306;38;6.737589;23;7.51634;0.778751;1.115583;16;47.058824
NEW_MODE;4;26,34,40,45,49,50,59,67,71,78,83,88,90;67;11;VALIDATION;34;306;36;6.382979;20;6.535948;0.152969;1.023965;18;52.941176
NEW_MODE;4;26,34,40,45,49,50,59,67,71,78,83,88,90;71;10;VALIDATION;34;306;42;7.446809;27;8.823529;1.376721;1.184874;22;64.705882
NEW_MODE;4;26,34,40,45,49,50,59,67,71,78,83,88,90;78;1;VALIDATION;34;306;35;6.205674;15;4.901961;-1.303713;0.789916;13;38.235294
NEW_MODE;4;26,34,40,45,49,50,59,67,71,78,83,88,90;83;12;VALIDATION;34;306;34;6.028369;16;5.228758;-0.799611;0.867359;16;47.058824
NEW_MODE;4;26,34,40,45,49,50,59,67,71,78,83,88,90;88;7;VALIDATION;34;306;33;5.851064;9;2.941176;-2.909887;0.502674;8;23.529412
NEW_MODE;4;26,34,40,45,49,50,59,67,71,78,83,88,90;90;13;VALIDATION;34;306;29;5.141844;15;4.901961;-0.239883;0.953347;13;38.235294
NEW_MODE;4;26,34,40,45,49,50,59,67,71,78,83,88,90;26;5;TEST;40;360;31;5.496454;23;6.388889;0.892435;1.162366;18;45.0
NEW_MODE;4;26,34,40,45,49,50,59,67,71,78,83,88,90;34;3;TEST;40;360;42;7.446809;26;7.222222;-0.224586;0.969841;20;50.0
NEW_MODE;4;26,34,40,45,49,50,59,67,71,78,83,88,90;40;9;TEST;40;360;43;7.624113;24;6.666667;-0.957447;0.874419;20;50.0
NEW_MODE;4;26,34,40,45,49,50,59,67,71,78,83,88,90;45;4;TEST;40;360;41;7.269504;28;7.777778;0.508274;1.069919;24;60.0
NEW_MODE;4;26,34,40,45,49,50,59,67,71,78,83,88,90;49;8;TEST;40;360;42;7.446809;30;8.333333;0.886525;1.119048;25;62.5
NEW_MODE;4;26,34,40,45,49,50,59,67,71,78,83,88,90;50;6;TEST;40;360;27;4.787234;23;6.388889;1.601655;1.334568;18;45.0
NEW_MODE;4;26,34,40,45,49,50,59,67,71,78,83,88,90;59;2;TEST;40;360;40;7.092199;24;6.666667;-0.425532;0.94;20;50.0
NEW_MODE;4;26,34,40,45,49,50,59,67,71,78,83,88,90;67;11;TEST;40;360;28;4.964539;26;7.222222;2.257683;1.454762;21;52.5
NEW_MODE;4;26,34,40,45,49,50,59,67,71,78,83,88,90;71;10;TEST;40;360;38;6.737589;22;6.111111;-0.626478;0.907018;18;45.0
NEW_MODE;4;26,34,40,45,49,50,59,67,71,78,83,88,90;78;1;TEST;40;360;29;5.141844;16;4.444444;-0.6974;0.864368;16;40.0
NEW_MODE;4;26,34,40,45,49,50,59,67,71,78,83,88,90;83;12;TEST;40;360;47;8.333333;29;8.055556;-0.277778;0.966667;22;55.0
NEW_MODE;4;26,34,40,45,49,50,59,67,71,78,83,88,90;88;7;TEST;40;360;41;7.269504;23;6.388889;-0.880615;0.878862;16;40.0
NEW_MODE;4;26,34,40,45,49,50,59,67,71,78,83,88,90;90;13;TEST;40;360;35;6.205674;12;3.333333;-2.87234;0.537143;12;30.0
NEW_MODE;5;08,10,11,15,29,39,44,56,68,69,70,87,90;8;3;DISCOVERY;98;882;106;6.272189;68;7.709751;1.437561;1.229196;55;56.122449
NEW_MODE;5;08,10,11,15,29,39,44,56,68,69,70,87,90;10;13;DISCOVERY;98;882;109;6.449704;64;7.256236;0.806532;1.125049;51;52.040816
NEW_MODE;5;08,10,11,15,29,39,44,56,68,69,70,87,90;11;8;DISCOVERY;98;882;120;7.100592;72;8.163265;1.062674;1.14966;48;48.979592
NEW_MODE;5;08,10,11,15,29,39,44,56,68,69,70,87,90;15;12;DISCOVERY;98;882;118;6.982249;69;7.823129;0.840881;1.120431;54;55.102041
NEW_MODE;5;08,10,11,15,29,39,44,56,68,69,70,87,90;29;2;DISCOVERY;98;882;112;6.627219;73;8.276644;1.649425;1.248886;51;52.040816
NEW_MODE;5;08,10,11,15,29,39,44,56,68,69,70,87,90;39;9;DISCOVERY;98;882;115;6.804734;69;7.823129;1.018396;1.14966;53;54.081633
NEW_MODE;5;08,10,11,15,29,39,44,56,68,69,70,87,90;44;10;DISCOVERY;98;882;101;5.976331;61;6.9161;0.939768;1.157248;45;45.918367
NEW_MODE;5;08,10,11,15,29,39,44,56,68,69,70,87,90;56;11;DISCOVERY;98;882;123;7.278107;72;8.163265;0.885159;1.121619;51;52.040816
NEW_MODE;5;08,10,11,15,29,39,44,56,68,69,70,87,90;68;1;DISCOVERY;98;882;119;7.04142;77;8.730159;1.688739;1.239829;55;56.122449
NEW_MODE;5;08,10,11,15,29,39,44,56,68,69,70,87,90;69;7;DISCOVERY;98;882;115;6.804734;70;7.936508;1.131774;1.166322;53;54.081633
NEW_MODE;5;08,10,11,15,29,39,44,56,68,69,70,87,90;70;6;DISCOVERY;98;882;98;5.798817;62;7.029478;1.230662;1.212226;48;48.979592
NEW_MODE;5;08,10,11,15,29,39,44,56,68,69,70,87,90;87;4;DISCOVERY;98;882;112;6.627219;71;8.049887;1.422668;1.21467;58;59.183673
NEW_MODE;5;08,10,11,15,29,39,44,56,68,69,70,87,90;90;5;DISCOVERY;98;882;129;7.633136;79;8.956916;1.32378;1.173425;56;57.142857
NEW_MODE;5;08,10,11,15,29,39,44,56,68,69,70,87,90;8;3;VALIDATION;40;360;29;5.141844;14;3.888889;-1.252955;0.756322;13;32.5
NEW_MODE;5;08,10,11,15,29,39,44,56,68,69,70,87,90;10;13;VALIDATION;40;360;41;7.269504;22;6.111111;-1.158392;0.84065;19;47.5
NEW_MODE;5;08,10,11,15,29,39,44,56,68,69,70,87,90;11;8;VALIDATION;40;360;27;4.787234;20;5.555556;0.768322;1.160494;17;42.5
NEW_MODE;5;08,10,11,15,29,39,44,56,68,69,70,87,90;15;12;VALIDATION;40;360;44;7.801418;28;7.777778;-0.023641;0.99697;20;50.0
NEW_MODE;5;08,10,11,15,29,39,44,56,68,69,70,87,90;29;2;VALIDATION;40;360;30;5.319149;13;3.611111;-1.708038;0.678889;11;27.5
NEW_MODE;5;08,10,11,15,29,39,44,56,68,69,70,87,90;39;9;VALIDATION;40;360;47;8.333333;31;8.611111;0.277778;1.033333;23;57.5
NEW_MODE;5;08,10,11,15,29,39,44,56,68,69,70,87,90;44;10;VALIDATION;40;360;36;6.382979;20;5.555556;-0.827423;0.87037;16;40.0
NEW_MODE;5;08,10,11,15,29,39,44,56,68,69,70,87,90;56;11;VALIDATION;40;360;39;6.914894;25;6.944444;0.029551;1.004274;20;50.0
NEW_MODE;5;08,10,11,15,29,39,44,56,68,69,70,87,90;68;1;VALIDATION;40;360;47;8.333333;23;6.388889;-1.944444;0.766667;20;50.0
NEW_MODE;5;08,10,11,15,29,39,44,56,68,69,70,87,90;69;7;VALIDATION;40;360;37;6.560284;28;7.777778;1.217494;1.185586;24;60.0
NEW_MODE;5;08,10,11,15,29,39,44,56,68,69,70,87,90;70;6;VALIDATION;40;360;31;5.496454;16;4.444444;-1.052009;0.808602;16;40.0
NEW_MODE;5;08,10,11,15,29,39,44,56,68,69,70,87,90;87;4;VALIDATION;40;360;40;7.092199;17;4.722222;-2.369976;0.665833;14;35.0
NEW_MODE;5;08,10,11,15,29,39,44,56,68,69,70,87,90;90;5;VALIDATION;40;360;29;5.141844;17;4.722222;-0.419622;0.918391;14;35.0
NEW_MODE;5;08,10,11,15,29,39,44,56,68,69,70,87,90;8;3;TEST;41;369;42;7.446809;25;6.775068;-0.671741;0.909795;18;43.902439
NEW_MODE;5;08,10,11,15,29,39,44,56,68,69,70,87,90;10;13;TEST;41;369;40;7.092199;26;7.04607;-0.046128;0.993496;21;51.219512
NEW_MODE;5;08,10,11,15,29,39,44,56,68,69,70,87,90;11;8;TEST;41;369;42;7.446809;17;4.607046;-2.839762;0.61866;11;26.829268
NEW_MODE;5;08,10,11,15,29,39,44,56,68,69,70,87,90;15;12;TEST;41;369;29;5.141844;15;4.065041;-1.076803;0.79058;13;31.707317
NEW_MODE;5;08,10,11,15,29,39,44,56,68,69,70,87,90;29;2;TEST;41;369;36;6.382979;27;7.317073;0.934094;1.146341;20;48.780488
NEW_MODE;5;08,10,11,15,29,39,44,56,68,69,70,87,90;39;9;TEST;41;369;36;6.382979;17;4.607046;-1.775933;0.721771;17;41.463415
NEW_MODE;5;08,10,11,15,29,39,44,56,68,69,70,87,90;44;10;TEST;41;369;35;6.205674;29;7.859079;1.653405;1.266434;22;53.658537
NEW_MODE;5;08,10,11,15,29,39,44,56,68,69,70,87,90;56;11;TEST;41;369;36;6.382979;23;6.233062;-0.149916;0.976513;15;36.585366
NEW_MODE;5;08,10,11,15,29,39,44,56,68,69,70,87,90;68;1;TEST;41;369;42;7.446809;20;5.420054;-2.026754;0.727836;17;41.463415
NEW_MODE;5;08,10,11,15,29,39,44,56,68,69,70,87,90;69;7;TEST;41;369;36;6.382979;27;7.317073;0.934094;1.146341;21;51.219512
NEW_MODE;5;08,10,11,15,29,39,44,56,68,69,70,87,90;70;6;TEST;41;369;26;4.609929;15;4.065041;-0.544888;0.881801;12;29.268293
NEW_MODE;5;08,10,11,15,29,39,44,56,68,69,70,87,90;87;4;TEST;41;369;33;5.851064;22;5.96206;0.110996;1.01897;19;46.341463
NEW_MODE;5;08,10,11,15,29,39,44,56,68,69,70,87,90;90;5;TEST;41;369;35;6.205674;26;7.04607;0.840397;1.135424;21;51.219512
NEW_MODE;6;16,21,22,27,37,38,41,42,51,59,79,80,88;16;4;DISCOVERY;129;1161;117;6.923077;96;8.268734;1.345657;1.194373;68;52.713178
NEW_MODE;6;16,21,22,27,37,38,41,42,51,59,79,80,88;21;10;DISCOVERY;129;1161;122;7.218935;93;8.010336;0.791401;1.109629;69;53.488372
NEW_MODE;6;16,21,22,27,37,38,41,42,51,59,79,80,88;22;8;DISCOVERY;129;1161;110;6.508876;86;7.407407;0.898532;1.138047;67;51.937984
NEW_MODE;6;16,21,22,27,37,38,41,42,51,59,79,80,88;27;11;DISCOVERY;129;1161;99;5.857988;77;6.632214;0.774225;1.132166;63;48.837209
NEW_MODE;6;16,21,22,27,37,38,41,42,51,59,79,80,88;37;7;DISCOVERY;129;1161;109;6.449704;87;7.49354;1.043836;1.161842;68;52.713178
NEW_MODE;6;16,21,22,27,37,38,41,42,51,59,79,80,88;38;6;DISCOVERY;129;1161;120;7.100592;95;8.182601;1.082009;1.152383;75;58.139535
NEW_MODE;6;16,21,22,27,37,38,41,42,51,59,79,80,88;41;3;DISCOVERY;129;1161;119;7.04142;101;8.699397;1.657977;1.235461;73;56.589147
NEW_MODE;6;16,21,22,27,37,38,41,42,51,59,79,80,88;42;9;DISCOVERY;129;1161;104;6.153846;81;6.976744;0.822898;1.133721;58;44.96124
NEW_MODE;6;16,21,22,27,37,38,41,42,51,59,79,80,88;51;1;DISCOVERY;129;1161;120;7.100592;104;8.957795;1.857203;1.261556;70;54.263566
NEW_MODE;6;16,21,22,27,37,38,41,42,51,59,79,80,88;59;13;DISCOVERY;129;1161;107;6.331361;82;7.062877;0.731516;1.115538;58;44.96124
NEW_MODE;6;16,21,22,27,37,38,41,42,51,59,79,80,88;79;12;DISCOVERY;129;1161;130;7.692308;98;8.440999;0.748691;1.09733;76;58.914729
NEW_MODE;6;16,21,22,27,37,38,41,42,51,59,79,80,88;80;5;DISCOVERY;129;1161;110;6.508876;91;7.838071;1.329195;1.204213;67;51.937984
NEW_MODE;6;16,21,22,27,37,38,41,42,51,59,79,80,88;88;2;DISCOVERY;129;1161;104;6.153846;91;7.838071;1.684224;1.273686;70;54.263566
NEW_MODE;6;16,21,22,27,37,38,41,42,51,59,79,80,88;16;4;VALIDATION;47;423;31;5.496454;25;5.910165;0.413712;1.075269;22;46.808511
NEW_MODE;6;16,21,22,27,37,38,41,42,51,59,79,80,88;21;10;VALIDATION;47;423;40;7.092199;26;6.146572;-0.945626;0.866667;18;38.297872
NEW_MODE;6;16,21,22,27,37,38,41,42,51,59,79,80,88;22;8;VALIDATION;47;423;42;7.446809;31;7.328605;-0.118203;0.984127;26;55.319149
NEW_MODE;6;16,21,22,27,37,38,41,42,51,59,79,80,88;27;11;VALIDATION;47;423;37;6.560284;15;3.546099;-3.014184;0.540541;13;27.659574
NEW_MODE;6;16,21,22,27,37,38,41,42,51,59,79,80,88;37;7;VALIDATION;47;423;46;8.156028;36;8.510638;0.35461;1.043478;26;55.319149
NEW_MODE;6;16,21,22,27,37,38,41,42,51,59,79,80,88;38;6;VALIDATION;47;423;47;8.333333;40;9.456265;1.122931;1.134752;29;61.702128
NEW_MODE;6;16,21,22,27,37,38,41,42,51,59,79,80,88;41;3;VALIDATION;47;423;48;8.510638;35;8.274232;-0.236407;0.972222;27;57.446809
NEW_MODE;6;16,21,22,27,37,38,41,42,51,59,79,80,88;42;9;VALIDATION;47;423;45;7.978723;35;8.274232;0.295508;1.037037;27;57.446809
NEW_MODE;6;16,21,22,27,37,38,41,42,51,59,79,80,88;51;1;VALIDATION;47;423;35;6.205674;21;4.964539;-1.241135;0.8;15;31.914894
NEW_MODE;6;16,21,22,27,37,38,41,42,51,59,79,80,88;59;13;VALIDATION;47;423;38;6.737589;35;8.274232;1.536643;1.22807;25;53.191489
NEW_MODE;6;16,21,22,27,37,38,41,42,51,59,79,80,88;79;12;VALIDATION;47;423;35;6.205674;32;7.565012;1.359338;1.219048;29;61.702128
NEW_MODE;6;16,21,22,27,37,38,41,42,51,59,79,80,88;80;5;VALIDATION;47;423;42;7.446809;32;7.565012;0.118203;1.015873;20;42.553191
NEW_MODE;6;16,21,22,27,37,38,41,42,51,59,79,80,88;88;2;VALIDATION;47;423;33;5.851064;26;6.146572;0.295508;1.050505;20;42.553191
NEW_MODE;6;16,21,22,27,37,38,41,42,51,59,79,80,88;16;4;TEST;43;387;37;6.560284;25;6.459948;-0.100335;0.984706;21;48.837209
NEW_MODE;6;16,21,22,27,37,38,41,42,51,59,79,80,88;21;10;TEST;43;387;36;6.382979;30;7.751938;1.368959;1.21447;21;48.837209
NEW_MODE;6;16,21,22,27,37,38,41,42,51,59,79,80,88;22;8;TEST;43;387;34;6.028369;24;6.20155;0.173182;1.028728;21;48.837209
NEW_MODE;6;16,21,22,27,37,38,41,42,51,59,79,80,88;27;11;TEST;43;387;37;6.560284;30;7.751938;1.191654;1.181647;21;48.837209
NEW_MODE;6;16,21,22,27,37,38,41,42,51,59,79,80,88;37;7;TEST;43;387;28;4.964539;20;5.167959;0.20342;1.040975;15;34.883721
NEW_MODE;6;16,21,22,27,37,38,41,42,51,59,79,80,88;38;6;TEST;43;387;30;5.319149;18;4.651163;-0.667986;0.874419;15;34.883721
NEW_MODE;6;16,21,22,27,37,38,41,42,51,59,79,80,88;41;3;TEST;43;387;38;6.737589;32;8.268734;1.531145;1.227254;25;58.139535
NEW_MODE;6;16,21,22,27,37,38,41,42,51,59,79,80,88;42;9;TEST;43;387;45;7.978723;36;9.302326;1.323602;1.165891;24;55.813953
NEW_MODE;6;16,21,22,27,37,38,41,42,51,59,79,80,88;51;1;TEST;43;387;36;6.382979;21;5.426357;-0.956622;0.850129;18;41.860465
NEW_MODE;6;16,21,22,27,37,38,41,42,51,59,79,80,88;59;13;TEST;43;387;40;7.092199;28;7.235142;0.142944;1.020155;20;46.511628
NEW_MODE;6;16,21,22,27,37,38,41,42,51,59,79,80,88;79;12;TEST;43;387;46;8.156028;26;6.718346;-1.437682;0.823728;17;39.534884
NEW_MODE;6;16,21,22,27,37,38,41,42,51,59,79,80,88;80;5;TEST;43;387;46;8.156028;31;8.010336;-0.145692;0.982137;24;55.813953
NEW_MODE;6;16,21,22,27,37,38,41,42,51,59,79,80,88;88;2;TEST;43;387;41;7.269504;27;6.976744;-0.292759;0.959728;18;41.860465
NEW_MODE;7;04,20,21,36,44,46,48,56,58,71,81,83,90;4;8;DISCOVERY;95;855;100;5.91716;60;7.017544;1.100384;1.185965;45;47.368421
NEW_MODE;7;04,20,21,36,44,46,48,56,58,71,81,83,90;20;9;DISCOVERY;95;855;112;6.627219;66;7.719298;1.092079;1.164787;48;50.526316
NEW_MODE;7;04,20,21,36,44,46,48,56,58,71,81,83,90;21;10;DISCOVERY;95;855;122;7.218935;71;8.304094;1.085159;1.150321;49;51.578947
NEW_MODE;7;04,20,21,36,44,46,48,56,58,71,81,83,90;36;5;DISCOVERY;95;855;98;5.798817;62;7.251462;1.452645;1.250507;46;48.421053
NEW_MODE;7;04,20,21,36,44,46,48,56,58,71,81,83,90;44;1;DISCOVERY;95;855;101;5.976331;75;8.77193;2.795598;1.467778;55;57.894737
NEW_MODE;7;04,20,21,36,44,46,48,56,58,71,81,83,90;46;3;DISCOVERY;95;855;110;6.508876;72;8.421053;1.912177;1.29378;53;55.789474
NEW_MODE;7;04,20,21,36,44,46,48,56,58,71,81,83,90;48;12;DISCOVERY;95;855;121;7.159763;68;7.953216;0.793453;1.110821;49;51.578947
NEW_MODE;7;04,20,21,36,44,46,48,56,58,71,81,83,90;56;11;DISCOVERY;95;855;123;7.278107;70;8.187135;0.909028;1.124899;53;55.789474
NEW_MODE;7;04,20,21,36,44,46,48,56,58,71,81,83,90;58;4;DISCOVERY;95;855;110;6.508876;71;8.304094;1.795218;1.275811;51;53.684211
NEW_MODE;7;04,20,21,36,44,46,48,56,58,71,81,83,90;71;2;DISCOVERY;95;855;100;5.91716;68;7.953216;2.036057;1.344094;49;51.578947
NEW_MODE;7;04,20,21,36,44,46,48,56,58,71,81,83,90;81;6;DISCOVERY;95;855;114;6.745562;70;8.187135;1.441572;1.213707;53;55.789474
NEW_MODE;7;04,20,21,36,44,46,48,56,58,71,81,83,90;83;13;DISCOVERY;95;855;127;7.514793;71;8.304094;0.789301;1.105033;53;55.789474
NEW_MODE;7;04,20,21,36,44,46,48,56,58,71,81,83,90;90;7;DISCOVERY;95;855;129;7.633136;77;9.005848;1.372712;1.179836;55;57.894737
NEW_MODE;7;04,20,21,36,44,46,48,56,58,71,81,83,90;4;8;VALIDATION;39;351;34;6.028369;15;4.273504;-1.754865;0.708899;13;33.333333
NEW_MODE;7;04,20,21,36,44,46,48,56,58,71,81,83,90;20;9;VALIDATION;39;351;37;6.560284;23;6.552707;-0.007577;0.998845;19;48.717949
NEW_MODE;7;04,20,21,36,44,46,48,56,58,71,81,83,90;21;10;VALIDATION;39;351;40;7.092199;25;7.122507;0.030309;1.004274;21;53.846154
NEW_MODE;7;04,20,21,36,44,46,48,56,58,71,81,83,90;36;5;VALIDATION;39;351;26;4.609929;13;3.703704;-0.906225;0.803419;11;28.205128
NEW_MODE;7;04,20,21,36,44,46,48,56,58,71,81,83,90;44;1;VALIDATION;39;351;36;6.382979;24;6.837607;0.454628;1.071225;19;48.717949
NEW_MODE;7;04,20,21,36,44,46,48,56,58,71,81,83,90;46;3;VALIDATION;39;351;36;6.382979;33;9.401709;3.018731;1.472934;26;66.666667
NEW_MODE;7;04,20,21,36,44,46,48,56,58,71,81,83,90;48;12;VALIDATION;39;351;40;7.092199;27;7.692308;0.600109;1.084615;18;46.153846
NEW_MODE;7;04,20,21,36,44,46,48,56,58,71,81,83,90;56;11;VALIDATION;39;351;39;6.914894;28;7.977208;1.062314;1.153627;23;58.974359
NEW_MODE;7;04,20,21,36,44,46,48,56,58,71,81,83,90;58;4;VALIDATION;39;351;43;7.624113;28;7.977208;0.353095;1.046313;19;48.717949
NEW_MODE;7;04,20,21,36,44,46,48,56,58,71,81,83,90;71;2;VALIDATION;39;351;42;7.446809;28;7.977208;0.530399;1.071225;24;61.538462
NEW_MODE;7;04,20,21,36,44,46,48,56,58,71,81,83,90;81;6;VALIDATION;39;351;42;7.446809;28;7.977208;0.530399;1.071225;21;53.846154
NEW_MODE;7;04,20,21,36,44,46,48,56,58,71,81,83,90;83;13;VALIDATION;39;351;34;6.028369;22;6.267806;0.239437;1.039718;18;46.153846
NEW_MODE;7;04,20,21,36,44,46,48,56,58,71,81,83,90;90;7;VALIDATION;39;351;29;5.141844;15;4.273504;-0.86834;0.831123;12;30.769231
NEW_MODE;7;04,20,21,36,44,46,48,56,58,71,81,83,90;4;8;TEST;39;351;40;7.092199;22;6.267806;-0.824392;0.883761;19;48.717949
NEW_MODE;7;04,20,21,36,44,46,48,56,58,71,81,83,90;20;9;TEST;39;351;42;7.446809;24;6.837607;-0.609202;0.918193;18;46.153846
NEW_MODE;7;04,20,21,36,44,46,48,56,58,71,81,83,90;21;10;TEST;39;351;36;6.382979;24;6.837607;0.454628;1.071225;18;46.153846
NEW_MODE;7;04,20,21,36,44,46,48,56,58,71,81,83,90;36;5;TEST;39;351;34;6.028369;22;6.267806;0.239437;1.039718;15;38.461538
NEW_MODE;7;04,20,21,36,44,46,48,56,58,71,81,83,90;44;1;TEST;39;351;35;6.205674;12;3.418803;-2.78687;0.550916;11;28.205128
NEW_MODE;7;04,20,21,36,44,46,48,56,58,71,81,83,90;46;3;TEST;39;351;36;6.382979;23;6.552707;0.169728;1.026591;20;51.282051
NEW_MODE;7;04,20,21,36,44,46,48,56,58,71,81,83,90;48;12;TEST;39;351;31;5.496454;14;3.988604;-1.50785;0.725669;12;30.769231
NEW_MODE;7;04,20,21,36,44,46,48,56,58,71,81,83,90;56;11;TEST;39;351;36;6.382979;20;5.698006;-0.684973;0.892688;14;35.897436
NEW_MODE;7;04,20,21,36,44,46,48,56,58,71,81,83,90;58;4;TEST;39;351;42;7.446809;22;6.267806;-1.179002;0.841677;16;41.025641
NEW_MODE;7;04,20,21,36,44,46,48,56,58,71,81,83,90;71;2;TEST;39;351;38;6.737589;27;7.692308;0.954719;1.1417;21;53.846154
NEW_MODE;7;04,20,21,36,44,46,48,56,58,71,81,83,90;81;6;TEST;39;351;38;6.737589;25;7.122507;0.384918;1.05713;22;56.410256
NEW_MODE;7;04,20,21,36,44,46,48,56,58,71,81,83,90;83;13;TEST;39;351;47;8.333333;26;7.407407;-0.925926;0.888889;20;51.282051
NEW_MODE;7;04,20,21,36,44,46,48,56,58,71,81,83,90;90;7;TEST;39;351;35;6.205674;23;6.552707;0.347033;1.055922;21;53.846154
NEW_MODE;8;01,03,04,25,29,38,40,45,56,58,72,75,80;1;8;DISCOVERY;106;954;112;6.627219;71;7.442348;0.815129;1.122997;57;53.773585
NEW_MODE;8;01,03,04,25,29,38,40,45,56,58,72,75,80;3;4;DISCOVERY;106;954;93;5.502959;63;6.603774;1.100815;1.200041;47;44.339623
NEW_MODE;8;01,03,04,25,29,38,40,45,56,58,72,75,80;4;11;DISCOVERY;106;954;100;5.91716;64;6.708595;0.791436;1.133753;51;48.113208
NEW_MODE;8;01,03,04,25,29,38,40,45,56,58,72,75,80;25;5;DISCOVERY;106;954;117;6.923077;75;7.861635;0.938558;1.13557;58;54.716981
NEW_MODE;8;01,03,04,25,29,38,40,45,56,58,72,75,80;29;2;DISCOVERY;106;954;112;6.627219;79;8.280922;1.653703;1.249532;60;56.603774
NEW_MODE;8;01,03,04,25,29,38,40,45,56,58,72,75,80;38;13;DISCOVERY;106;954;120;7.100592;75;7.861635;0.761044;1.10718;59;55.660377
NEW_MODE;8;01,03,04,25,29,38,40,45,56,58,72,75,80;40;3;DISCOVERY;106;954;101;5.976331;69;7.232704;1.256373;1.210225;51;48.113208
NEW_MODE;8;01,03,04,25,29,38,40,45,56,58,72,75,80;45;7;DISCOVERY;106;954;133;7.869822;83;8.70021;0.830387;1.105515;63;59.433962
NEW_MODE;8;01,03,04,25,29,38,40,45,56,58,72,75,80;56;10;DISCOVERY;106;954;123;7.278107;77;8.071279;0.793172;1.108981;56;52.830189
NEW_MODE;8;01,03,04,25,29,38,40,45,56,58,72,75,80;58;6;DISCOVERY;106;954;110;6.508876;71;7.442348;0.933472;1.143415;56;52.830189
NEW_MODE;8;01,03,04,25,29,38,40,45,56,58,72,75,80;72;12;DISCOVERY;106;954;109;6.449704;69;7.232704;0.783;1.121401;54;50.943396
NEW_MODE;8;01,03,04,25,29,38,40,45,56,58,72,75,80;75;9;DISCOVERY;106;954;128;7.573964;80;8.385744;0.81178;1.10718;54;50.943396
NEW_MODE;8;01,03,04,25,29,38,40,45,56,58,72,75,80;80;1;DISCOVERY;106;954;110;6.508876;83;8.70021;2.191334;1.336669;56;52.830189
NEW_MODE;8;01,03,04,25,29,38,40,45,56,58,72,75,80;1;8;VALIDATION;29;261;34;6.028369;16;6.130268;0.101899;1.016903;12;41.37931
NEW_MODE;8;01,03,04,25,29,38,40,45,56,58,72,75,80;3;4;VALIDATION;29;261;35;6.205674;10;3.831418;-2.374256;0.617406;9;31.034483
NEW_MODE;8;01,03,04,25,29,38,40,45,56,58,72,75,80;4;11;VALIDATION;29;261;34;6.028369;14;5.363985;-0.664384;0.88979;10;34.482759
NEW_MODE;8;01,03,04,25,29,38,40,45,56,58,72,75,80;25;5;VALIDATION;29;261;46;8.156028;23;8.812261;0.656232;1.08046;14;48.275862
NEW_MODE;8;01,03,04,25,29,38,40,45,56,58,72,75,80;29;2;VALIDATION;29;261;30;5.319149;15;5.747126;0.427978;1.08046;12;41.37931
NEW_MODE;8;01,03,04,25,29,38,40,45,56,58,72,75,80;38;13;VALIDATION;29;261;47;8.333333;22;8.429119;0.095785;1.011494;16;55.172414
NEW_MODE;8;01,03,04,25,29,38,40,45,56,58,72,75,80;40;3;VALIDATION;29;261;46;8.156028;20;7.662835;-0.493193;0.93953;16;55.172414
NEW_MODE;8;01,03,04,25,29,38,40,45,56,58,72,75,80;45;7;VALIDATION;29;261;40;7.092199;14;5.363985;-1.728214;0.756322;12;41.37931
NEW_MODE;8;01,03,04,25,29,38,40,45,56,58,72,75,80;56;10;VALIDATION;29;261;39;6.914894;22;8.429119;1.514225;1.21898;16;55.172414
NEW_MODE;8;01,03,04,25,29,38,40,45,56,58,72,75,80;58;6;VALIDATION;29;261;43;7.624113;19;7.279693;-0.34442;0.954825;17;58.62069
NEW_MODE;8;01,03,04,25,29,38,40,45,56,58,72,75,80;72;12;VALIDATION;29;261;39;6.914894;21;8.045977;1.131083;1.163572;16;55.172414
NEW_MODE;8;01,03,04,25,29,38,40,45,56,58,72,75,80;75;9;VALIDATION;29;261;33;5.851064;13;4.980843;-0.870221;0.851271;13;44.827586
NEW_MODE;8;01,03,04,25,29,38,40,45,56,58,72,75,80;80;1;VALIDATION;29;261;42;7.446809;15;5.747126;-1.699682;0.771757;11;37.931034
NEW_MODE;8;01,03,04,25,29,38,40,45,56,58,72,75,80;1;8;TEST;41;369;40;7.092199;29;7.859079;0.76688;1.10813;20;48.780488
NEW_MODE;8;01,03,04,25,29,38,40,45,56,58,72,75,80;3;4;TEST;41;369;35;6.205674;19;5.149051;-1.056622;0.829733;15;36.585366
NEW_MODE;8;01,03,04,25,29,38,40,45,56,58,72,75,80;4;11;TEST;41;369;40;7.092199;17;4.607046;-2.485153;0.649593;13;31.707317
NEW_MODE;8;01,03,04,25,29,38,40,45,56,58,72,75,80;25;5;TEST;41;369;35;6.205674;19;5.149051;-1.056622;0.829733;15;36.585366
NEW_MODE;8;01,03,04,25,29,38,40,45,56,58,72,75,80;29;2;TEST;41;369;36;6.382979;19;5.149051;-1.233927;0.806685;16;39.02439
NEW_MODE;8;01,03,04,25,29,38,40,45,56,58,72,75,80;38;13;TEST;41;369;30;5.319149;20;5.420054;0.100905;1.01897;15;36.585366
NEW_MODE;8;01,03,04,25,29,38,40,45,56,58,72,75,80;40;3;TEST;41;369;43;7.624113;35;9.485095;1.860981;1.244092;26;63.414634
NEW_MODE;8;01,03,04,25,29,38,40,45,56,58,72,75,80;45;7;TEST;41;369;41;7.269504;32;8.672087;1.402583;1.192941;24;58.536585
NEW_MODE;8;01,03,04,25,29,38,40,45,56,58,72,75,80;56;10;TEST;41;369;36;6.382979;27;7.317073;0.934094;1.146341;21;51.219512
NEW_MODE;8;01,03,04,25,29,38,40,45,56,58,72,75,80;58;6;TEST;41;369;42;7.446809;26;7.04607;-0.400738;0.946187;23;56.097561
NEW_MODE;8;01,03,04,25,29,38,40,45,56,58,72,75,80;72;12;TEST;41;369;40;7.092199;22;5.96206;-1.130139;0.84065;20;48.780488
NEW_MODE;8;01,03,04,25,29,38,40,45,56,58,72,75,80;75;9;TEST;41;369;37;6.560284;24;6.504065;-0.056219;0.99143;19;46.341463
NEW_MODE;8;01,03,04,25,29,38,40,45,56,58,72,75,80;80;1;TEST;41;369;46;8.156028;38;10.298103;2.142075;1.262637;29;70.731707
NEW_MODE;9;11,13,14,17,37,44,45,51,52,63,64,77,84;11;1;DISCOVERY;120;1080;120;7.100592;98;9.074074;1.973482;1.277932;68;56.666667
NEW_MODE;9;11,13,14,17,37,44,45,51,52,63,64,77,84;13;7;DISCOVERY;120;1080;97;5.739645;72;6.666667;0.927022;1.161512;53;44.166667
NEW_MODE;9;11,13,14,17,37,44,45,51,52,63,64,77,84;14;5;DISCOVERY;120;1080;99;5.857988;74;6.851852;0.993864;1.16966;60;50.0
NEW_MODE;9;11,13,14,17,37,44,45,51,52,63,64,77,84;17;9;DISCOVERY;120;1080;118;6.982249;85;7.87037;0.888122;1.127197;61;50.833333
NEW_MODE;9;11,13,14,17,37,44,45,51,52,63,64,77,84;37;6;DISCOVERY;120;1080;109;6.449704;80;7.407407;0.957703;1.148488;59;49.166667
NEW_MODE;9;11,13,14,17,37,44,45,51,52,63,64,77,84;44;4;DISCOVERY;120;1080;101;5.976331;78;7.222222;1.245891;1.208471;57;47.5
NEW_MODE;9;11,13,14,17,37,44,45,51,52,63,64,77,84;45;2;DISCOVERY;120;1080;133;7.869822;105;9.722222;1.8524;1.23538;71;59.166667
NEW_MODE;9;11,13,14,17,37,44,45,51,52,63,64,77,84;51;12;DISCOVERY;120;1080;120;7.100592;85;7.87037;0.769779;1.10841;63;52.5
NEW_MODE;9;11,13,14,17,37,44,45,51,52,63,64,77,84;52;3;DISCOVERY;120;1080;131;7.751479;100;9.259259;1.50778;1.194515;71;59.166667
NEW_MODE;9;11,13,14,17,37,44,45,51,52,63,64,77,84;63;10;DISCOVERY;120;1080;109;6.449704;79;7.314815;0.865111;1.134132;60;50.0
NEW_MODE;9;11,13,14,17,37,44,45,51,52,63,64,77,84;64;13;DISCOVERY;120;1080;97;5.739645;70;6.481481;0.741837;1.129248;61;50.833333
NEW_MODE;9;11,13,14,17,37,44,45,51,52,63,64,77,84;77;8;DISCOVERY;120;1080;127;7.514793;91;8.425926;0.911133;1.121245;75;62.5
NEW_MODE;9;11,13,14,17,37,44,45,51,52,63,64,77,84;84;11;DISCOVERY;120;1080;114;6.745562;82;7.592593;0.84703;1.125569;66;55.0
NEW_MODE;9;11,13,14,17,37,44,45,51,52,63,64,77,84;11;1;VALIDATION;48;432;27;4.787234;19;4.398148;-0.389086;0.918724;16;33.333333
NEW_MODE;9;11,13,14,17,37,44,45,51,52,63,64,77,84;13;7;VALIDATION;48;432;32;5.673759;26;6.018519;0.34476;1.060764;23;47.916667
NEW_MODE;9;11,13,14,17,37,44,45,51,52,63,64,77,84;14;5;VALIDATION;48;432;36;6.382979;32;7.407407;1.024429;1.160494;28;58.333333
NEW_MODE;9;11,13,14,17,37,44,45,51,52,63,64,77,84;17;9;VALIDATION;48;432;32;5.673759;26;6.018519;0.34476;1.060764;21;43.75
NEW_MODE;9;11,13,14,17,37,44,45,51,52,63,64,77,84;37;6;VALIDATION;48;432;46;8.156028;32;7.407407;-0.748621;0.908213;24;50.0
NEW_MODE;9;11,13,14,17,37,44,45,51,52,63,64,77,84;44;4;VALIDATION;48;432;36;6.382979;30;6.944444;0.561466;1.087963;19;39.583333
NEW_MODE;9;11,13,14,17,37,44,45,51,52,63,64,77,84;45;2;VALIDATION;48;432;40;7.092199;28;6.481481;-0.610717;0.913889;21;43.75
NEW_MODE;9;11,13,14,17,37,44,45,51,52,63,64,77,84;51;12;VALIDATION;48;432;35;6.205674;27;6.25;0.044326;1.007143;23;47.916667
NEW_MODE;9;11,13,14,17,37,44,45,51,52,63,64,77,84;52;3;VALIDATION;48;432;47;8.333333;37;8.564815;0.231481;1.027778;27;56.25
NEW_MODE;9;11,13,14,17,37,44,45,51,52,63,64,77,84;63;10;VALIDATION;48;432;34;6.028369;23;5.324074;-0.704295;0.88317;20;41.666667
NEW_MODE;9;11,13,14,17,37,44,45,51,52,63,64,77,84;64;13;VALIDATION;48;432;39;6.914894;26;6.018519;-0.896375;0.87037;23;47.916667
NEW_MODE;9;11,13,14,17,37,44,45,51,52,63,64,77,84;77;8;VALIDATION;48;432;40;7.092199;34;7.87037;0.778172;1.109722;23;47.916667
NEW_MODE;9;11,13,14,17,37,44,45,51,52,63,64,77,84;84;11;VALIDATION;48;432;32;5.673759;28;6.481481;0.807723;1.142361;22;45.833333
NEW_MODE;9;11,13,14,17,37,44,45,51,52,63,64,77,84;11;1;TEST;34;306;42;7.446809;21;6.862745;-0.584063;0.921569;15;44.117647
NEW_MODE;9;11,13,14,17,37,44,45,51,52,63,64,77,84;13;7;TEST;34;306;41;7.269504;23;7.51634;0.246836;1.033955;16;47.058824
NEW_MODE;9;11,13,14,17,37,44,45,51,52,63,64,77,84;14;5;TEST;34;306;39;6.914894;22;7.189542;0.274649;1.039718;20;58.823529
NEW_MODE;9;11,13,14,17,37,44,45,51,52,63,64,77,84;17;9;TEST;34;306;37;6.560284;18;5.882353;-0.677931;0.896661;13;38.235294
NEW_MODE;9;11,13,14,17,37,44,45,51,52,63,64,77,84;37;6;TEST;34;306;28;4.964539;11;3.594771;-1.369768;0.72409;10;29.411765
NEW_MODE;9;11,13,14,17,37,44,45,51,52,63,64,77,84;44;4;TEST;34;306;35;6.205674;21;6.862745;0.657071;1.105882;17;50.0
NEW_MODE;9;11,13,14,17,37,44,45,51,52,63,64,77,84;45;2;TEST;34;306;41;7.269504;23;7.51634;0.246836;1.033955;20;58.823529
NEW_MODE;9;11,13,14,17,37,44,45,51,52,63,64,77,84;51;12;TEST;34;306;36;6.382979;24;7.843137;1.460159;1.228758;18;52.941176
NEW_MODE;9;11,13,14,17,37,44,45,51,52,63,64,77,84;52;3;TEST;34;306;38;6.737589;16;5.228758;-1.50883;0.776058;12;35.294118
NEW_MODE;9;11,13,14,17,37,44,45,51,52,63,64,77,84;63;10;TEST;34;306;47;8.333333;23;7.51634;-0.816993;0.901961;18;52.941176
NEW_MODE;9;11,13,14,17,37,44,45,51,52,63,64,77,84;64;13;TEST;34;306;35;6.205674;18;5.882353;-0.323321;0.947899;12;35.294118
NEW_MODE;9;11,13,14,17,37,44,45,51,52,63,64,77,84;77;8;TEST;34;306;30;5.319149;19;6.20915;0.890001;1.16732;15;44.117647
NEW_MODE;9;11,13,14,17,37,44,45,51,52,63,64,77,84;84;11;TEST;34;306;35;6.205674;21;6.862745;0.657071;1.105882;17;50.0
NEW_MODE;10;12,19,32,37,39,55,56,66,71,74,77,82,87;12;8;DISCOVERY;108;972;115;6.804734;76;7.81893;1.014196;1.149043;61;56.481481
NEW_MODE;10;12,19,32,37,39,55,56,66,71,74,77,82,87;19;5;DISCOVERY;108;972;125;7.39645;83;8.539095;1.142645;1.154486;63;58.333333
NEW_MODE;10;12,19,32,37,39,55,56,66,71,74,77,82,87;32;9;DISCOVERY;108;972;131;7.751479;85;8.744856;0.993377;1.128153;60;55.555556
NEW_MODE;10;12,19,32,37,39,55,56,66,71,74,77,82,87;37;11;DISCOVERY;108;972;109;6.449704;72;7.407407;0.957703;1.148488;51;47.222222
NEW_MODE;10;12,19,32,37,39,55,56,66,71,74,77,82,87;39;2;DISCOVERY;108;972;115;6.804734;81;8.333333;1.5286;1.224638;56;51.851852
NEW_MODE;10;12,19,32,37,39,55,56,66,71,74,77,82,87;55;12;DISCOVERY;108;972;122;7.218935;78;8.024691;0.805756;1.111617;57;52.777778
NEW_MODE;10;12,19,32,37,39,55,56,66,71,74,77,82,87;56;1;DISCOVERY;108;972;123;7.278107;90;9.259259;1.981153;1.272207;62;57.407407
NEW_MODE;10;12,19,32,37,39,55,56,66,71,74,77,82,87;66;4;DISCOVERY;108;972;116;6.863905;79;8.127572;1.263667;1.184103;60;55.555556
NEW_MODE;10;12,19,32,37,39,55,56,66,71,74,77,82,87;71;3;DISCOVERY;108;972;100;5.91716;70;7.201646;1.284486;1.217078;59;54.62963
NEW_MODE;10;12,19,32,37,39,55,56,66,71,74,77,82,87;74;13;DISCOVERY;108;972;122;7.218935;78;8.024691;0.805756;1.111617;57;52.777778
NEW_MODE;10;12,19,32,37,39,55,56,66,71,74,77,82,87;77;7;DISCOVERY;108;972;127;7.514793;83;8.539095;1.024302;1.136305;66;61.111111
NEW_MODE;10;12,19,32,37,39,55,56,66,71,74,77,82,87;82;6;DISCOVERY;108;972;125;7.39645;83;8.539095;1.142645;1.154486;58;53.703704
NEW_MODE;10;12,19,32,37,39,55,56,66,71,74,77,82,87;87;10;DISCOVERY;108;972;112;6.627219;74;7.613169;0.98595;1.148773;56;51.851852
NEW_MODE;10;12,19,32,37,39,55,56,66,71,74,77,82,87;12;8;VALIDATION;39;351;28;4.964539;14;3.988604;-0.975935;0.803419;13;33.333333
NEW_MODE;10;12,19,32,37,39,55,56,66,71,74,77,82,87;19;5;VALIDATION;39;351;41;7.269504;29;8.262108;0.992605;1.136544;21;53.846154
NEW_MODE;10;12,19,32,37,39,55,56,66,71,74,77,82,87;32;9;VALIDATION;39;351;38;6.737589;16;4.558405;-2.179184;0.676563;15;38.461538
NEW_MODE;10;12,19,32,37,39,55,56,66,71,74,77,82,87;37;11;VALIDATION;39;351;46;8.156028;30;8.547009;0.39098;1.047938;23;58.974359
NEW_MODE;10;12,19,32,37,39,55,56,66,71,74,77,82,87;39;2;VALIDATION;39;351;47;8.333333;27;7.692308;-0.641026;0.923077;21;53.846154
NEW_MODE;10;12,19,32,37,39,55,56,66,71,74,77,82,87;55;12;VALIDATION;39;351;41;7.269504;28;7.977208;0.707704;1.097353;22;56.410256
NEW_MODE;10;12,19,32,37,39,55,56,66,71,74,77,82,87;56;1;VALIDATION;39;351;39;6.914894;26;7.407407;0.492514;1.071225;23;58.974359
NEW_MODE;10;12,19,32,37,39,55,56,66,71,74,77,82,87;66;4;VALIDATION;39;351;44;7.801418;27;7.692308;-0.109111;0.986014;22;56.410256
NEW_MODE;10;12,19,32,37,39,55,56,66,71,74,77,82,87;71;3;VALIDATION;39;351;42;7.446809;26;7.407407;-0.039401;0.994709;23;58.974359
NEW_MODE;10;12,19,32,37,39,55,56,66,71,74,77,82,87;74;13;VALIDATION;39;351;34;6.028369;22;6.267806;0.239437;1.039718;19;48.717949
NEW_MODE;10;12,19,32,37,39,55,56,66,71,74,77,82,87;77;7;VALIDATION;39;351;40;7.092199;27;7.692308;0.600109;1.084615;17;43.589744
NEW_MODE;10;12,19,32,37,39,55,56,66,71,74,77,82,87;82;6;VALIDATION;39;351;31;5.496454;27;7.692308;2.195854;1.399504;20;51.282051
NEW_MODE;10;12,19,32,37,39,55,56,66,71,74,77,82,87;87;10;VALIDATION;39;351;40;7.092199;23;6.552707;-0.539492;0.923932;20;51.282051
NEW_MODE;10;12,19,32,37,39,55,56,66,71,74,77,82,87;12;8;TEST;39;351;25;4.432624;12;3.418803;-1.013821;0.771282;11;28.205128
NEW_MODE;10;12,19,32,37,39,55,56,66,71,74,77,82,87;19;5;TEST;39;351;38;6.737589;25;7.122507;0.384918;1.05713;19;48.717949
NEW_MODE;10;12,19,32,37,39,55,56,66,71,74,77,82,87;32;9;TEST;39;351;29;5.141844;12;3.418803;-1.723041;0.664898;12;30.769231
NEW_MODE;10;12,19,32,37,39,55,56,66,71,74,77,82,87;37;11;TEST;39;351;28;4.964539;20;5.698006;0.733467;1.147741;17;43.589744
NEW_MODE;10;12,19,32,37,39,55,56,66,71,74,77,82,87;39;2;TEST;39;351;36;6.382979;21;5.982906;-0.400073;0.937322;19;48.717949
NEW_MODE;10;12,19,32,37,39,55,56,66,71,74,77,82,87;55;12;TEST;39;351;39;6.914894;27;7.692308;0.777414;1.112426;20;51.282051
NEW_MODE;10;12,19,32,37,39,55,56,66,71,74,77,82,87;56;1;TEST;39;351;36;6.382979;27;7.692308;1.309329;1.205128;18;46.153846
NEW_MODE;10;12,19,32,37,39,55,56,66,71,74,77,82,87;66;4;TEST;39;351;35;6.205674;20;5.698006;-0.507668;0.918193;14;35.897436
NEW_MODE;10;12,19,32,37,39,55,56,66,71,74,77,82,87;71;3;TEST;39;351;38;6.737589;25;7.122507;0.384918;1.05713;17;43.589744
NEW_MODE;10;12,19,32,37,39,55,56,66,71,74,77,82,87;74;13;TEST;39;351;37;6.560284;24;6.837607;0.277323;1.042273;18;46.153846
NEW_MODE;10;12,19,32,37,39,55,56,66,71,74,77,82,87;77;7;TEST;39;351;30;5.319149;24;6.837607;1.518458;1.28547;17;43.589744
NEW_MODE;10;12,19,32,37,39,55,56,66,71,74,77,82,87;82;6;TEST;39;351;36;6.382979;27;7.692308;1.309329;1.205128;23;58.974359
NEW_MODE;10;12,19,32,37,39,55,56,66,71,74,77,82,87;87;10;TEST;39;351;33;5.851064;18;5.128205;-0.722859;0.876457;17;43.589744
NEW_MODE;11;07,08,19,22,27,40,44,45,51,59,63,78,86;7;11;DISCOVERY;120;1080;96;5.680473;71;6.574074;0.893601;1.157311;58;48.333333
NEW_MODE;11;07,08,19,22,27,40,44,45,51,59,63,78,86;8;13;DISCOVERY;120;1080;106;6.272189;77;7.12963;0.85744;1.136705;54;45.0
NEW_MODE;11;07,08,19,22,27,40,44,45,51,59,63,78,86;19;1;DISCOVERY;120;1080;125;7.39645;100;9.259259;1.86281;1.251852;73;60.833333
NEW_MODE;11;07,08,19,22,27,40,44,45,51,59,63,78,86;22;6;DISCOVERY;120;1080;110;6.508876;87;8.055556;1.54668;1.237626;68;56.666667
NEW_MODE;11;07,08,19,22,27,40,44,45,51,59,63,78,86;27;5;DISCOVERY;120;1080;99;5.857988;80;7.407407;1.549419;1.264497;59;49.166667
NEW_MODE;11;07,08,19,22,27,40,44,45,51,59,63,78,86;40;9;DISCOVERY;120;1080;101;5.976331;75;6.944444;0.968113;1.161991;59;49.166667
NEW_MODE;11;07,08,19,22,27,40,44,45,51,59,63,78,86;44;3;DISCOVERY;120;1080;101;5.976331;84;7.777778;1.801446;1.30143;62;51.666667
NEW_MODE;11;07,08,19,22,27,40,44,45,51,59,63,78,86;45;2;DISCOVERY;120;1080;133;7.869822;105;9.722222;1.8524;1.23538;77;64.166667
NEW_MODE;11;07,08,19,22,27,40,44,45,51,59,63,78,86;51;7;DISCOVERY;120;1080;120;7.100592;88;8.148148;1.047556;1.147531;59;49.166667
NEW_MODE;11;07,08,19,22,27,40,44,45,51,59,63,78,86;59;8;DISCOVERY;120;1080;107;6.331361;79;7.314815;0.983454;1.155331;49;40.833333
NEW_MODE;11;07,08,19,22,27,40,44,45,51,59,63,78,86;63;10;DISCOVERY;120;1080;109;6.449704;80;7.407407;0.957703;1.148488;61;50.833333
NEW_MODE;11;07,08,19,22,27,40,44,45,51,59,63,78,86;78;12;DISCOVERY;120;1080;120;7.100592;86;7.962963;0.862371;1.121451;65;54.166667
NEW_MODE;11;07,08,19,22,27,40,44,45,51,59,63,78,86;86;4;DISCOVERY;120;1080;125;7.39645;99;9.166667;1.770217;1.239333;70;58.333333
NEW_MODE;11;07,08,19,22,27,40,44,45,51,59,63,78,86;7;11;VALIDATION;27;243;40;7.092199;20;8.230453;1.138254;1.160494;14;51.851852
NEW_MODE;11;07,08,19,22,27,40,44,45,51,59,63,78,86;8;13;VALIDATION;27;243;29;5.141844;10;4.115226;-1.026618;0.800341;10;37.037037
NEW_MODE;11;07,08,19,22,27,40,44,45,51,59,63,78,86;19;1;VALIDATION;27;243;41;7.269504;17;6.995885;-0.273619;0.962361;11;40.740741
NEW_MODE;11;07,08,19,22,27,40,44,45,51,59,63,78,86;22;6;VALIDATION;27;243;42;7.446809;22;9.053498;1.606689;1.215755;16;59.259259
NEW_MODE;11;07,08,19,22,27,40,44,45,51,59,63,78,86;27;5;VALIDATION;27;243;37;6.560284;19;7.81893;1.258646;1.191859;14;51.851852
NEW_MODE;11;07,08,19,22,27,40,44,45,51,59,63,78,86;40;9;VALIDATION;27;243;46;8.156028;19;7.81893;-0.337098;0.958669;17;62.962963
NEW_MODE;11;07,08,19,22,27,40,44,45,51,59,63,78,86;44;3;VALIDATION;27;243;36;6.382979;17;6.995885;0.612906;1.096022;10;37.037037
NEW_MODE;11;07,08,19,22,27,40,44,45,51,59,63,78,86;45;2;VALIDATION;27;243;40;7.092199;17;6.995885;-0.096314;0.98642;14;51.851852
NEW_MODE;11;07,08,19,22,27,40,44,45,51,59,63,78,86;51;7;VALIDATION;27;243;35;6.205674;13;5.349794;-0.85588;0.862081;11;40.740741
NEW_MODE;11;07,08,19,22,27,40,44,45,51,59,63,78,86;59;8;VALIDATION;27;243;38;6.737589;18;7.407407;0.669819;1.099415;14;51.851852
NEW_MODE;11;07,08,19,22,27,40,44,45,51,59,63,78,86;63;10;VALIDATION;27;243;34;6.028369;14;5.761317;-0.267052;0.955701;14;51.851852
NEW_MODE;11;07,08,19,22,27,40,44,45,51,59,63,78,86;78;12;VALIDATION;27;243;35;6.205674;23;9.465021;3.259347;1.52522;13;48.148148
NEW_MODE;11;07,08,19,22,27,40,44,45,51,59,63,78,86;86;4;VALIDATION;27;243;45;7.978723;19;7.81893;-0.159793;0.979973;13;48.148148
NEW_MODE;11;07,08,19,22,27,40,44,45,51,59,63,78,86;7;11;TEST;41;369;39;6.914894;26;7.04607;0.131177;1.01897;20;48.780488
NEW_MODE;11;07,08,19,22,27,40,44,45,51,59,63,78,86;8;13;TEST;41;369;42;7.446809;27;7.317073;-0.129735;0.982578;21;51.219512
NEW_MODE;11;07,08,19,22,27,40,44,45,51,59,63,78,86;19;1;TEST;41;369;38;6.737589;28;7.588076;0.850487;1.12623;21;51.219512
NEW_MODE;11;07,08,19,22,27,40,44,45,51,59,63,78,86;22;6;TEST;41;369;34;6.028369;19;5.149051;-0.879317;0.854137;18;43.902439
NEW_MODE;11;07,08,19,22,27,40,44,45,51,59,63,78,86;27;5;TEST;41;369;37;6.560284;34;9.214092;2.653808;1.404526;23;56.097561
NEW_MODE;11;07,08,19,22,27,40,44,45,51,59,63,78,86;40;9;TEST;41;369;43;7.624113;39;10.569106;2.944992;1.386273;28;68.292683
NEW_MODE;11;07,08,19,22,27,40,44,45,51,59,63,78,86;44;3;TEST;41;369;35;6.205674;28;7.588076;1.382402;1.222764;19;46.341463
NEW_MODE;11;07,08,19,22,27,40,44,45,51,59,63,78,86;45;2;TEST;41;369;41;7.269504;24;6.504065;-0.765439;0.894706;19;46.341463
NEW_MODE;11;07,08,19,22,27,40,44,45,51,59,63,78,86;51;7;TEST;41;369;36;6.382979;18;4.878049;-1.50493;0.764228;16;39.02439
NEW_MODE;11;07,08,19,22,27,40,44,45,51,59,63,78,86;59;8;TEST;41;369;40;7.092199;22;5.96206;-1.130139;0.84065;16;39.02439
NEW_MODE;11;07,08,19,22,27,40,44,45,51,59,63,78,86;63;10;TEST;41;369;47;8.333333;23;6.233062;-2.100271;0.747967;20;48.780488
NEW_MODE;11;07,08,19,22,27,40,44,45,51,59,63,78,86;78;12;TEST;41;369;29;5.141844;12;3.252033;-1.889811;0.632464;12;29.268293
NEW_MODE;11;07,08,19,22,27,40,44,45,51,59,63,78,86;86;4;TEST;41;369;35;6.205674;20;5.420054;-0.78562;0.873403;18;43.902439
NEW_MODE;12;01,09,10,14,30,44,49,52,53,61,62,63,72;1;7;DISCOVERY;114;1026;112;6.627219;77;7.504873;0.877654;1.132432;57;50.0
NEW_MODE;12;01,09,10,14,30,44,49,52,53,61,62,63,72;9;6;DISCOVERY;114;1026;120;7.100592;82;7.992203;0.891611;1.125569;59;51.754386
NEW_MODE;12;01,09,10,14,30,44,49,52,53,61,62,63,72;10;3;DISCOVERY;114;1026;109;6.449704;76;7.407407;0.957703;1.148488;57;50.0
NEW_MODE;12;01,09,10,14,30,44,49,52,53,61,62,63,72;14;8;DISCOVERY;114;1026;99;5.857988;69;6.725146;0.867158;1.14803;57;50.0
NEW_MODE;12;01,09,10,14,30,44,49,52,53,61,62,63,72;30;11;DISCOVERY;114;1026;101;5.976331;70;6.822612;0.846281;1.141605;54;47.368421
NEW_MODE;12;01,09,10,14,30,44,49,52,53,61,62,63,72;44;13;DISCOVERY;114;1026;101;5.976331;69;6.725146;0.748815;1.125297;59;51.754386
NEW_MODE;12;01,09,10,14,30,44,49,52,53,61,62,63,72;49;1;DISCOVERY;114;1026;125;7.39645;96;9.356725;1.960275;1.265029;76;66.666667
NEW_MODE;12;01,09,10,14,30,44,49,52,53,61,62,63,72;52;2;DISCOVERY;114;1026;131;7.751479;92;8.966862;1.215382;1.156794;62;54.385965
NEW_MODE;12;01,09,10,14,30,44,49,52,53,61,62,63,72;53;10;DISCOVERY;114;1026;91;5.384615;64;6.237817;0.853201;1.158452;53;46.491228
NEW_MODE;12;01,09,10,14,30,44,49,52,53,61,62,63,72;61;5;DISCOVERY;114;1026;105;6.213018;73;7.11501;0.901992;1.145178;55;48.245614
NEW_MODE;12;01,09,10,14,30,44,49,52,53,61,62,63,72;62;4;DISCOVERY;114;1026;113;6.686391;78;7.602339;0.915949;1.136987;69;60.526316
NEW_MODE;12;01,09,10,14,30,44,49,52,53,61,62,63,72;63;12;DISCOVERY;114;1026;109;6.449704;74;7.212476;0.762771;1.118265;57;50.0
NEW_MODE;12;01,09,10,14,30,44,49,52,53,61,62,63,72;72;9;DISCOVERY;114;1026;109;6.449704;75;7.309942;0.860237;1.133376;63;55.263158
NEW_MODE;12;01,09,10,14,30,44,49,52,53,61,62,63,72;1;7;VALIDATION;28;252;34;6.028369;16;6.349206;0.320838;1.053221;13;46.428571
NEW_MODE;12;01,09,10,14,30,44,49,52,53,61,62,63,72;9;6;VALIDATION;28;252;49;8.687943;19;7.539683;-1.148261;0.867833;14;50.0
NEW_MODE;12;01,09,10,14,30,44,49,52,53,61,62,63,72;10;3;VALIDATION;28;252;41;7.269504;21;8.333333;1.06383;1.146341;14;50.0
NEW_MODE;12;01,09,10,14,30,44,49,52,53,61,62,63,72;14;8;VALIDATION;28;252;36;6.382979;16;6.349206;-0.033772;0.994709;13;46.428571
NEW_MODE;12;01,09,10,14,30,44,49,52,53,61,62,63,72;30;11;VALIDATION;28;252;36;6.382979;15;5.952381;-0.430598;0.93254;14;50.0
NEW_MODE;12;01,09,10,14,30,44,49,52,53,61,62,63,72;44;13;VALIDATION;28;252;36;6.382979;13;5.15873;-1.224249;0.808201;9;32.142857
NEW_MODE;12;01,09,10,14,30,44,49,52,53,61,62,63,72;49;1;VALIDATION;28;252;47;8.333333;23;9.126984;0.793651;1.095238;19;67.857143
NEW_MODE;12;01,09,10,14,30,44,49,52,53,61,62,63,72;52;2;VALIDATION;28;252;47;8.333333;14;5.555556;-2.777778;0.666667;14;50.0
NEW_MODE;12;01,09,10,14,30,44,49,52,53,61,62,63,72;53;10;VALIDATION;28;252;35;6.205674;16;6.349206;0.143533;1.023129;12;42.857143
NEW_MODE;12;01,09,10,14,30,44,49,52,53,61,62,63,72;61;5;VALIDATION;28;252;35;6.205674;19;7.539683;1.334009;1.214966;14;50.0
NEW_MODE;12;01,09,10,14,30,44,49,52,53,61,62,63,72;62;4;VALIDATION;28;252;40;7.092199;15;5.952381;-1.139818;0.839286;12;42.857143
NEW_MODE;12;01,09,10,14,30,44,49,52,53,61,62,63,72;63;12;VALIDATION;28;252;34;6.028369;14;5.555556;-0.472813;0.921569;13;46.428571
NEW_MODE;12;01,09,10,14,30,44,49,52,53,61,62,63,72;72;9;VALIDATION;28;252;39;6.914894;17;6.746032;-0.168862;0.97558;13;46.428571
NEW_MODE;12;01,09,10,14,30,44,49,52,53,61,62,63,72;1;7;TEST;24;216;40;7.092199;25;11.574074;4.481875;1.631944;15;62.5
NEW_MODE;12;01,09,10,14,30,44,49,52,53,61,62,63,72;9;6;TEST;24;216;35;6.205674;17;7.87037;1.664697;1.268254;16;66.666667
NEW_MODE;12;01,09,10,14,30,44,49,52,53,61,62,63,72;10;3;TEST;24;216;40;7.092199;13;6.018519;-1.07368;0.848611;11;45.833333
NEW_MODE;12;01,09,10,14,30,44,49,52,53,61,62,63,72;14;8;TEST;24;216;39;6.914894;11;5.092593;-1.822301;0.736467;9;37.5
NEW_MODE;12;01,09,10,14,30,44,49,52,53,61,62,63,72;30;11;TEST;24;216;39;6.914894;23;10.648148;3.733255;1.539886;14;58.333333
NEW_MODE;12;01,09,10,14,30,44,49,52,53,61,62,63,72;44;13;TEST;24;216;35;6.205674;14;6.481481;0.275808;1.044444;13;54.166667
NEW_MODE;12;01,09,10,14,30,44,49,52,53,61,62,63,72;49;1;TEST;24;216;42;7.446809;12;5.555556;-1.891253;0.746032;9;37.5
NEW_MODE;12;01,09,10,14,30,44,49,52,53,61,62,63,72;52;2;TEST;24;216;38;6.737589;19;8.796296;2.058708;1.305556;13;54.166667
NEW_MODE;12;01,09,10,14,30,44,49,52,53,61,62,63,72;53;10;TEST;24;216;36;6.382979;11;5.092593;-1.290386;0.79784;9;37.5
NEW_MODE;12;01,09,10,14,30,44,49,52,53,61,62,63,72;61;5;TEST;24;216;37;6.560284;17;7.87037;1.310087;1.1997;12;50.0
NEW_MODE;12;01,09,10,14,30,44,49,52,53,61,62,63,72;62;4;TEST;24;216;38;6.737589;15;6.944444;0.206856;1.030702;11;45.833333
NEW_MODE;12;01,09,10,14,30,44,49,52,53,61,62,63,72;63;12;TEST;24;216;47;8.333333;17;7.87037;-0.462963;0.944444;16;66.666667
NEW_MODE;12;01,09,10,14,30,44,49,52,53,61,62,63,72;72;9;TEST;24;216;40;7.092199;11;5.092593;-1.999606;0.718056;9;37.5
NEW_MODE;13;09,10,11,21,35,37,38,48,55,58,60,85,90;9;10;DISCOVERY;97;873;120;7.100592;71;8.132875;1.032283;1.14538;48;49.484536
NEW_MODE;13;09,10,11,21,35,37,38,48,55,58,60,85,90;10;6;DISCOVERY;97;873;109;6.449704;68;7.789233;1.339528;1.207688;48;49.484536
NEW_MODE;13;09,10,11,21,35,37,38,48,55,58,60,85,90;11;7;DISCOVERY;97;873;120;7.100592;73;8.36197;1.261379;1.177644;48;49.484536
NEW_MODE;13;09,10,11,21,35,37,38,48,55,58,60,85,90;21;13;DISCOVERY;97;873;122;7.218935;70;8.018328;0.799393;1.110736;54;55.670103
NEW_MODE;13;09,10,11,21,35,37,38,48,55,58,60,85,90;35;1;DISCOVERY;97;873;111;6.568047;75;8.591065;2.023018;1.308009;48;49.484536
NEW_MODE;13;09,10,11,21,35,37,38,48,55,58,60,85,90;37;2;DISCOVERY;97;873;109;6.449704;72;8.247423;1.797719;1.278729;50;51.546392
NEW_MODE;13;09,10,11,21,35,37,38,48,55,58,60,85,90;38;12;DISCOVERY;97;873;120;7.100592;69;7.90378;0.803188;1.113116;47;48.453608
NEW_MODE;13;09,10,11,21,35,37,38,48,55,58,60,85,90;48;9;DISCOVERY;97;873;121;7.159763;72;8.247423;1.087659;1.151913;53;54.639175
NEW_MODE;13;09,10,11,21,35,37,38,48,55,58,60,85,90;55;5;DISCOVERY;97;873;122;7.218935;75;8.591065;1.37213;1.190074;56;57.731959
NEW_MODE;13;09,10,11,21,35,37,38,48,55,58,60,85,90;58;4;DISCOVERY;97;873;110;6.508876;69;7.90378;1.394904;1.214308;50;51.546392
NEW_MODE;13;09,10,11,21,35,37,38,48,55,58,60,85,90;60;8;DISCOVERY;97;873;91;5.384615;58;6.643757;1.259142;1.233841;46;47.42268
NEW_MODE;13;09,10,11,21,35,37,38,48,55,58,60,85,90;85;11;DISCOVERY;97;873;132;7.810651;76;8.705613;0.894962;1.114582;59;60.824742
NEW_MODE;13;09,10,11,21,35,37,38,48,55,58,60,85,90;90;3;DISCOVERY;97;873;129;7.633136;79;9.049255;1.416119;1.185523;53;54.639175
NEW_MODE;13;09,10,11,21,35,37,38,48,55,58,60,85,90;9;10;VALIDATION;32;288;49;8.687943;25;8.680556;-0.007388;0.99915;19;59.375
NEW_MODE;13;09,10,11,21,35,37,38,48,55,58,60,85,90;10;6;VALIDATION;32;288;41;7.269504;22;7.638889;0.369385;1.050813;18;56.25
NEW_MODE;13;09,10,11,21,35,37,38,48,55,58,60,85,90;11;7;VALIDATION;32;288;27;4.787234;11;3.819444;-0.96779;0.79784;9;28.125
NEW_MODE;13;09,10,11,21,35,37,38,48,55,58,60,85,90;21;13;VALIDATION;32;288;40;7.092199;20;6.944444;-0.147754;0.979167;16;50.0
NEW_MODE;13;09,10,11,21,35,37,38,48,55,58,60,85,90;35;1;VALIDATION;32;288;40;7.092199;18;6.25;-0.842199;0.88125;13;40.625
NEW_MODE;13;09,10,11,21,35,37,38,48,55,58,60,85,90;37;2;VALIDATION;32;288;46;8.156028;24;8.333333;0.177305;1.021739;19;59.375
NEW_MODE;13;09,10,11,21,35,37,38,48,55,58,60,85,90;38;12;VALIDATION;32;288;47;8.333333;27;9.375;1.041667;1.125;20;62.5
NEW_MODE;13;09,10,11,21,35,37,38,48,55,58,60,85,90;48;9;VALIDATION;32;288;40;7.092199;22;7.638889;0.54669;1.077083;16;50.0
NEW_MODE;13;09,10,11,21,35,37,38,48,55,58,60,85,90;55;5;VALIDATION;32;288;41;7.269504;24;8.333333;1.06383;1.146341;18;56.25
NEW_MODE;13;09,10,11,21,35,37,38,48,55,58,60,85,90;58;4;VALIDATION;32;288;43;7.624113;24;8.333333;0.70922;1.093023;20;62.5
NEW_MODE;13;09,10,11,21,35,37,38,48,55,58,60,85,90;60;8;VALIDATION;32;288;39;6.914894;17;5.902778;-1.012116;0.853632;13;40.625
NEW_MODE;13;09,10,11,21,35,37,38,48,55,58,60,85,90;85;11;VALIDATION;32;288;28;4.964539;10;3.472222;-1.492317;0.699405;9;28.125
NEW_MODE;13;09,10,11,21,35,37,38,48,55,58,60,85,90;90;3;VALIDATION;32;288;29;5.141844;22;7.638889;2.497045;1.485632;18;56.25
NEW_MODE;13;09,10,11,21,35,37,38,48,55,58,60,85,90;9;10;TEST;40;360;35;6.205674;16;4.444444;-1.761229;0.71619;13;32.5
NEW_MODE;13;09,10,11,21,35,37,38,48,55,58,60,85,90;10;6;TEST;40;360;40;7.092199;14;3.888889;-3.20331;0.548333;10;25.0
NEW_MODE;13;09,10,11,21,35,37,38,48,55,58,60,85,90;11;7;TEST;40;360;42;7.446809;25;6.944444;-0.502364;0.93254;18;45.0
NEW_MODE;13;09,10,11,21,35,37,38,48,55,58,60,85,90;21;13;TEST;40;360;36;6.382979;21;5.833333;-0.549645;0.913889;16;40.0
NEW_MODE;13;09,10,11,21,35,37,38,48,55,58,60,85,90;35;1;TEST;40;360;32;5.673759;20;5.555556;-0.118203;0.979167;19;47.5
NEW_MODE;13;09,10,11,21,35,37,38,48,55,58,60,85,90;37;2;TEST;40;360;28;4.964539;16;4.444444;-0.520095;0.895238;14;35.0
NEW_MODE;13;09,10,11,21,35,37,38,48,55,58,60,85,90;38;12;TEST;40;360;30;5.319149;11;3.055556;-2.263593;0.574444;10;25.0
NEW_MODE;13;09,10,11,21,35,37,38,48,55,58,60,85,90;48;9;TEST;40;360;31;5.496454;13;3.611111;-1.885343;0.656989;11;27.5
NEW_MODE;13;09,10,11,21,35,37,38,48,55,58,60,85,90;55;5;TEST;40;360;39;6.914894;29;8.055556;1.140662;1.164957;20;50.0
NEW_MODE;13;09,10,11,21,35,37,38,48,55,58,60,85,90;58;4;TEST;40;360;42;7.446809;27;7.5;0.053191;1.007143;21;52.5
NEW_MODE;13;09,10,11,21,35,37,38,48,55,58,60,85,90;60;8;TEST;40;360;43;7.624113;33;9.166667;1.542553;1.202326;25;62.5
NEW_MODE;13;09,10,11,21,35,37,38,48,55,58,60,85,90;85;11;TEST;40;360;53;9.397163;38;10.555556;1.158392;1.12327;25;62.5
NEW_MODE;13;09,10,11,21,35,37,38,48,55,58,60,85,90;90;3;TEST;40;360;35;6.205674;19;5.277778;-0.927896;0.850476;17;42.5
NEW_MODE;14;01,02,03,16,19,25,33,34,45,50,52,80,84;1;11;DISCOVERY;99;891;112;6.627219;67;7.519641;0.892422;1.13466;46;46.464646
NEW_MODE;14;01,02,03,16,19,25,33,34,45,50,52,80,84;2;5;DISCOVERY;99;891;100;5.91716;64;7.182941;1.265781;1.213917;51;51.515152
NEW_MODE;14;01,02,03,16,19,25,33,34,45,50,52,80,84;3;8;DISCOVERY;99;891;93;5.502959;58;6.50954;1.006581;1.182916;42;42.424242
NEW_MODE;14;01,02,03,16,19,25,33,34,45,50,52,80,84;16;4;DISCOVERY;99;891;117;6.923077;73;8.193042;1.269965;1.183439;51;51.515152
NEW_MODE;14;01,02,03,16,19,25,33,34,45,50,52,80,84;19;1;DISCOVERY;99;891;125;7.39645;84;9.427609;2.03116;1.274613;64;64.646465
NEW_MODE;14;01,02,03,16,19,25,33,34,45,50,52,80,84;25;7;DISCOVERY;99;891;117;6.923077;72;8.080808;1.157731;1.167228;52;52.525253
NEW_MODE;14;01,02,03,16,19,25,33,34,45,50,52,80,84;33;9;DISCOVERY;99;891;115;6.804734;69;7.744108;0.939374;1.138047;47;47.474747
NEW_MODE;14;01,02,03,16,19,25,33,34,45,50,52,80,84;34;10;DISCOVERY;99;891;121;7.159763;72;8.080808;0.921045;1.128642;54;54.545455
NEW_MODE;14;01,02,03,16,19,25,33,34,45,50,52,80,84;45;13;DISCOVERY;99;891;133;7.869822;78;8.754209;0.884386;1.112377;60;60.606061
NEW_MODE;14;01,02,03,16,19,25,33,34,45,50,52,80,84;50;3;DISCOVERY;99;891;103;6.094675;67;7.519641;1.424966;1.233805;49;49.494949
NEW_MODE;14;01,02,03,16,19,25,33,34,45,50,52,80,84;52;6;DISCOVERY;99;891;131;7.751479;80;8.978676;1.227196;1.158318;56;56.565657
NEW_MODE;14;01,02,03,16,19,25,33,34,45,50,52,80,84;80;2;DISCOVERY;99;891;110;6.508876;75;8.417508;1.908633;1.293235;54;54.545455
NEW_MODE;14;01,02,03,16,19,25,33,34,45,50,52,80,84;84;12;DISCOVERY;99;891;114;6.745562;68;7.631874;0.886312;1.131392;51;51.515152
NEW_MODE;14;01,02,03,16,19,25,33,34,45,50,52,80,84;1;11;VALIDATION;34;306;34;6.028369;14;4.575163;-1.453205;0.758939;13;38.235294
NEW_MODE;14;01,02,03,16,19,25,33,34,45,50,52,80,84;2;5;VALIDATION;34;306;25;4.432624;12;3.921569;-0.511055;0.884706;12;35.294118
NEW_MODE;14;01,02,03,16,19,25,33,34,45,50,52,80,84;3;8;VALIDATION;34;306;35;6.205674;22;7.189542;0.983869;1.158543;14;41.176471
NEW_MODE;14;01,02,03,16,19,25,33,34,45,50,52,80,84;16;4;VALIDATION;34;306;31;5.496454;17;5.555556;0.059102;1.010753;16;47.058824
NEW_MODE;14;01,02,03,16,19,25,33,34,45,50,52,80,84;19;1;VALIDATION;34;306;41;7.269504;25;8.169935;0.900431;1.123864;20;58.823529
NEW_MODE;14;01,02,03,16,19,25,33,34,45,50,52,80,84;25;7;VALIDATION;34;306;46;8.156028;18;5.882353;-2.273675;0.721228;11;32.352941
NEW_MODE;14;01,02,03,16,19,25,33,34,45,50,52,80,84;33;9;VALIDATION;34;306;32;5.673759;23;7.51634;1.842581;1.324755;16;47.058824
NEW_MODE;14;01,02,03,16,19,25,33,34,45,50,52,80,84;34;10;VALIDATION;34;306;33;5.851064;19;6.20915;0.358086;1.0612;17;50.0
NEW_MODE;14;01,02,03,16,19,25,33,34,45,50,52,80,84;45;13;VALIDATION;34;306;40;7.092199;22;7.189542;0.097344;1.013725;19;55.882353
NEW_MODE;14;01,02,03,16,19,25,33,34,45,50,52,80,84;50;3;VALIDATION;34;306;27;4.787234;16;5.228758;0.441524;1.092229;11;32.352941
NEW_MODE;14;01,02,03,16,19,25,33,34,45,50,52,80,84;52;6;VALIDATION;34;306;47;8.333333;21;6.862745;-1.470588;0.823529;16;47.058824
NEW_MODE;14;01,02,03,16,19,25,33,34,45,50,52,80,84;80;2;VALIDATION;34;306;42;7.446809;28;9.150327;1.703518;1.228758;18;52.941176
NEW_MODE;14;01,02,03,16,19,25,33,34,45,50,52,80,84;84;12;VALIDATION;34;306;32;5.673759;20;6.535948;0.862189;1.151961;17;50.0
NEW_MODE;14;01,02,03,16,19,25,33,34,45,50,52,80,84;1;11;TEST;38;342;40;7.092199;21;6.140351;-0.951848;0.865789;14;36.842105
NEW_MODE;14;01,02,03,16,19,25,33,34,45,50,52,80,84;2;5;TEST;38;342;44;7.801418;27;7.894737;0.093318;1.011962;16;42.105263
NEW_MODE;14;01,02,03,16,19,25,33,34,45,50,52,80,84;3;8;TEST;38;342;35;6.205674;25;7.309942;1.104268;1.177945;19;50.0
NEW_MODE;14;01,02,03,16,19,25,33,34,45,50,52,80,84;16;4;TEST;38;342;37;6.560284;26;7.602339;1.042055;1.158843;22;57.894737
NEW_MODE;14;01,02,03,16,19,25,33,34,45,50,52,80,84;19;1;TEST;38;342;38;6.737589;26;7.602339;0.864751;1.128347;19;50.0
NEW_MODE;14;01,02,03,16,19,25,33,34,45,50,52,80,84;25;7;TEST;38;342;35;6.205674;21;6.140351;-0.065323;0.989474;19;50.0
NEW_MODE;14;01,02,03,16,19,25,33,34,45,50,52,80,84;33;9;TEST;38;342;40;7.092199;24;7.017544;-0.074655;0.989474;18;47.368421
NEW_MODE;14;01,02,03,16,19,25,33,34,45,50,52,80,84;34;10;TEST;38;342;42;7.446809;29;8.479532;1.032724;1.13868;22;57.894737
NEW_MODE;14;01,02,03,16,19,25,33,34,45,50,52,80,84;45;13;TEST;38;342;41;7.269504;21;6.140351;-1.129153;0.844673;18;47.368421
NEW_MODE;14;01,02,03,16,19,25,33,34,45,50,52,80,84;50;3;TEST;38;342;27;4.787234;20;5.847953;1.060719;1.221572;17;44.736842
NEW_MODE;14;01,02,03,16,19,25,33,34,45,50,52,80,84;52;6;TEST;38;342;38;6.737589;14;4.093567;-2.644021;0.607572;12;31.578947
NEW_MODE;14;01,02,03,16,19,25,33,34,45,50,52,80,84;80;2;TEST;38;342;46;8.156028;34;9.94152;1.785492;1.218917;25;65.789474
NEW_MODE;14;01,02,03,16,19,25,33,34,45,50,52,80,84;84;12;TEST;38;342;35;6.205674;33;9.649123;3.443449;1.554887;23;60.526316
NEW_MODE;15;06,11,20,22,26,36,37,47,51,61,77,78,90;6;13;DISCOVERY;117;1053;129;7.633136;88;8.357075;0.723939;1.094842;60;51.282051
NEW_MODE;15;06,11,20,22,26,36,37,47,51,61,77,78,90;11;6;DISCOVERY;117;1053;120;7.100592;86;8.167142;1.06655;1.150206;60;51.282051
NEW_MODE;15;06,11,20,22,26,36,37,47,51,61,77,78,90;20;11;DISCOVERY;117;1053;112;6.627219;78;7.407407;0.780188;1.117725;58;49.57265
NEW_MODE;15;06,11,20,22,26,36,37,47,51,61,77,78,90;22;4;DISCOVERY;117;1053;110;6.508876;81;7.692308;1.183432;1.181818;64;54.700855
NEW_MODE;15;06,11,20,22,26,36,37,47,51,61,77,78,90;26;3;DISCOVERY;117;1053;118;6.982249;86;8.167142;1.184893;1.169701;60;51.282051
NEW_MODE;15;06,11,20,22,26,36,37,47,51,61,77,78,90;36;12;DISCOVERY;117;1053;98;5.798817;69;6.552707;0.75389;1.130008;54;46.153846
NEW_MODE;15;06,11,20,22,26,36,37,47,51,61,77,78,90;37;7;DISCOVERY;117;1053;109;6.449704;79;7.502374;1.05267;1.163212;59;50.42735
NEW_MODE;15;06,11,20,22,26,36,37,47,51,61,77,78,90;47;5;DISCOVERY;117;1053;125;7.39645;90;8.547009;1.150559;1.155556;66;56.410256
NEW_MODE;15;06,11,20,22,26,36,37,47,51,61,77,78,90;51;10;DISCOVERY;117;1053;120;7.100592;83;7.882241;0.781649;1.110082;58;49.57265
NEW_MODE;15;06,11,20,22,26,36,37,47,51,61,77,78,90;61;8;DISCOVERY;117;1053;105;6.213018;76;7.217474;1.004456;1.16167;59;50.42735
NEW_MODE;15;06,11,20,22,26,36,37,47,51,61,77,78,90;77;2;DISCOVERY;117;1053;127;7.514793;92;8.736942;1.222149;1.162632;65;55.555556
NEW_MODE;15;06,11,20,22,26,36,37,47,51,61,77,78,90;78;1;DISCOVERY;117;1053;120;7.100592;90;8.547009;1.446417;1.203704;68;58.119658
NEW_MODE;15;06,11,20,22,26,36,37,47,51,61,77,78,90;90;9;DISCOVERY;117;1053;129;7.633136;89;8.452042;0.818906;1.107283;63;53.846154
NEW_MODE;15;06,11,20,22,26,36,37,47,51,61,77,78,90;6;13;VALIDATION;44;396;47;8.333333;33;8.333333;0.0;1.0;27;61.363636
NEW_MODE;15;06,11,20,22,26,36,37,47,51,61,77,78,90;11;6;VALIDATION;44;396;27;4.787234;20;5.050505;0.263271;1.054994;18;40.909091
NEW_MODE;15;06,11,20,22,26,36,37,47,51,61,77,78,90;20;11;VALIDATION;44;396;37;6.560284;23;5.808081;-0.752203;0.88534;20;45.454545
NEW_MODE;15;06,11,20,22,26,36,37,47,51,61,77,78,90;22;4;VALIDATION;44;396;42;7.446809;36;9.090909;1.644101;1.220779;24;54.545455
NEW_MODE;15;06,11,20,22,26,36,37,47,51,61,77,78,90;26;3;VALIDATION;44;396;28;4.964539;18;4.545455;-0.419084;0.915584;13;29.545455
NEW_MODE;15;06,11,20,22,26,36,37,47,51,61,77,78,90;36;12;VALIDATION;44;396;26;4.609929;14;3.535354;-1.074576;0.7669;11;25.0
NEW_MODE;15;06,11,20,22,26,36,37,47,51,61,77,78,90;37;7;VALIDATION;44;396;46;8.156028;24;6.060606;-2.095422;0.743083;19;43.181818
NEW_MODE;15;06,11,20,22,26,36,37,47,51,61,77,78,90;47;5;VALIDATION;44;396;38;6.737589;34;8.585859;1.84827;1.274322;28;63.636364
NEW_MODE;15;06,11,20,22,26,36,37,47,51,61,77,78,90;51;10;VALIDATION;44;396;35;6.205674;28;7.070707;0.865033;1.139394;23;52.272727
NEW_MODE;15;06,11,20,22,26,36,37,47,51,61,77,78,90;61;8;VALIDATION;44;396;35;6.205674;27;6.818182;0.612508;1.098701;22;50.0
NEW_MODE;15;06,11,20,22,26,36,37,47,51,61,77,78,90;77;2;VALIDATION;44;396;40;7.092199;26;6.565657;-0.526542;0.925758;19;43.181818
NEW_MODE;15;06,11,20,22,26,36,37,47,51,61,77,78,90;78;1;VALIDATION;44;396;35;6.205674;26;6.565657;0.359983;1.058009;18;40.909091
NEW_MODE;15;06,11,20,22,26,36,37,47,51,61,77,78,90;90;9;VALIDATION;44;396;29;5.141844;17;4.292929;-0.848915;0.834901;15;34.090909
NEW_MODE;15;06,11,20,22,26,36,37,47,51,61,77,78,90;6;13;TEST;28;252;45;7.978723;16;6.349206;-1.629517;0.795767;14;50.0
NEW_MODE;15;06,11,20,22,26,36,37,47,51,61,77,78,90;11;6;TEST;28;252;42;7.446809;12;4.761905;-2.684904;0.639456;11;39.285714
NEW_MODE;15;06,11,20,22,26,36,37,47,51,61,77,78,90;20;11;TEST;28;252;42;7.446809;23;9.126984;1.680176;1.225624;20;71.428571
NEW_MODE;15;06,11,20,22,26,36,37,47,51,61,77,78,90;22;4;TEST;28;252;34;6.028369;12;4.761905;-1.266464;0.789916;11;39.285714
NEW_MODE;15;06,11,20,22,26,36,37,47,51,61,77,78,90;26;3;TEST;28;252;31;5.496454;17;6.746032;1.249578;1.227343;13;46.428571
NEW_MODE;15;06,11,20,22,26,36,37,47,51,61,77,78,90;36;12;TEST;28;252;34;6.028369;8;3.174603;-2.853766;0.526611;8;28.571429
NEW_MODE;15;06,11,20,22,26,36,37,47,51,61,77,78,90;37;7;TEST;28;252;28;4.964539;8;3.174603;-1.789936;0.639456;5;17.857143
NEW_MODE;15;06,11,20,22,26,36,37,47,51,61,77,78,90;47;5;TEST;28;252;41;7.269504;22;8.730159;1.460655;1.200929;19;67.857143
NEW_MODE;15;06,11,20,22,26,36,37,47,51,61,77,78,90;51;10;TEST;28;252;36;6.382979;15;5.952381;-0.430598;0.93254;14;50.0
NEW_MODE;15;06,11,20,22,26,36,37,47,51,61,77,78,90;61;8;TEST;28;252;37;6.560284;14;5.555556;-1.004728;0.846847;11;39.285714
NEW_MODE;15;06,11,20,22,26,36,37,47,51,61,77,78,90;77;2;TEST;28;252;30;5.319149;12;4.761905;-0.557244;0.895238;12;42.857143
NEW_MODE;15;06,11,20,22,26,36,37,47,51,61,77,78,90;78;1;TEST;28;252;29;5.141844;10;3.968254;-1.17359;0.771757;9;32.142857
NEW_MODE;15;06,11,20,22,26,36,37,47,51,61,77,78,90;90;9;TEST;28;252;35;6.205674;14;5.555556;-0.650118;0.895238;13;46.428571
NEW_MODE;16;03,10,14,15,27,36,42,43,47,69,74,80,86;3;12;DISCOVERY;116;1044;93;5.502959;66;6.321839;0.818881;1.148807;51;43.965517
NEW_MODE;16;03,10,14,15,27,36,42,43,47,69,74,80,86;10;11;DISCOVERY;116;1044;109;6.449704;76;7.279693;0.829989;1.128686;56;48.275862
NEW_MODE;16;03,10,14,15,27,36,42,43,47,69,74,80,86;14;1;DISCOVERY;116;1044;99;5.857988;85;8.141762;2.283774;1.389856;67;57.758621
NEW_MODE;16;03,10,14,15,27,36,42,43,47,69,74,80,86;15;10;DISCOVERY;116;1044;118;6.982249;82;7.854406;0.872158;1.124911;61;52.586207
NEW_MODE;16;03,10,14,15,27,36,42,43,47,69,74,80,86;27;2;DISCOVERY;116;1044;99;5.857988;79;7.56705;1.709062;1.291749;59;50.862069
NEW_MODE;16;03,10,14,15,27,36,42,43,47,69,74,80,86;36;7;DISCOVERY;116;1044;98;5.798817;71;6.800766;1.00195;1.172785;52;44.827586
NEW_MODE;16;03,10,14,15,27,36,42,43,47,69,74,80,86;42;5;DISCOVERY;116;1044;104;6.153846;78;7.471264;1.317418;1.21408;58;50.0
NEW_MODE;16;03,10,14,15,27,36,42,43,47,69,74,80,86;43;3;DISCOVERY;116;1044;110;6.508876;83;7.950192;1.441316;1.221439;64;55.172414
NEW_MODE;16;03,10,14,15,27,36,42,43,47,69,74,80,86;47;9;DISCOVERY;116;1044;125;7.39645;87;8.333333;0.936884;1.126667;62;53.448276
NEW_MODE;16;03,10,14,15,27,36,42,43,47,69,74,80,86;69;13;DISCOVERY;116;1044;115;6.804734;79;7.56705;0.762316;1.112027;57;49.137931
NEW_MODE;16;03,10,14,15,27,36,42,43,47,69,74,80,86;74;4;DISCOVERY;116;1044;122;7.218935;90;8.62069;1.401755;1.194178;59;50.862069
NEW_MODE;16;03,10,14,15,27,36,42,43,47,69,74,80,86;80;8;DISCOVERY;116;1044;110;6.508876;78;7.471264;0.962389;1.147858;60;51.724138
NEW_MODE;16;03,10,14,15,27,36,42,43,47,69,74,80,86;86;6;DISCOVERY;116;1044;125;7.39645;90;8.62069;1.22424;1.165517;64;55.172414
NEW_MODE;16;03,10,14,15,27,36,42,43,47,69,74,80,86;3;12;VALIDATION;29;261;35;6.205674;17;6.51341;0.307736;1.049589;12;41.37931
NEW_MODE;16;03,10,14,15,27,36,42,43,47,69,74,80,86;10;11;VALIDATION;29;261;41;7.269504;17;6.51341;-0.756094;0.895991;13;44.827586
NEW_MODE;16;03,10,14,15,27,36,42,43,47,69,74,80,86;14;1;VALIDATION;29;261;36;6.382979;22;8.429119;2.04614;1.320562;16;55.172414
NEW_MODE;16;03,10,14,15,27,36,42,43,47,69,74,80,86;15;10;VALIDATION;29;261;44;7.801418;18;6.896552;-0.904867;0.884013;14;48.275862
NEW_MODE;16;03,10,14,15,27,36,42,43,47,69,74,80,86;27;2;VALIDATION;29;261;37;6.560284;17;6.51341;-0.046874;0.992855;11;37.931034
NEW_MODE;16;03,10,14,15,27,36,42,43,47,69,74,80,86;36;7;VALIDATION;29;261;26;4.609929;12;4.597701;-0.012228;0.997347;10;34.482759
NEW_MODE;16;03,10,14,15,27,36,42,43,47,69,74,80,86;42;5;VALIDATION;29;261;45;7.978723;21;8.045977;0.067254;1.008429;15;51.724138
NEW_MODE;16;03,10,14,15,27,36,42,43,47,69,74,80,86;43;3;VALIDATION;29;261;39;6.914894;13;4.980843;-1.934051;0.720307;10;34.482759
NEW_MODE;16;03,10,14,15,27,36,42,43,47,69,74,80,86;47;9;VALIDATION;29;261;38;6.737589;17;6.51341;-0.224179;0.966727;13;44.827586
NEW_MODE;16;03,10,14,15,27,36,42,43,47,69,74,80,86;69;13;VALIDATION;29;261;37;6.560284;13;4.980843;-1.579441;0.759242;8;27.586207
NEW_MODE;16;03,10,14,15,27,36,42,43,47,69,74,80,86;74;4;VALIDATION;29;261;34;6.028369;13;4.980843;-1.047526;0.826234;11;37.931034
NEW_MODE;16;03,10,14,15,27,36,42,43,47,69,74,80,86;80;8;VALIDATION;29;261;42;7.446809;22;8.429119;0.98231;1.13191;12;41.37931
NEW_MODE;16;03,10,14,15,27,36,42,43,47,69,74,80,86;86;6;VALIDATION;29;261;45;7.978723;15;5.747126;-2.231597;0.720307;13;44.827586
NEW_MODE;16;03,10,14,15,27,36,42,43,47,69,74,80,86;3;12;TEST;37;333;35;6.205674;27;8.108108;1.902434;1.306564;21;56.756757
NEW_MODE;16;03,10,14,15,27,36,42,43,47,69,74,80,86;10;11;TEST;37;333;40;7.092199;19;5.705706;-1.386493;0.804505;16;43.243243
NEW_MODE;16;03,10,14,15,27,36,42,43,47,69,74,80,86;14;1;TEST;37;333;39;6.914894;31;9.309309;2.394416;1.346269;23;62.162162
NEW_MODE;16;03,10,14,15,27,36,42,43,47,69,74,80,86;15;10;TEST;37;333;29;5.141844;17;5.105105;-0.036739;0.992855;13;35.135135
NEW_MODE;16;03,10,14,15,27,36,42,43,47,69,74,80,86;27;2;TEST;37;333;37;6.560284;22;6.606607;0.046323;1.007061;16;43.243243
NEW_MODE;16;03,10,14,15,27,36,42,43,47,69,74,80,86;36;7;TEST;37;333;34;6.028369;21;6.306306;0.277938;1.046105;18;48.648649
NEW_MODE;16;03,10,14,15,27,36,42,43,47,69,74,80,86;42;5;TEST;37;333;45;7.978723;25;7.507508;-0.471216;0.940941;20;54.054054
NEW_MODE;16;03,10,14,15,27,36,42,43,47,69,74,80,86;43;3;TEST;37;333;46;8.156028;27;8.108108;-0.04792;0.994125;21;56.756757
NEW_MODE;16;03,10,14,15,27,36,42,43,47,69,74,80,86;47;9;TEST;37;333;41;7.269504;20;6.006006;-1.263498;0.826192;15;40.540541
NEW_MODE;16;03,10,14,15,27,36,42,43,47,69,74,80,86;69;13;TEST;37;333;36;6.382979;20;6.006006;-0.376973;0.940941;19;51.351351
NEW_MODE;16;03,10,14,15,27,36,42,43,47,69,74,80,86;74;4;TEST;37;333;37;6.560284;26;7.807808;1.247524;1.190163;23;62.162162
NEW_MODE;16;03,10,14,15,27,36,42,43,47,69,74,80,86;80;8;TEST;37;333;46;8.156028;26;7.807808;-0.348221;0.957305;19;51.351351
NEW_MODE;16;03,10,14,15,27,36,42,43,47,69,74,80,86;86;6;TEST;37;333;35;6.205674;19;5.705706;-0.499968;0.919434;18;48.648649
NEW_MODE;17;02,04,08,11,14,34,40,45,50,65,70,74,78;2;9;DISCOVERY;117;1053;100;5.91716;73;6.932574;1.015414;1.171605;57;48.717949
NEW_MODE;17;02,04,08,11,14,34,40,45,50,65,70,74,78;4;1;DISCOVERY;117;1053;100;5.91716;80;7.597341;1.680181;1.283951;52;44.444444
NEW_MODE;17;02,04,08,11,14,34,40,45,50,65,70,74,78;8;4;DISCOVERY;117;1053;106;6.272189;79;7.502374;1.230185;1.196133;61;52.136752
NEW_MODE;17;02,04,08,11,14,34,40,45,50,65,70,74,78;11;10;DISCOVERY;117;1053;120;7.100592;85;8.072175;0.971583;1.136831;63;53.846154
NEW_MODE;17;02,04,08,11,14,34,40,45,50,65,70,74,78;14;12;DISCOVERY;117;1053;99;5.857988;71;6.74264;0.884652;1.151016;60;51.282051
NEW_MODE;17;02,04,08,11,14,34,40,45,50,65,70,74,78;34;11;DISCOVERY;117;1053;121;7.159763;85;8.072175;0.912411;1.127436;62;52.991453
NEW_MODE;17;02,04,08,11,14,34,40,45,50,65,70,74,78;40;13;DISCOVERY;117;1053;101;5.976331;71;6.74264;0.766309;1.128224;59;50.42735
NEW_MODE;17;02,04,08,11,14,34,40,45,50,65,70,74,78;45;2;DISCOVERY;117;1053;133;7.869822;100;9.496676;1.626854;1.206721;76;64.957265
NEW_MODE;17;02,04,08,11,14,34,40,45,50,65,70,74,78;50;5;DISCOVERY;117;1053;103;6.094675;77;7.312441;1.217766;1.199808;55;47.008547
NEW_MODE;17;02,04,08,11,14,34,40,45,50,65,70,74,78;65;3;DISCOVERY;117;1053;122;7.218935;91;8.641975;1.42304;1.197126;68;58.119658
NEW_MODE;17;02,04,08,11,14,34,40,45,50,65,70,74,78;70;8;DISCOVERY;117;1053;98;5.798817;72;6.837607;1.03879;1.179138;54;46.153846
NEW_MODE;17;02,04,08,11,14,34,40,45,50,65,70,74,78;74;7;DISCOVERY;117;1053;122;7.218935;88;8.357075;1.13814;1.15766;62;52.991453
NEW_MODE;17;02,04,08,11,14,34,40,45,50,65,70,74,78;78;6;DISCOVERY;117;1053;120;7.100592;87;8.262108;1.161517;1.16358;64;54.700855
NEW_MODE;17;02,04,08,11,14,34,40,45,50,65,70,74,78;2;9;VALIDATION;32;288;25;4.432624;11;3.819444;-0.61318;0.861667;10;31.25
NEW_MODE;17;02,04,08,11,14,34,40,45,50,65,70,74,78;4;1;VALIDATION;32;288;34;6.028369;15;5.208333;-0.820035;0.863971;12;37.5
NEW_MODE;17;02,04,08,11,14,34,40,45,50,65,70,74,78;8;4;VALIDATION;32;288;29;5.141844;13;4.513889;-0.627955;0.877874;10;31.25
NEW_MODE;17;02,04,08,11,14,34,40,45,50,65,70,74,78;11;10;VALIDATION;32;288;27;4.787234;16;5.555556;0.768322;1.160494;13;40.625
NEW_MODE;17;02,04,08,11,14,34,40,45,50,65,70,74,78;14;12;VALIDATION;32;288;36;6.382979;16;5.555556;-0.827423;0.87037;14;43.75
NEW_MODE;17;02,04,08,11,14,34,40,45,50,65,70,74,78;34;11;VALIDATION;32;288;33;5.851064;17;5.902778;0.051714;1.008838;15;46.875
NEW_MODE;17;02,04,08,11,14,34,40,45,50,65,70,74,78;40;13;VALIDATION;32;288;46;8.156028;26;9.027778;0.871749;1.106884;22;68.75
NEW_MODE;17;02,04,08,11,14,34,40,45,50,65,70,74,78;45;2;VALIDATION;32;288;40;7.092199;28;9.722222;2.630024;1.370833;18;56.25
NEW_MODE;17;02,04,08,11,14,34,40,45,50,65,70,74,78;50;5;VALIDATION;32;288;27;4.787234;11;3.819444;-0.96779;0.79784;10;31.25
NEW_MODE;17;02,04,08,11,14,34,40,45,50,65,70,74,78;65;3;VALIDATION;32;288;43;7.624113;19;6.597222;-1.026891;0.86531;16;50.0
NEW_MODE;17;02,04,08,11,14,34,40,45,50,65,70,74,78;70;8;VALIDATION;32;288;31;5.496454;20;6.944444;1.447991;1.263441;18;56.25
NEW_MODE;17;02,04,08,11,14,34,40,45,50,65,70,74,78;74;7;VALIDATION;32;288;34;6.028369;11;3.819444;-2.208924;0.633578;11;34.375
NEW_MODE;17;02,04,08,11,14,34,40,45,50,65,70,74,78;78;6;VALIDATION;32;288;35;6.205674;24;8.333333;2.12766;1.342857;20;62.5
NEW_MODE;17;02,04,08,11,14,34,40,45,50,65,70,74,78;2;9;TEST;37;333;44;7.801418;31;9.309309;1.507891;1.193284;24;64.864865
NEW_MODE;17;02,04,08,11,14,34,40,45,50,65,70,74,78;4;1;TEST;37;333;40;7.092199;20;6.006006;-1.086193;0.846847;16;43.243243
NEW_MODE;17;02,04,08,11,14,34,40,45,50,65,70,74,78;8;4;TEST;37;333;42;7.446809;28;8.408408;0.9616;1.129129;22;59.459459
NEW_MODE;17;02,04,08,11,14,34,40,45,50,65,70,74,78;11;10;TEST;37;333;42;7.446809;21;6.306306;-1.140502;0.846847;14;37.837838
NEW_MODE;17;02,04,08,11,14,34,40,45,50,65,70,74,78;14;12;TEST;37;333;39;6.914894;19;5.705706;-1.209188;0.825133;17;45.945946
NEW_MODE;17;02,04,08,11,14,34,40,45,50,65,70,74,78;34;11;TEST;37;333;42;7.446809;29;8.708709;1.2619;1.169455;22;59.459459
NEW_MODE;17;02,04,08,11,14,34,40,45,50,65,70,74,78;40;13;TEST;37;333;43;7.624113;36;10.810811;3.186697;1.417976;26;70.27027
NEW_MODE;17;02,04,08,11,14,34,40,45,50,65,70,74,78;45;2;TEST;37;333;41;7.269504;28;8.408408;1.138905;1.156669;26;70.27027
NEW_MODE;17;02,04,08,11,14,34,40,45,50,65,70,74,78;50;5;TEST;37;333;27;4.787234;12;3.603604;-1.18363;0.752753;12;32.432432
NEW_MODE;17;02,04,08,11,14,34,40,45,50,65,70,74,78;65;3;TEST;37;333;29;5.141844;18;5.405405;0.263561;1.051258;15;40.540541
NEW_MODE;17;02,04,08,11,14,34,40,45,50,65,70,74,78;70;8;TEST;37;333;26;4.609929;16;4.804805;0.194876;1.042273;14;37.837838
NEW_MODE;17;02,04,08,11,14,34,40,45,50,65,70,74,78;74;7;TEST;37;333;37;6.560284;21;6.306306;-0.253977;0.961286;16;43.243243
NEW_MODE;17;02,04,08,11,14,34,40,45,50,65,70,74,78;78;6;TEST;37;333;29;5.141844;15;4.504505;-0.637339;0.876048;13;35.135135
NEW_MODE;18;04,08,09,26,29,50,55,59,61,78,80,85,88;4;11;DISCOVERY;97;873;100;5.91716;62;7.101947;1.184788;1.200229;45;46.391753
NEW_MODE;18;04,08,09,26,29,50,55,59,61,78,80,85,88;8;7;DISCOVERY;97;873;106;6.272189;67;7.674685;1.402496;1.223605;51;52.57732
NEW_MODE;18;04,08,09,26,29,50,55,59,61,78,80,85,88;9;1;DISCOVERY;97;873;120;7.100592;86;9.851088;2.750496;1.387362;56;57.731959
NEW_MODE;18;04,08,09,26,29,50,55,59,61,78,80,85,88;26;9;DISCOVERY;97;873;118;6.982249;73;8.36197;1.379722;1.197604;56;57.731959
NEW_MODE;18;04,08,09,26,29,50,55,59,61,78,80,85,88;29;8;DISCOVERY;97;873;112;6.627219;70;8.018328;1.391109;1.209908;50;51.546392
NEW_MODE;18;04,08,09,26,29,50,55,59,61,78,80,85,88;50;3;DISCOVERY;97;873;103;6.094675;71;8.132875;2.038201;1.334423;45;46.391753
NEW_MODE;18;04,08,09,26,29,50,55,59,61,78,80,85,88;55;13;DISCOVERY;97;873;122;7.218935;72;8.247423;1.028488;1.142471;54;55.670103
NEW_MODE;18;04,08,09,26,29,50,55,59,61,78,80,85,88;59;4;DISCOVERY;97;873;107;6.331361;72;8.247423;1.916062;1.30263;46;47.42268
NEW_MODE;18;04,08,09,26,29,50,55,59,61,78,80,85,88;61;10;DISCOVERY;97;873;105;6.213018;66;7.560137;1.34712;1.216822;48;49.484536
NEW_MODE;18;04,08,09,26,29,50,55,59,61,78,80,85,88;78;12;DISCOVERY;97;873;120;7.100592;71;8.132875;1.032283;1.14538;51;52.57732
NEW_MODE;18;04,08,09,26,29,50,55,59,61,78,80,85,88;80;5;DISCOVERY;97;873;110;6.508876;71;8.132875;1.623999;1.249505;55;56.701031
NEW_MODE;18;04,08,09,26,29,50,55,59,61,78,80,85,88;85;2;DISCOVERY;97;873;132;7.810651;86;9.851088;2.040437;1.261238;63;64.948454
NEW_MODE;18;04,08,09,26,29,50,55,59,61,78,80,85,88;88;6;DISCOVERY;97;873;104;6.153846;66;7.560137;1.406291;1.228522;50;51.546392
NEW_MODE;18;04,08,09,26,29,50,55,59,61,78,80,85,88;4;11;VALIDATION;32;288;34;6.028369;23;7.986111;1.957742;1.324755;15;46.875
NEW_MODE;18;04,08,09,26,29,50,55,59,61,78,80,85,88;8;7;VALIDATION;32;288;29;5.141844;13;4.513889;-0.627955;0.877874;12;37.5
NEW_MODE;18;04,08,09,26,29,50,55,59,61,78,80,85,88;9;1;VALIDATION;32;288;49;8.687943;28;9.722222;1.034279;1.119048;20;62.5
NEW_MODE;18;04,08,09,26,29,50,55,59,61,78,80,85,88;26;9;VALIDATION;32;288;28;4.964539;22;7.638889;2.67435;1.53869;15;46.875
NEW_MODE;18;04,08,09,26,29,50,55,59,61,78,80,85,88;29;8;VALIDATION;32;288;30;5.319149;8;2.777778;-2.541371;0.522222;8;25.0
NEW_MODE;18;04,08,09,26,29,50,55,59,61,78,80,85,88;50;3;VALIDATION;32;288;27;4.787234;18;6.25;1.462766;1.305556;15;46.875
NEW_MODE;18;04,08,09,26,29,50,55,59,61,78,80,85,88;55;13;VALIDATION;32;288;41;7.269504;29;10.069444;2.799941;1.385163;20;62.5
NEW_MODE;18;04,08,09,26,29,50,55,59,61,78,80,85,88;59;4;VALIDATION;32;288;38;6.737589;15;5.208333;-1.529255;0.773026;12;37.5
NEW_MODE;18;04,08,09,26,29,50,55,59,61,78,80,85,88;61;10;VALIDATION;32;288;35;6.205674;21;7.291667;1.085993;1.175;15;46.875
NEW_MODE;18;04,08,09,26,29,50,55,59,61,78,80,85,88;78;12;VALIDATION;32;288;35;6.205674;21;7.291667;1.085993;1.175;18;56.25
NEW_MODE;18;04,08,09,26,29,50,55,59,61,78,80,85,88;80;5;VALIDATION;32;288;42;7.446809;23;7.986111;0.539303;1.072421;13;40.625
NEW_MODE;18;04,08,09,26,29,50,55,59,61,78,80,85,88;85;2;VALIDATION;32;288;28;4.964539;9;3.125;-1.839539;0.629464;8;25.0
NEW_MODE;18;04,08,09,26,29,50,55,59,61,78,80,85,88;88;6;VALIDATION;32;288;33;5.851064;17;5.902778;0.051714;1.008838;11;34.375
NEW_MODE;18;04,08,09,26,29,50,55,59,61,78,80,85,88;4;11;TEST;41;369;40;7.092199;24;6.504065;-0.588134;0.917073;18;43.902439
NEW_MODE;18;04,08,09,26,29,50,55,59,61,78,80,85,88;8;7;TEST;41;369;42;7.446809;32;8.672087;1.225278;1.164537;24;58.536585
NEW_MODE;18;04,08,09,26,29,50,55,59,61,78,80,85,88;9;1;TEST;41;369;35;6.205674;23;6.233062;0.027389;1.004413;18;43.902439
NEW_MODE;18;04,08,09,26,29,50,55,59,61,78,80,85,88;26;9;TEST;41;369;31;5.496454;24;6.504065;1.007611;1.18332;16;39.02439
NEW_MODE;18;04,08,09,26,29,50,55,59,61,78,80,85,88;29;8;TEST;41;369;36;6.382979;28;7.588076;1.205097;1.188799;19;46.341463
NEW_MODE;18;04,08,09,26,29,50,55,59,61,78,80,85,88;50;3;TEST;41;369;27;4.787234;19;5.149051;0.361817;1.07558;18;43.902439
NEW_MODE;18;04,08,09,26,29,50,55,59,61,78,80,85,88;55;13;TEST;41;369;39;6.914894;24;6.504065;-0.410829;0.940588;19;46.341463
NEW_MODE;18;04,08,09,26,29,50,55,59,61,78,80,85,88;59;4;TEST;41;369;40;7.092199;36;9.756098;2.663899;1.37561;25;60.97561
NEW_MODE;18;04,08,09,26,29,50,55,59,61,78,80,85,88;61;10;TEST;41;369;37;6.560284;22;5.96206;-0.598224;0.908811;18;43.902439
NEW_MODE;18;04,08,09,26,29,50,55,59,61,78,80,85,88;78;12;TEST;41;369;29;5.141844;12;3.252033;-1.889811;0.632464;10;24.390244
NEW_MODE;18;04,08,09,26,29,50,55,59,61,78,80,85,88;80;5;TEST;41;369;46;8.156028;25;6.775068;-1.380961;0.830682;22;53.658537
NEW_MODE;18;04,08,09,26,29,50,55,59,61,78,80,85,88;85;2;TEST;41;369;53;9.397163;36;9.756098;0.358934;1.038196;26;63.414634
NEW_MODE;18;04,08,09,26,29,50,55,59,61,78,80,85,88;88;6;TEST;41;369;41;7.269504;26;7.04607;-0.223433;0.969264;18;43.902439
NEW_MODE;19;13,17,22,31,39,58,64,65,71,74,76,85,90;13;13;DISCOVERY;125;1125;97;5.739645;72;6.4;0.660355;1.115052;61;48.8
NEW_MODE;19;13,17,22,31,39,58,64,65,71,74,76,85,90;17;6;DISCOVERY;125;1125;118;6.982249;92;8.177778;1.195529;1.171224;66;52.8
NEW_MODE;19;13,17,22,31,39,58,64,65,71,74,76,85,90;22;11;DISCOVERY;125;1125;110;6.508876;83;7.377778;0.868902;1.133495;66;52.8
NEW_MODE;19;13,17,22,31,39,58,64,65,71,74,76,85,90;31;8;DISCOVERY;125;1125;108;6.390533;83;7.377778;0.987245;1.154486;63;50.4
NEW_MODE;19;13,17,22,31,39,58,64,65,71,74,76,85,90;39;9;DISCOVERY;125;1125;115;6.804734;87;7.733333;0.9286;1.136464;66;52.8
NEW_MODE;19;13,17,22,31,39,58,64,65,71,74,76,85,90;58;7;DISCOVERY;125;1125;110;6.508876;85;7.555556;1.04668;1.160808;61;48.8
NEW_MODE;19;13,17,22,31,39,58,64,65,71,74,76,85,90;64;2;DISCOVERY;125;1125;97;5.739645;80;7.111111;1.371466;1.238946;67;53.6
NEW_MODE;19;13,17,22,31,39,58,64,65,71,74,76,85,90;65;3;DISCOVERY;125;1125;122;7.218935;96;8.533333;1.314398;1.182077;71;56.8
NEW_MODE;19;13,17,22,31,39,58,64,65,71,74,76,85,90;71;1;DISCOVERY;125;1125;100;5.91716;87;7.733333;1.816174;1.306933;69;55.2
NEW_MODE;19;13,17,22,31,39,58,64,65,71,74,76,85,90;74;12;DISCOVERY;125;1125;122;7.218935;89;7.911111;0.692176;1.095883;65;52.0
NEW_MODE;19;13,17,22,31,39,58,64,65,71,74,76,85,90;76;5;DISCOVERY;125;1125;105;6.213018;84;7.466667;1.253649;1.201778;61;48.8
NEW_MODE;19;13,17,22,31,39,58,64,65,71,74,76,85,90;85;4;DISCOVERY;125;1125;132;7.810651;102;9.066667;1.256016;1.160808;76;60.8
NEW_MODE;19;13,17,22,31,39,58,64,65,71,74,76,85,90;90;10;DISCOVERY;125;1125;129;7.633136;96;8.533333;0.900197;1.117933;64;51.2
NEW_MODE;19;13,17,22,31,39,58,64,65,71,74,76,85,90;13;13;VALIDATION;40;360;32;5.673759;26;7.222222;1.548463;1.272917;19;47.5
NEW_MODE;19;13,17,22,31,39,58,64,65,71,74,76,85,90;17;6;VALIDATION;40;360;32;5.673759;19;5.277778;-0.395981;0.930208;15;37.5
NEW_MODE;19;13,17,22,31,39,58,64,65,71,74,76,85,90;22;11;VALIDATION;40;360;42;7.446809;29;8.055556;0.608747;1.081746;23;57.5
NEW_MODE;19;13,17,22,31,39,58,64,65,71,74,76,85,90;31;8;VALIDATION;40;360;35;6.205674;22;6.111111;-0.094563;0.984762;20;50.0
NEW_MODE;19;13,17,22,31,39,58,64,65,71,74,76,85,90;39;9;VALIDATION;40;360;47;8.333333;33;9.166667;0.833333;1.1;27;67.5
NEW_MODE;19;13,17,22,31,39,58,64,65,71,74,76,85,90;58;7;VALIDATION;40;360;43;7.624113;34;9.444444;1.820331;1.23876;27;67.5
NEW_MODE;19;13,17,22,31,39,58,64,65,71,74,76,85,90;64;2;VALIDATION;40;360;39;6.914894;20;5.555556;-1.359338;0.803419;18;45.0
NEW_MODE;19;13,17,22,31,39,58,64,65,71,74,76,85,90;65;3;VALIDATION;40;360;43;7.624113;29;8.055556;0.431442;1.056589;21;52.5
NEW_MODE;19;13,17,22,31,39,58,64,65,71,74,76,85,90;71;1;VALIDATION;40;360;42;7.446809;25;6.944444;-0.502364;0.93254;23;57.5
NEW_MODE;19;13,17,22,31,39,58,64,65,71,74,76,85,90;74;12;VALIDATION;40;360;34;6.028369;13;3.611111;-2.417258;0.59902;11;27.5
NEW_MODE;19;13,17,22,31,39,58,64,65,71,74,76,85,90;76;5;VALIDATION;40;360;42;7.446809;29;8.055556;0.608747;1.081746;20;50.0
NEW_MODE;19;13,17,22,31,39,58,64,65,71,74,76,85,90;85;4;VALIDATION;40;360;28;4.964539;17;4.722222;-0.242317;0.95119;16;40.0
NEW_MODE;19;13,17,22,31,39,58,64,65,71,74,76,85,90;90;10;VALIDATION;40;360;29;5.141844;12;3.333333;-1.808511;0.648276;12;30.0
NEW_MODE;19;13,17,22,31,39,58,64,65,71,74,76,85,90;13;13;TEST;37;333;41;7.269504;17;5.105105;-2.164398;0.702263;15;40.540541
NEW_MODE;19;13,17,22,31,39,58,64,65,71,74,76,85,90;17;6;TEST;37;333;37;6.560284;21;6.306306;-0.253977;0.961286;15;40.540541
NEW_MODE;19;13,17,22,31,39,58,64,65,71,74,76,85,90;22;11;TEST;37;333;34;6.028369;20;6.006006;-0.022363;0.99629;18;48.648649
NEW_MODE;19;13,17,22,31,39,58,64,65,71,74,76,85,90;31;8;TEST;37;333;41;7.269504;27;8.108108;0.838605;1.115359;20;54.054054
NEW_MODE;19;13,17,22,31,39,58,64,65,71,74,76,85,90;39;9;TEST;37;333;36;6.382979;24;7.207207;0.824228;1.129129;19;51.351351
NEW_MODE;19;13,17,22,31,39,58,64,65,71,74,76,85,90;58;7;TEST;37;333;42;7.446809;23;6.906907;-0.539902;0.927499;19;51.351351
NEW_MODE;19;13,17,22,31,39,58,64,65,71,74,76,85,90;64;2;TEST;37;333;35;6.205674;18;5.405405;-0.800268;0.871042;14;37.837838
NEW_MODE;19;13,17,22,31,39,58,64,65,71,74,76,85,90;65;3;TEST;37;333;29;5.141844;15;4.504505;-0.637339;0.876048;10;27.027027
NEW_MODE;19;13,17,22,31,39,58,64,65,71,74,76,85,90;71;1;TEST;37;333;38;6.737589;23;6.906907;0.169318;1.02513;15;40.540541
NEW_MODE;19;13,17,22,31,39,58,64,65,71,74,76,85,90;74;12;TEST;37;333;37;6.560284;16;4.804805;-1.755479;0.732408;12;32.432432
NEW_MODE;19;13,17,22,31,39,58,64,65,71,74,76,85,90;76;5;TEST;37;333;32;5.673759;17;5.105105;-0.568654;0.899775;12;32.432432
NEW_MODE;19;13,17,22,31,39,58,64,65,71,74,76,85,90;85;4;TEST;37;333;53;9.397163;23;6.906907;-2.490256;0.734999;19;51.351351
NEW_MODE;19;13,17,22,31,39,58,64,65,71,74,76,85,90;90;10;TEST;37;333;35;6.205674;19;5.705706;-0.499968;0.919434;17;45.945946
NEW_MODE;20;05,08,10,15,17,35,36,42,44,66,73,75,82;5;4;DISCOVERY;111;999;99;5.857988;72;7.207207;1.349219;1.230321;57;51.351351
NEW_MODE;20;05,08,10,15,17,35,36,42,44,66,73,75,82;8;5;DISCOVERY;111;999;106;6.272189;76;7.607608;1.335418;1.212911;58;52.252252
NEW_MODE;20;05,08,10,15,17,35,36,42,44,66,73,75,82;10;11;DISCOVERY;111;999;109;6.449704;74;7.407407;0.957703;1.148488;57;51.351351
NEW_MODE;20;05,08,10,15,17,35,36,42,44,66,73,75,82;15;1;DISCOVERY;111;999;118;6.982249;102;10.21021;3.227962;1.46231;67;60.36036
NEW_MODE;20;05,08,10,15,17,35,36,42,44,66,73,75,82;17;3;DISCOVERY;111;999;118;6.982249;86;8.608609;1.62636;1.232928;62;55.855856
NEW_MODE;20;05,08,10,15,17,35,36,42,44,66,73,75,82;35;12;DISCOVERY;111;999;111;6.568047;75;7.507508;0.93946;1.143035;57;51.351351
NEW_MODE;20;05,08,10,15,17,35,36,42,44,66,73,75,82;36;13;DISCOVERY;111;999;98;5.798817;67;6.706707;0.90789;1.156565;54;48.648649
NEW_MODE;20;05,08,10,15,17,35,36,42,44,66,73,75,82;42;2;DISCOVERY;111;999;104;6.153846;82;8.208208;2.054362;1.333834;58;52.252252
NEW_MODE;20;05,08,10,15,17,35,36,42,44,66,73,75,82;44;6;DISCOVERY;111;999;101;5.976331;71;7.107107;1.130776;1.189209;50;45.045045
NEW_MODE;20;05,08,10,15,17,35,36,42,44,66,73,75,82;66;7;DISCOVERY;111;999;116;6.863905;79;7.907908;1.044003;1.1521;60;54.054054
NEW_MODE;20;05,08,10,15,17,35,36,42,44,66,73,75,82;73;10;DISCOVERY;111;999;93;5.502959;65;6.506507;1.003548;1.182365;55;49.54955
NEW_MODE;20;05,08,10,15,17,35,36,42,44,66,73,75,82;75;8;DISCOVERY;111;999;128;7.573964;86;8.608609;1.034644;1.136605;61;54.954955
NEW_MODE;20;05,08,10,15,17,35,36,42,44,66,73,75,82;82;9;DISCOVERY;111;999;125;7.39645;84;8.408408;1.011959;1.136817;61;54.954955
NEW_MODE;20;05,08,10,15,17,35,36,42,44,66,73,75,82;5;4;VALIDATION;37;333;41;7.269504;23;6.906907;-0.362597;0.950121;22;59.459459
NEW_MODE;20;05,08,10,15,17,35,36,42,44,66,73,75,82;8;5;VALIDATION;37;333;29;5.141844;17;5.105105;-0.036739;0.992855;15;40.540541
NEW_MODE;20;05,08,10,15,17,35,36,42,44,66,73,75,82;10;11;VALIDATION;37;333;41;7.269504;21;6.306306;-0.963197;0.867502;18;48.648649
NEW_MODE;20;05,08,10,15,17,35,36,42,44,66,73,75,82;15;1;VALIDATION;37;333;44;7.801418;27;8.108108;0.30669;1.039312;20;54.054054
NEW_MODE;20;05,08,10,15,17,35,36,42,44,66,73,75,82;17;3;VALIDATION;37;333;32;5.673759;17;5.105105;-0.568654;0.899775;14;37.837838
NEW_MODE;20;05,08,10,15,17,35,36,42,44,66,73,75,82;35;12;VALIDATION;37;333;40;7.092199;20;6.006006;-1.086193;0.846847;13;35.135135
NEW_MODE;20;05,08,10,15,17,35,36,42,44,66,73,75,82;36;13;VALIDATION;37;333;26;4.609929;16;4.804805;0.194876;1.042273;10;27.027027
NEW_MODE;20;05,08,10,15,17,35,36,42,44,66,73,75,82;42;2;VALIDATION;37;333;45;7.978723;32;9.60961;1.630886;1.204404;21;56.756757
NEW_MODE;20;05,08,10,15,17,35,36,42,44,66,73,75,82;44;6;VALIDATION;37;333;36;6.382979;12;3.603604;-2.779375;0.564565;10;27.027027
NEW_MODE;20;05,08,10,15,17,35,36,42,44,66,73,75,82;66;7;VALIDATION;37;333;44;7.801418;26;7.807808;0.006389;1.000819;21;56.756757
NEW_MODE;20;05,08,10,15,17,35,36,42,44,66,73,75,82;73;10;VALIDATION;37;333;44;7.801418;23;6.906907;-0.894512;0.88534;15;40.540541
NEW_MODE;20;05,08,10,15,17,35,36,42,44,66,73,75,82;75;8;VALIDATION;37;333;33;5.851064;16;4.804805;-1.046259;0.821185;14;37.837838
NEW_MODE;20;05,08,10,15,17,35,36,42,44,66,73,75,82;82;9;VALIDATION;37;333;31;5.496454;16;4.804805;-0.691649;0.874164;15;40.540541
NEW_MODE;20;05,08,10,15,17,35,36,42,44,66,73,75,82;5;4;TEST;40;360;41;7.269504;21;5.833333;-1.43617;0.802439;16;40.0
NEW_MODE;20;05,08,10,15,17,35,36,42,44,66,73,75,82;8;5;TEST;40;360;42;7.446809;30;8.333333;0.886525;1.119048;22;55.0
NEW_MODE;20;05,08,10,15,17,35,36,42,44,66,73,75,82;10;11;TEST;40;360;40;7.092199;30;8.333333;1.241135;1.175;21;52.5
NEW_MODE;20;05,08,10,15,17,35,36,42,44,66,73,75,82;15;1;TEST;40;360;29;5.141844;21;5.833333;0.691489;1.134483;18;45.0
NEW_MODE;20;05,08,10,15,17,35,36,42,44,66,73,75,82;17;3;TEST;40;360;37;6.560284;27;7.5;0.939716;1.143243;20;50.0
NEW_MODE;20;05,08,10,15,17,35,36,42,44,66,73,75,82;35;12;TEST;40;360;32;5.673759;18;5.0;-0.673759;0.88125;17;42.5
NEW_MODE;20;05,08,10,15,17,35,36,42,44,66,73,75,82;36;13;TEST;40;360;34;6.028369;22;6.111111;0.082742;1.013725;17;42.5
NEW_MODE;20;05,08,10,15,17,35,36,42,44,66,73,75,82;42;2;TEST;40;360;45;7.978723;23;6.388889;-1.589835;0.800741;21;52.5
NEW_MODE;20;05,08,10,15,17,35,36,42,44,66,73,75,82;44;6;TEST;40;360;35;6.205674;28;7.777778;1.572104;1.253333;21;52.5
NEW_MODE;20;05,08,10,15,17,35,36,42,44,66,73,75,82;66;7;TEST;40;360;35;6.205674;27;7.5;1.294326;1.208571;19;47.5
NEW_MODE;20;05,08,10,15,17,35,36,42,44,66,73,75,82;73;10;TEST;40;360;47;8.333333;22;6.111111;-2.222222;0.733333;18;45.0
NEW_MODE;20;05,08,10,15,17,35,36,42,44,66,73,75,82;75;8;TEST;40;360;37;6.560284;21;5.833333;-0.72695;0.889189;18;45.0
NEW_MODE;20;05,08,10,15,17,35,36,42,44,66,73,75,82;82;9;TEST;40;360;36;6.382979;26;7.222222;0.839243;1.131481;21;52.5
NEW_MODE;21;02,04,08,14,26,52,58,69,74,79,80,86,88;2;6;DISCOVERY;120;1080;100;5.91716;76;7.037037;1.119877;1.189259;59;49.166667
NEW_MODE;21;02,04,08,14,26,52,58,69,74,79,80,86,88;4;7;DISCOVERY;120;1080;100;5.91716;76;7.037037;1.119877;1.189259;58;48.333333
NEW_MODE;21;02,04,08,14,26,52,58,69,74,79,80,86,88;8;4;DISCOVERY;120;1080;106;6.272189;81;7.5;1.227811;1.195755;62;51.666667
NEW_MODE;21;02,04,08,14,26,52,58,69,74,79,80,86,88;14;5;DISCOVERY;120;1080;99;5.857988;76;7.037037;1.179049;1.201272;59;49.166667
NEW_MODE;21;02,04,08,14,26,52,58,69,74,79,80,86,88;26;12;DISCOVERY;120;1080;118;6.982249;85;7.87037;0.888122;1.127197;67;55.833333
NEW_MODE;21;02,04,08,14,26,52,58,69,74,79,80,86,88;52;10;DISCOVERY;120;1080;131;7.751479;94;8.703704;0.952224;1.122844;64;53.333333
NEW_MODE;21;02,04,08,14,26,52,58,69,74,79,80,86,88;58;8;DISCOVERY;120;1080;110;6.508876;82;7.592593;1.083717;1.166498;62;51.666667
NEW_MODE;21;02,04,08,14,26,52,58,69,74,79,80,86,88;69;3;DISCOVERY;120;1080;115;6.804734;87;8.055556;1.250822;1.183816;63;52.5
NEW_MODE;21;02,04,08,14,26,52,58,69,74,79,80,86,88;74;13;DISCOVERY;120;1080;122;7.218935;87;8.055556;0.836621;1.115893;60;50.0
NEW_MODE;21;02,04,08,14,26,52,58,69,74,79,80,86,88;79;2;DISCOVERY;120;1080;130;7.692308;101;9.351852;1.659544;1.215741;75;62.5
NEW_MODE;21;02,04,08,14,26,52,58,69,74,79,80,86,88;80;1;DISCOVERY;120;1080;110;6.508876;92;8.518519;2.009643;1.308754;68;56.666667
NEW_MODE;21;02,04,08,14,26,52,58,69,74,79,80,86,88;86;11;DISCOVERY;120;1080;125;7.39645;90;8.333333;0.936884;1.126667;63;52.5
NEW_MODE;21;02,04,08,14,26,52,58,69,74,79,80,86,88;88;9;DISCOVERY;120;1080;104;6.153846;77;7.12963;0.975783;1.158565;59;49.166667
NEW_MODE;21;02,04,08,14,26,52,58,69,74,79,80,86,88;2;6;VALIDATION;40;360;25;4.432624;18;5.0;0.567376;1.128;14;35.0
NEW_MODE;21;02,04,08,14,26,52,58,69,74,79,80,86,88;4;7;VALIDATION;40;360;34;6.028369;17;4.722222;-1.306147;0.783333;14;35.0
NEW_MODE;21;02,04,08,14,26,52,58,69,74,79,80,86,88;8;4;VALIDATION;40;360;29;5.141844;17;4.722222;-0.419622;0.918391;16;40.0
NEW_MODE;21;02,04,08,14,26,52,58,69,74,79,80,86,88;14;5;VALIDATION;40;360;36;6.382979;30;8.333333;1.950355;1.305556;21;52.5
NEW_MODE;21;02,04,08,14,26,52,58,69,74,79,80,86,88;26;12;VALIDATION;40;360;28;4.964539;15;4.166667;-0.797872;0.839286;13;32.5
NEW_MODE;21;02,04,08,14,26,52,58,69,74,79,80,86,88;52;10;VALIDATION;40;360;47;8.333333;25;6.944444;-1.388889;0.833333;21;52.5
NEW_MODE;21;02,04,08,14,26,52,58,69,74,79,80,86,88;58;8;VALIDATION;40;360;43;7.624113;29;8.055556;0.431442;1.056589;22;55.0
NEW_MODE;21;02,04,08,14,26,52,58,69,74,79,80,86,88;69;3;VALIDATION;40;360;37;6.560284;25;6.944444;0.384161;1.058559;20;50.0
NEW_MODE;21;02,04,08,14,26,52,58,69,74,79,80,86,88;74;13;VALIDATION;40;360;34;6.028369;21;5.833333;-0.195035;0.967647;17;42.5
NEW_MODE;21;02,04,08,14,26,52,58,69,74,79,80,86,88;79;2;VALIDATION;40;360;35;6.205674;16;4.444444;-1.761229;0.71619;16;40.0
NEW_MODE;21;02,04,08,14,26,52,58,69,74,79,80,86,88;80;1;VALIDATION;40;360;42;7.446809;23;6.388889;-1.05792;0.857937;17;42.5
NEW_MODE;21;02,04,08,14,26,52,58,69,74,79,80,86,88;86;11;VALIDATION;40;360;45;7.978723;30;8.333333;0.35461;1.044444;24;60.0
NEW_MODE;21;02,04,08,14,26,52,58,69,74,79,80,86,88;88;9;VALIDATION;40;360;33;5.851064;23;6.388889;0.537825;1.091919;18;45.0
NEW_MODE;21;02,04,08,14,26,52,58,69,74,79,80,86,88;2;6;TEST;35;315;44;7.801418;32;10.15873;2.357312;1.302165;21;60.0
NEW_MODE;21;02,04,08,14,26,52,58,69,74,79,80,86,88;4;7;TEST;35;315;40;7.092199;27;8.571429;1.47923;1.208571;23;65.714286
NEW_MODE;21;02,04,08,14,26,52,58,69,74,79,80,86,88;8;4;TEST;35;315;42;7.446809;19;6.031746;-1.415062;0.809977;15;42.857143
NEW_MODE;21;02,04,08,14,26,52,58,69,74,79,80,86,88;14;5;TEST;35;315;39;6.914894;21;6.666667;-0.248227;0.964103;17;48.571429
NEW_MODE;21;02,04,08,14,26,52,58,69,74,79,80,86,88;26;12;TEST;35;315;31;5.496454;17;5.396825;-0.099629;0.981874;9;25.714286
NEW_MODE;21;02,04,08,14,26,52,58,69,74,79,80,86,88;52;10;TEST;35;315;38;6.737589;20;6.349206;-0.388382;0.942356;15;42.857143
NEW_MODE;21;02,04,08,14,26,52,58,69,74,79,80,86,88;58;8;TEST;35;315;42;7.446809;22;6.984127;-0.462682;0.937868;21;60.0
NEW_MODE;21;02,04,08,14,26,52,58,69,74,79,80,86,88;69;3;TEST;35;315;36;6.382979;22;6.984127;0.601148;1.09418;16;45.714286
NEW_MODE;21;02,04,08,14,26,52,58,69,74,79,80,86,88;74;13;TEST;35;315;37;6.560284;16;5.079365;-1.480919;0.77426;14;40.0
NEW_MODE;21;02,04,08,14,26,52,58,69,74,79,80,86,88;79;2;TEST;35;315;46;8.156028;29;9.206349;1.050321;1.128778;20;57.142857
NEW_MODE;21;02,04,08,14,26,52,58,69,74,79,80,86,88;80;1;TEST;35;315;46;8.156028;26;8.253968;0.09794;1.012008;22;62.857143
NEW_MODE;21;02,04,08,14,26,52,58,69,74,79,80,86,88;86;11;TEST;35;315;35;6.205674;23;7.301587;1.095914;1.176599;17;48.571429
NEW_MODE;21;02,04,08,14,26,52,58,69,74,79,80,86,88;88;9;TEST;35;315;41;7.269504;17;5.396825;-1.872678;0.742393;12;34.285714
NEW_MODE;22;11,12,24,25,37,52,58,67,73,80,84,85,89;11;9;DISCOVERY;110;990;120;7.100592;79;7.979798;0.879206;1.123822;53;48.181818
NEW_MODE;22;11,12,24,25,37,52,58,67,73,80,84,85,89;12;3;DISCOVERY;110;990;115;6.804734;82;8.282828;1.478095;1.217216;59;53.636364
NEW_MODE;22;11,12,24,25,37,52,58,67,73,80,84,85,89;24;12;DISCOVERY;110;990;108;6.390533;71;7.171717;0.781185;1.122241;52;47.272727
NEW_MODE;22;11,12,24,25,37,52,58,67,73,80,84,85,89;25;6;DISCOVERY;110;990;117;6.923077;79;7.979798;1.056721;1.152637;58;52.727273
NEW_MODE;22;11,12,24,25,37,52,58,67,73,80,84,85,89;37;7;DISCOVERY;110;990;109;6.449704;74;7.474747;1.025043;1.158929;58;52.727273
NEW_MODE;22;11,12,24,25,37,52,58,67,73,80,84,85,89;52;2;DISCOVERY;110;990;131;7.751479;92;9.292929;1.54145;1.198859;64;58.181818
NEW_MODE;22;11,12,24,25,37,52,58,67,73,80,84,85,89;58;13;DISCOVERY;110;990;110;6.508876;72;7.272727;0.763852;1.117355;52;47.272727
NEW_MODE;22;11,12,24,25,37,52,58,67,73,80,84,85,89;67;8;DISCOVERY;110;990;120;7.100592;80;8.080808;0.980216;1.138047;60;54.545455
NEW_MODE;22;11,12,24,25,37,52,58,67,73,80,84,85,89;73;4;DISCOVERY;110;990;93;5.502959;68;6.868687;1.365728;1.248181;56;50.909091
NEW_MODE;22;11,12,24,25,37,52,58,67,73,80,84,85,89;80;1;DISCOVERY;110;990;110;6.508876;83;8.383838;1.874963;1.288062;62;56.363636
NEW_MODE;22;11,12,24,25,37,52,58,67,73,80,84,85,89;84;5;DISCOVERY;110;990;114;6.745562;78;7.878788;1.133226;1.167996;58;52.727273
NEW_MODE;22;11,12,24,25,37,52,58,67,73,80,84,85,89;85;10;DISCOVERY;110;990;132;7.810651;86;8.686869;0.876218;1.112182;56;50.909091
NEW_MODE;22;11,12,24,25,37,52,58,67,73,80,84,85,89;89;11;DISCOVERY;110;990;109;6.449704;72;7.272727;0.823023;1.127606;56;50.909091
NEW_MODE;22;11,12,24,25,37,52,58,67,73,80,84,85,89;11;9;VALIDATION;41;369;27;4.787234;10;2.710027;-2.077207;0.566095;10;24.390244
NEW_MODE;22;11,12,24,25,37,52,58,67,73,80,84,85,89;12;3;VALIDATION;41;369;28;4.964539;21;5.691057;0.726518;1.146341;18;43.902439
NEW_MODE;22;11,12,24,25,37,52,58,67,73,80,84,85,89;24;12;VALIDATION;41;369;34;6.028369;31;8.401084;2.372715;1.393592;21;51.219512
NEW_MODE;22;11,12,24,25,37,52,58,67,73,80,84,85,89;25;6;VALIDATION;41;369;46;8.156028;38;10.298103;2.142075;1.262637;18;43.902439
NEW_MODE;22;11,12,24,25,37,52,58,67,73,80,84,85,89;37;7;VALIDATION;41;369;46;8.156028;33;8.943089;0.787061;1.096501;26;63.414634
NEW_MODE;22;11,12,24,25,37,52,58,67,73,80,84,85,89;52;2;VALIDATION;41;369;47;8.333333;28;7.588076;-0.745257;0.910569;22;53.658537
NEW_MODE;22;11,12,24,25,37,52,58,67,73,80,84,85,89;58;13;VALIDATION;41;369;43;7.624113;34;9.214092;1.589979;1.208546;25;60.97561
NEW_MODE;22;11,12,24,25,37,52,58,67,73,80,84,85,89;67;8;VALIDATION;41;369;36;6.382979;23;6.233062;-0.149916;0.976513;19;46.341463
NEW_MODE;22;11,12,24,25,37,52,58,67,73,80,84,85,89;73;4;VALIDATION;41;369;44;7.801418;22;5.96206;-1.839359;0.764228;20;48.780488
NEW_MODE;22;11,12,24,25,37,52,58,67,73,80,84,85,89;80;1;VALIDATION;41;369;42;7.446809;25;6.775068;-0.671741;0.909795;16;39.02439
NEW_MODE;22;11,12,24,25,37,52,58,67,73,80,84,85,89;84;5;VALIDATION;41;369;32;5.673759;20;5.420054;-0.253705;0.955285;17;41.463415
NEW_MODE;22;11,12,24,25,37,52,58,67,73,80,84,85,89;85;10;VALIDATION;41;369;28;4.964539;17;4.607046;-0.357493;0.927991;16;39.02439
NEW_MODE;22;11,12,24,25,37,52,58,67,73,80,84,85,89;89;11;VALIDATION;41;369;42;7.446809;26;7.04607;-0.400738;0.946187;22;53.658537
NEW_MODE;22;11,12,24,25,37,52,58,67,73,80,84,85,89;11;9;TEST;33;297;42;7.446809;18;6.060606;-1.386202;0.813853;13;39.393939
NEW_MODE;22;11,12,24,25,37,52,58,67,73,80,84,85,89;12;3;TEST;33;297;25;4.432624;11;3.703704;-0.72892;0.835556;10;30.30303
NEW_MODE;22;11,12,24,25,37,52,58,67,73,80,84,85,89;24;12;TEST;33;297;32;5.673759;15;5.050505;-0.623254;0.890152;13;39.393939
NEW_MODE;22;11,12,24,25,37,52,58,67,73,80,84,85,89;25;6;TEST;33;297;35;6.205674;16;5.387205;-0.818468;0.86811;13;39.393939
NEW_MODE;22;11,12,24,25,37,52,58,67,73,80,84,85,89;37;7;TEST;33;297;28;4.964539;18;6.060606;1.096067;1.220779;15;45.454545
NEW_MODE;22;11,12,24,25,37,52,58,67,73,80,84,85,89;52;2;TEST;33;297;38;6.737589;21;7.070707;0.333118;1.049442;16;48.484848
NEW_MODE;22;11,12,24,25,37,52,58,67,73,80,84,85,89;58;13;TEST;33;297;42;7.446809;18;6.060606;-1.386202;0.813853;15;45.454545
NEW_MODE;22;11,12,24,25,37,52,58,67,73,80,84,85,89;67;8;TEST;33;297;28;4.964539;16;5.387205;0.422666;1.085137;13;39.393939
NEW_MODE;22;11,12,24,25,37,52,58,67,73,80,84,85,89;73;4;TEST;33;297;47;8.333333;22;7.407407;-0.925926;0.888889;15;45.454545
NEW_MODE;22;11,12,24,25,37,52,58,67,73,80,84,85,89;80;1;TEST;33;297;46;8.156028;24;8.080808;-0.07522;0.990777;19;57.575758
NEW_MODE;22;11,12,24,25,37,52,58,67,73,80,84,85,89;84;5;TEST;33;297;35;6.205674;17;5.723906;-0.481768;0.922367;14;42.424242
NEW_MODE;22;11,12,24,25,37,52,58,67,73,80,84,85,89;85;10;TEST;33;297;53;9.397163;27;9.090909;-0.306254;0.96741;20;60.606061
NEW_MODE;22;11,12,24,25,37,52,58,67,73,80,84,85,89;89;11;TEST;33;297;36;6.382979;24;8.080808;1.697829;1.265993;16;48.484848
NEW_MODE;23;14,25,26,39,50,55,56,57,63,64,81,82,87;14;13;DISCOVERY;97;873;99;5.857988;59;6.758305;0.900317;1.15369;47;48.453608
NEW_MODE;23;14,25,26,39,50,55,56,57,63,64,81,82,87;25;4;DISCOVERY;97;873;117;6.923077;72;8.247423;1.324346;1.191294;49;50.515464
NEW_MODE;23;14,25,26,39,50,55,56,57,63,64,81,82,87;26;2;DISCOVERY;97;873;118;6.982249;76;8.705613;1.723364;1.246821;58;59.793814
NEW_MODE;23;14,25,26,39,50,55,56,57,63,64,81,82,87;39;3;DISCOVERY;97;873;115;6.804734;71;8.132875;1.328141;1.195179;56;57.731959
NEW_MODE;23;14,25,26,39,50,55,56,57,63,64,81,82,87;50;9;DISCOVERY;97;873;103;6.094675;62;7.101947;1.007273;1.165271;46;47.42268
NEW_MODE;23;14,25,26,39,50,55,56,57,63,64,81,82,87;55;11;DISCOVERY;97;873;122;7.218935;71;8.132875;0.91394;1.126603;50;51.546392
NEW_MODE;23;14,25,26,39,50,55,56,57,63,64,81,82,87;56;10;DISCOVERY;97;873;123;7.278107;72;8.247423;0.969316;1.133182;52;53.608247
NEW_MODE;23;14,25,26,39,50,55,56,57,63,64,81,82,87;57;5;DISCOVERY;97;873;116;6.863905;71;8.132875;1.26897;1.184876;55;56.701031
NEW_MODE;23;14,25,26,39,50,55,56,57,63,64,81,82,87;63;6;DISCOVERY;97;873;109;6.449704;67;7.674685;1.224981;1.189928;54;55.670103
NEW_MODE;23;14,25,26,39,50,55,56,57,63,64,81,82,87;64;12;DISCOVERY;97;873;97;5.739645;58;6.643757;0.904112;1.157521;52;53.608247
NEW_MODE;23;14,25,26,39,50,55,56,57,63,64,81,82,87;81;1;DISCOVERY;97;873;114;6.745562;76;8.705613;1.960051;1.290569;58;59.793814
NEW_MODE;23;14,25,26,39,50,55,56,57,63,64,81,82,87;82;7;DISCOVERY;97;873;125;7.39645;74;8.476518;1.080068;1.146025;57;58.762887
NEW_MODE;23;14,25,26,39,50,55,56,57,63,64,81,82,87;87;8;DISCOVERY;97;873;112;6.627219;67;7.674685;1.047466;1.158055;53;54.639175
NEW_MODE;23;14,25,26,39,50,55,56,57,63,64,81,82,87;14;13;VALIDATION;34;306;36;6.382979;22;7.189542;0.806564;1.126362;18;52.941176
NEW_MODE;23;14,25,26,39,50,55,56,57,63,64,81,82,87;25;4;VALIDATION;34;306;46;8.156028;30;9.803922;1.647893;1.202046;20;58.823529
NEW_MODE;23;14,25,26,39,50,55,56,57,63,64,81,82,87;26;2;VALIDATION;34;306;28;4.964539;17;5.555556;0.591017;1.119048;13;38.235294
NEW_MODE;23;14,25,26,39,50,55,56,57,63,64,81,82,87;39;3;VALIDATION;34;306;47;8.333333;28;9.150327;0.816993;1.098039;21;61.764706
NEW_MODE;23;14,25,26,39,50,55,56,57,63,64,81,82,87;50;9;VALIDATION;34;306;27;4.787234;11;3.594771;-1.192463;0.750908;9;26.470588
NEW_MODE;23;14,25,26,39,50,55,56,57,63,64,81,82,87;55;11;VALIDATION;34;306;41;7.269504;16;5.228758;-2.040745;0.719273;14;41.176471
NEW_MODE;23;14,25,26,39,50,55,56,57,63,64,81,82,87;56;10;VALIDATION;34;306;39;6.914894;19;6.20915;-0.705743;0.897939;15;44.117647
NEW_MODE;23;14,25,26,39,50,55,56,57,63,64,81,82,87;57;5;VALIDATION;34;306;34;6.028369;22;7.189542;1.161174;1.192618;16;47.058824
NEW_MODE;23;14,25,26,39,50,55,56,57,63,64,81,82,87;63;6;VALIDATION;34;306;34;6.028369;14;4.575163;-1.453205;0.758939;12;35.294118
NEW_MODE;23;14,25,26,39,50,55,56,57,63,64,81,82,87;64;12;VALIDATION;34;306;39;6.914894;30;9.803922;2.889028;1.417798;18;52.941176
NEW_MODE;23;14,25,26,39,50,55,56,57,63,64,81,82,87;81;1;VALIDATION;34;306;42;7.446809;30;9.803922;2.357113;1.316527;20;58.823529
NEW_MODE;23;14,25,26,39,50,55,56,57,63,64,81,82,87;82;7;VALIDATION;34;306;31;5.496454;18;5.882353;0.385899;1.070209;16;47.058824
NEW_MODE;23;14,25,26,39,50,55,56,57,63,64,81,82,87;87;8;VALIDATION;34;306;40;7.092199;16;5.228758;-1.86344;0.737255;12;35.294118
NEW_MODE;23;14,25,26,39,50,55,56,57,63,64,81,82,87;14;13;TEST;44;396;39;6.914894;31;7.828283;0.913389;1.13209;24;54.545455
NEW_MODE;23;14,25,26,39,50,55,56,57,63,64,81,82,87;25;4;TEST;44;396;35;6.205674;23;5.808081;-0.397593;0.935931;18;40.909091
NEW_MODE;23;14,25,26,39,50,55,56,57,63,64,81,82,87;26;2;TEST;44;396;31;5.496454;25;6.313131;0.816677;1.148583;20;45.454545
NEW_MODE;23;14,25,26,39,50,55,56,57,63,64,81,82,87;39;3;TEST;44;396;36;6.382979;32;8.080808;1.697829;1.265993;25;56.818182
NEW_MODE;23;14,25,26,39,50,55,56,57,63,64,81,82,87;50;9;TEST;44;396;27;4.787234;22;5.555556;0.768322;1.160494;20;45.454545
NEW_MODE;23;14,25,26,39,50,55,56,57,63,64,81,82,87;55;11;TEST;44;396;39;6.914894;35;8.838384;1.92349;1.278166;27;61.363636
NEW_MODE;23;14,25,26,39,50,55,56,57,63,64,81,82,87;56;10;TEST;44;396;36;6.382979;25;6.313131;-0.069847;0.989057;16;36.363636
NEW_MODE;23;14,25,26,39,50,55,56,57,63,64,81,82,87;57;5;TEST;44;396;34;6.028369;19;4.79798;-1.230389;0.7959;15;34.090909
NEW_MODE;23;14,25,26,39,50,55,56,57,63,64,81,82,87;63;6;TEST;44;396;47;8.333333;31;7.828283;-0.505051;0.939394;24;54.545455
NEW_MODE;23;14,25,26,39,50,55,56,57,63,64,81,82,87;64;12;TEST;44;396;35;6.205674;28;7.070707;0.865033;1.139394;22;50.0
NEW_MODE;23;14,25,26,39,50,55,56,57,63,64,81,82,87;81;1;TEST;44;396;38;6.737589;32;8.080808;1.343219;1.199362;26;59.090909
NEW_MODE;23;14,25,26,39,50,55,56,57,63,64,81,82,87;82;7;TEST;44;396;36;6.382979;23;5.808081;-0.574898;0.909933;20;45.454545
NEW_MODE;23;14,25,26,39,50,55,56,57,63,64,81,82,87;87;8;TEST;44;396;33;5.851064;19;4.79798;-1.053084;0.820018;18;40.909091
NEW_MODE;24;15,16,30,31,36,40,46,49,53,59,74,84,88;15;1;DISCOVERY;108;972;118;6.982249;89;9.156379;2.17413;1.31138;62;57.407407
NEW_MODE;24;15,16,30,31,36,40,46,49,53,59,74,84,88;16;10;DISCOVERY;108;972;117;6.923077;77;7.921811;0.998734;1.144262;54;50.0
NEW_MODE;24;15,16,30,31,36,40,46,49,53,59,74,84,88;30;7;DISCOVERY;108;972;101;5.976331;70;7.201646;1.225315;1.205028;53;49.074074
NEW_MODE;24;15,16,30,31,36,40,46,49,53,59,74,84,88;31;9;DISCOVERY;108;972;108;6.390533;72;7.407407;1.016875;1.159122;42;38.888889
NEW_MODE;24;15,16,30,31,36,40,46,49,53,59,74,84,88;36;11;DISCOVERY;108;972;98;5.798817;66;6.790123;0.991307;1.17095;56;51.851852
NEW_MODE;24;15,16,30,31,36,40,46,49,53,59,74,84,88;40;4;DISCOVERY;108;972;101;5.976331;73;7.510288;1.533957;1.256672;53;49.074074
NEW_MODE;24;15,16,30,31,36,40,46,49,53,59,74,84,88;46;2;DISCOVERY;108;972;110;6.508876;80;8.230453;1.721577;1.264497;60;55.555556
NEW_MODE;24;15,16,30,31,36,40,46,49,53,59,74,84,88;49;13;DISCOVERY;108;972;125;7.39645;80;8.230453;0.834003;1.112757;59;54.62963
NEW_MODE;24;15,16,30,31,36,40,46,49,53,59,74,84,88;53;6;DISCOVERY;108;972;91;5.384615;65;6.687243;1.302627;1.241917;47;43.518519
NEW_MODE;24;15,16,30,31,36,40,46,49,53,59,74,84,88;59;5;DISCOVERY;108;972;107;6.331361;76;7.81893;1.487569;1.234953;49;45.37037
NEW_MODE;24;15,16,30,31,36,40,46,49,53,59,74,84,88;74;12;DISCOVERY;108;972;122;7.218935;79;8.127572;0.908637;1.125869;52;48.148148
NEW_MODE;24;15,16,30,31,36,40,46,49,53,59,74,84,88;84;8;DISCOVERY;108;972;114;6.745562;76;7.81893;1.073368;1.159122;66;61.111111
NEW_MODE;24;15,16,30,31,36,40,46,49,53,59,74,84,88;88;3;DISCOVERY;108;972;104;6.153846;76;7.81893;1.665084;1.270576;56;51.851852
NEW_MODE;24;15,16,30,31,36,40,46,49,53,59,74,84,88;15;1;VALIDATION;34;306;44;7.801418;20;6.535948;-1.265471;0.83779;16;47.058824
NEW_MODE;24;15,16,30,31,36,40,46,49,53,59,74,84,88;16;10;VALIDATION;34;306;31;5.496454;16;5.228758;-0.267696;0.951297;16;47.058824
NEW_MODE;24;15,16,30,31,36,40,46,49,53,59,74,84,88;30;7;VALIDATION;34;306;36;6.382979;17;5.555556;-0.827423;0.87037;14;41.176471
NEW_MODE;24;15,16,30,31,36,40,46,49,53,59,74,84,88;31;9;VALIDATION;34;306;35;6.205674;24;7.843137;1.637463;1.263866;20;58.823529
NEW_MODE;24;15,16,30,31,36,40,46,49,53,59,74,84,88;36;11;VALIDATION;34;306;26;4.609929;12;3.921569;-0.68836;0.850679;8;23.529412
NEW_MODE;24;15,16,30,31,36,40,46,49,53,59,74,84,88;40;4;VALIDATION;34;306;46;8.156028;23;7.51634;-0.639688;0.921569;17;50.0
NEW_MODE;24;15,16,30,31,36,40,46,49,53,59,74,84,88;46;2;VALIDATION;34;306;36;6.382979;17;5.555556;-0.827423;0.87037;16;47.058824
NEW_MODE;24;15,16,30,31,36,40,46,49,53,59,74,84,88;49;13;VALIDATION;34;306;47;8.333333;29;9.477124;1.143791;1.137255;20;58.823529
NEW_MODE;24;15,16,30,31,36,40,46,49,53,59,74,84,88;53;6;VALIDATION;34;306;35;6.205674;22;7.189542;0.983869;1.158543;13;38.235294
NEW_MODE;24;15,16,30,31,36,40,46,49,53,59,74,84,88;59;5;VALIDATION;34;306;38;6.737589;17;5.555556;-1.182033;0.824561;12;35.294118
NEW_MODE;24;15,16,30,31,36,40,46,49,53,59,74,84,88;74;12;VALIDATION;34;306;34;6.028369;12;3.921569;-2.1068;0.650519;10;29.411765
NEW_MODE;24;15,16,30,31,36,40,46,49,53,59,74,84,88;84;8;VALIDATION;34;306;32;5.673759;15;4.901961;-0.771798;0.863971;13;38.235294
NEW_MODE;24;15,16,30,31,36,40,46,49,53,59,74,84,88;88;3;VALIDATION;34;306;33;5.851064;20;6.535948;0.684884;1.117053;17;50.0
NEW_MODE;24;15,16,30,31,36,40,46,49,53,59,74,84,88;15;1;TEST;31;279;29;5.141844;11;3.942652;-1.199192;0.766778;9;29.032258
NEW_MODE;24;15,16,30,31,36,40,46,49,53,59,74,84,88;16;10;TEST;31;279;37;6.560284;20;7.168459;0.608175;1.092706;16;51.612903
NEW_MODE;24;15,16,30,31,36,40,46,49,53,59,74,84,88;30;7;TEST;31;279;39;6.914894;19;6.810036;-0.104858;0.984836;15;48.387097
NEW_MODE;24;15,16,30,31,36,40,46,49,53,59,74,84,88;31;9;TEST;31;279;41;7.269504;14;5.017921;-2.251582;0.69027;11;35.483871
NEW_MODE;24;15,16,30,31,36,40,46,49,53,59,74,84,88;36;11;TEST;31;279;34;6.028369;19;6.810036;0.781667;1.129665;15;48.387097
NEW_MODE;24;15,16,30,31,36,40,46,49,53,59,74,84,88;40;4;TEST;31;279;43;7.624113;14;5.017921;-2.606192;0.658165;10;32.258065
NEW_MODE;24;15,16,30,31,36,40,46,49,53,59,74,84,88;46;2;TEST;31;279;36;6.382979;17;6.09319;-0.289789;0.9546;16;51.612903
NEW_MODE;24;15,16,30,31,36,40,46,49,53,59,74,84,88;49;13;TEST;31;279;42;7.446809;13;4.659498;-2.78731;0.625704;10;32.258065
NEW_MODE;24;15,16,30,31,36,40,46,49,53,59,74,84,88;53;6;TEST;31;279;36;6.382979;15;5.376344;-1.006635;0.842294;13;41.935484
NEW_MODE;24;15,16,30,31,36,40,46,49,53,59,74,84,88;59;5;TEST;31;279;40;7.092199;19;6.810036;-0.282163;0.960215;16;51.612903
NEW_MODE;24;15,16,30,31,36,40,46,49,53,59,74,84,88;74;12;TEST;31;279;37;6.560284;22;7.885305;1.325021;1.201976;19;61.290323
NEW_MODE;24;15,16,30,31,36,40,46,49,53,59,74,84,88;84;8;TEST;31;279;35;6.205674;25;8.960573;2.7549;1.443932;17;54.83871
NEW_MODE;24;15,16,30,31,36,40,46,49,53,59,74,84,88;88;3;TEST;31;279;41;7.269504;19;6.810036;-0.459468;0.936795;13;41.935484
NEW_MODE;25;03,18,19,34,37,50,55,67,70,82,84,85,86;3;1;DISCOVERY;117;1053;93;5.502959;72;6.837607;1.334648;1.242533;55;47.008547
NEW_MODE;25;03,18,19,34,37,50,55,67,70,82,84,85,86;18;10;DISCOVERY;117;1053;97;5.739645;68;6.45774;0.718095;1.125111;53;45.299145
NEW_MODE;25;03,18,19,34,37,50,55,67,70,82,84,85,86;19;5;DISCOVERY;117;1053;125;7.39645;89;8.452042;1.055592;1.142716;62;52.991453
NEW_MODE;25;03,18,19,34,37,50,55,67,70,82,84,85,86;34;4;DISCOVERY;117;1053;121;7.159763;87;8.262108;1.102345;1.153964;66;56.410256
NEW_MODE;25;03,18,19,34,37,50,55,67,70,82,84,85,86;37;11;DISCOVERY;117;1053;109;6.449704;75;7.122507;0.672803;1.104315;56;47.863248
NEW_MODE;25;03,18,19,34,37,50,55,67,70,82,84,85,86;50;9;DISCOVERY;117;1053;103;6.094675;72;6.837607;0.742932;1.121899;50;42.735043
NEW_MODE;25;03,18,19,34,37,50,55,67,70,82,84,85,86;55;12;DISCOVERY;117;1053;122;7.218935;83;7.882241;0.663306;1.091884;62;52.991453
NEW_MODE;25;03,18,19,34,37,50,55,67,70,82,84,85,86;67;7;DISCOVERY;117;1053;120;7.100592;85;8.072175;0.971583;1.136831;67;57.264957
NEW_MODE;25;03,18,19,34,37,50,55,67,70,82,84,85,86;70;6;DISCOVERY;117;1053;98;5.798817;72;6.837607;1.03879;1.179138;52;44.444444
NEW_MODE;25;03,18,19,34,37,50,55,67,70,82,84,85,86;82;3;DISCOVERY;117;1053;125;7.39645;91;8.641975;1.245526;1.168395;68;58.119658
NEW_MODE;25;03,18,19,34,37,50,55,67,70,82,84,85,86;84;13;DISCOVERY;117;1053;114;6.745562;78;7.407407;0.661845;1.098116;64;54.700855
NEW_MODE;25;03,18,19,34,37,50,55,67,70,82,84,85,86;85;2;DISCOVERY;117;1053;132;7.810651;96;9.116809;1.306158;1.167228;69;58.974359
NEW_MODE;25;03,18,19,34,37,50,55,67,70,82,84,85,86;86;8;DISCOVERY;117;1053;125;7.39645;87;8.262108;0.865659;1.117037;61;52.136752
NEW_MODE;25;03,18,19,34,37,50,55,67,70,82,84,85,86;3;1;VALIDATION;45;405;35;6.205674;24;5.925926;-0.279748;0.954921;20;44.444444
NEW_MODE;25;03,18,19,34,37,50,55,67,70,82,84,85,86;18;10;VALIDATION;45;405;32;5.673759;14;3.45679;-2.216969;0.609259;12;26.666667
NEW_MODE;25;03,18,19,34,37,50,55,67,70,82,84,85,86;19;5;VALIDATION;45;405;41;7.269504;31;7.654321;0.384817;1.052936;21;46.666667
NEW_MODE;25;03,18,19,34,37,50,55,67,70,82,84,85,86;34;4;VALIDATION;45;405;33;5.851064;24;5.925926;0.074862;1.012795;20;44.444444
NEW_MODE;25;03,18,19,34,37,50,55,67,70,82,84,85,86;37;11;VALIDATION;45;405;46;8.156028;34;8.395062;0.239033;1.029308;25;55.555556
NEW_MODE;25;03,18,19,34,37,50,55,67,70,82,84,85,86;50;9;VALIDATION;45;405;27;4.787234;23;5.679012;0.891778;1.186283;19;42.222222
NEW_MODE;25;03,18,19,34,37,50,55,67,70,82,84,85,86;55;12;VALIDATION;45;405;41;7.269504;24;5.925926;-1.343578;0.815176;19;42.222222
NEW_MODE;25;03,18,19,34,37,50,55,67,70,82,84,85,86;67;7;VALIDATION;45;405;36;6.382979;22;5.432099;-0.95088;0.851029;20;44.444444
NEW_MODE;25;03,18,19,34,37,50,55,67,70,82,84,85,86;70;6;VALIDATION;45;405;31;5.496454;14;3.45679;-2.039664;0.628913;14;31.111111
NEW_MODE;25;03,18,19,34,37,50,55,67,70,82,84,85,86;82;3;VALIDATION;45;405;31;5.496454;22;5.432099;-0.064355;0.988292;21;46.666667
NEW_MODE;25;03,18,19,34,37,50,55,67,70,82,84,85,86;84;13;VALIDATION;45;405;32;5.673759;32;7.901235;2.227476;1.392593;24;53.333333
NEW_MODE;25;03,18,19,34,37,50,55,67,70,82,84,85,86;85;2;VALIDATION;45;405;28;4.964539;32;7.901235;2.936696;1.591534;24;53.333333
NEW_MODE;25;03,18,19,34,37,50,55,67,70,82,84,85,86;86;8;VALIDATION;45;405;45;7.978723;21;5.185185;-2.793538;0.649877;18;40.0
NEW_MODE;25;03,18,19,34,37,50,55,67,70,82,84,85,86;3;1;TEST;35;315;35;6.205674;22;6.984127;0.778453;1.125442;19;54.285714
NEW_MODE;25;03,18,19,34,37,50,55,67,70,82,84,85,86;18;10;TEST;35;315;42;7.446809;26;8.253968;0.80716;1.10839;17;48.571429
NEW_MODE;25;03,18,19,34,37,50,55,67,70,82,84,85,86;19;5;TEST;35;315;38;6.737589;25;7.936508;1.198919;1.177945;18;51.428571
NEW_MODE;25;03,18,19,34,37,50,55,67,70,82,84,85,86;34;4;TEST;35;315;42;7.446809;23;7.301587;-0.145221;0.980499;15;42.857143
NEW_MODE;25;03,18,19,34,37,50,55,67,70,82,84,85,86;37;11;TEST;35;315;28;4.964539;19;6.031746;1.067207;1.214966;14;40.0
NEW_MODE;25;03,18,19,34,37,50,55,67,70,82,84,85,86;50;9;TEST;35;315;27;4.787234;13;4.126984;-0.66025;0.862081;12;34.285714
NEW_MODE;25;03,18,19,34,37,50,55,67,70,82,84,85,86;55;12;TEST;35;315;39;6.914894;19;6.031746;-0.883148;0.872283;16;45.714286
NEW_MODE;25;03,18,19,34,37,50,55,67,70,82,84,85,86;67;7;TEST;35;315;28;4.964539;12;3.809524;-1.155015;0.767347;10;28.571429
NEW_MODE;25;03,18,19,34,37,50,55,67,70,82,84,85,86;70;6;TEST;35;315;26;4.609929;13;4.126984;-0.482945;0.895238;13;37.142857
NEW_MODE;25;03,18,19,34,37,50,55,67,70,82,84,85,86;82;3;TEST;35;315;36;6.382979;18;5.714286;-0.668693;0.895238;16;45.714286
NEW_MODE;25;03,18,19,34,37,50,55,67,70,82,84,85,86;84;13;TEST;35;315;35;6.205674;15;4.761905;-1.443769;0.767347;13;37.142857
NEW_MODE;25;03,18,19,34,37,50,55,67,70,82,84,85,86;85;2;TEST;35;315;53;9.397163;28;8.888889;-0.508274;0.945912;21;60.0
NEW_MODE;25;03,18,19,34,37,50,55,67,70,82,84,85,86;86;8;TEST;35;315;35;6.205674;25;7.936508;1.730834;1.278912;18;51.428571
NEW_MODE;26;02,11,19,28,41,50,53,59,61,68,69,71,90;2;7;DISCOVERY;117;1053;100;5.91716;74;7.02754;1.110381;1.187654;54;46.153846
NEW_MODE;26;02,11,19,28,41,50,53,59,61,68,69,71,90;11;13;DISCOVERY;117;1053;120;7.100592;85;8.072175;0.971583;1.136831;62;52.991453
NEW_MODE;26;02,11,19,28,41,50,53,59,61,68,69,71,90;19;1;DISCOVERY;117;1053;125;7.39645;99;9.401709;2.00526;1.271111;71;60.683761
NEW_MODE;26;02,11,19,28,41,50,53,59,61,68,69,71,90;28;6;DISCOVERY;117;1053;103;6.094675;77;7.312441;1.217766;1.199808;64;54.700855
NEW_MODE;26;02,11,19,28,41,50,53,59,61,68,69,71,90;41;10;DISCOVERY;117;1053;119;7.04142;85;8.072175;1.030755;1.146384;60;51.282051
NEW_MODE;26;02,11,19,28,41,50,53,59,61,68,69,71,90;50;2;DISCOVERY;117;1053;103;6.094675;82;7.787274;1.6926;1.277718;60;51.282051
NEW_MODE;26;02,11,19,28,41,50,53,59,61,68,69,71,90;53;4;DISCOVERY;117;1053;91;5.384615;71;6.74264;1.358025;1.252205;56;47.863248
NEW_MODE;26;02,11,19,28,41,50,53,59,61,68,69,71,90;59;9;DISCOVERY;117;1053;107;6.331361;78;7.407407;1.076046;1.169955;56;47.863248
NEW_MODE;26;02,11,19,28,41,50,53,59,61,68,69,71,90;61;12;DISCOVERY;117;1053;105;6.213018;76;7.217474;1.004456;1.16167;56;47.863248
NEW_MODE;26;02,11,19,28,41,50,53,59,61,68,69,71,90;68;11;DISCOVERY;117;1053;119;7.04142;85;8.072175;1.030755;1.146384;63;53.846154
NEW_MODE;26;02,11,19,28,41,50,53,59,61,68,69,71,90;69;3;DISCOVERY;117;1053;115;6.804734;87;8.262108;1.457375;1.214171;61;52.136752
NEW_MODE;26;02,11,19,28,41,50,53,59,61,68,69,71,90;71;8;DISCOVERY;117;1053;100;5.91716;74;7.02754;1.110381;1.187654;55;47.008547
NEW_MODE;26;02,11,19,28,41,50,53,59,61,68,69,71,90;90;5;DISCOVERY;117;1053;129;7.633136;94;8.926876;1.293739;1.16949;69;58.974359
NEW_MODE;26;02,11,19,28,41,50,53,59,61,68,69,71,90;2;7;VALIDATION;28;252;25;4.432624;14;5.555556;1.122931;1.253333;10;35.714286
NEW_MODE;26;02,11,19,28,41,50,53,59,61,68,69,71,90;11;13;VALIDATION;28;252;27;4.787234;11;4.365079;-0.422155;0.911817;11;39.285714
NEW_MODE;26;02,11,19,28,41,50,53,59,61,68,69,71,90;19;1;VALIDATION;28;252;41;7.269504;15;5.952381;-1.317123;0.818815;11;39.285714
NEW_MODE;26;02,11,19,28,41,50,53,59,61,68,69,71,90;28;6;VALIDATION;28;252;42;7.446809;23;9.126984;1.680176;1.225624;16;57.142857
NEW_MODE;26;02,11,19,28,41,50,53,59,61,68,69,71,90;41;10;VALIDATION;28;252;48;8.510638;27;10.714286;2.203647;1.258929;19;67.857143
NEW_MODE;26;02,11,19,28,41,50,53,59,61,68,69,71,90;50;2;VALIDATION;28;252;27;4.787234;9;3.571429;-1.215805;0.746032;8;28.571429
NEW_MODE;26;02,11,19,28,41,50,53,59,61,68,69,71,90;53;4;VALIDATION;28;252;35;6.205674;14;5.555556;-0.650118;0.895238;13;46.428571
NEW_MODE;26;02,11,19,28,41,50,53,59,61,68,69,71,90;59;9;VALIDATION;28;252;38;6.737589;24;9.52381;2.786221;1.413534;17;60.714286
NEW_MODE;26;02,11,19,28,41,50,53,59,61,68,69,71,90;61;12;VALIDATION;28;252;35;6.205674;6;2.380952;-3.824721;0.383673;6;21.428571
NEW_MODE;26;02,11,19,28,41,50,53,59,61,68,69,71,90;68;11;VALIDATION;28;252;47;8.333333;16;6.349206;-1.984127;0.761905;15;53.571429
NEW_MODE;26;02,11,19,28,41,50,53,59,61,68,69,71,90;69;3;VALIDATION;28;252;37;6.560284;23;9.126984;2.5667;1.391248;16;57.142857
NEW_MODE;26;02,11,19,28,41,50,53,59,61,68,69,71,90;71;8;VALIDATION;28;252;42;7.446809;14;5.555556;-1.891253;0.746032;12;42.857143
NEW_MODE;26;02,11,19,28,41,50,53,59,61,68,69,71,90;90;5;VALIDATION;28;252;29;5.141844;13;5.15873;0.016886;1.003284;10;35.714286
NEW_MODE;26;02,11,19,28,41,50,53,59,61,68,69,71,90;2;7;TEST;31;279;44;7.801418;17;6.09319;-1.708228;0.781036;13;41.935484
NEW_MODE;26;02,11,19,28,41,50,53,59,61,68,69,71,90;11;13;TEST;31;279;42;7.446809;15;5.376344;-2.070464;0.721966;12;38.709677
NEW_MODE;26;02,11,19,28,41,50,53,59,61,68,69,71,90;19;1;TEST;31;279;38;6.737589;12;4.301075;-2.436513;0.63837;10;32.258065
NEW_MODE;26;02,11,19,28,41,50,53,59,61,68,69,71,90;28;6;TEST;31;279;44;7.801418;11;3.942652;-3.858766;0.505376;10;32.258065
NEW_MODE;26;02,11,19,28,41,50,53,59,61,68,69,71,90;41;10;TEST;31;279;38;6.737589;12;4.301075;-2.436513;0.63837;9;29.032258
NEW_MODE;26;02,11,19,28,41,50,53,59,61,68,69,71,90;50;2;TEST;31;279;27;4.787234;19;6.810036;2.022802;1.422541;17;54.83871
NEW_MODE;26;02,11,19,28,41,50,53,59,61,68,69,71,90;53;4;TEST;31;279;36;6.382979;20;7.168459;0.78548;1.123059;16;51.612903
NEW_MODE;26;02,11,19,28,41,50,53,59,61,68,69,71,90;59;9;TEST;31;279;40;7.092199;20;7.168459;0.07626;1.010753;15;48.387097
NEW_MODE;26;02,11,19,28,41,50,53,59,61,68,69,71,90;61;12;TEST;31;279;37;6.560284;21;7.526882;0.966598;1.147341;17;54.83871
NEW_MODE;26;02,11,19,28,41,50,53,59,61,68,69,71,90;68;11;TEST;31;279;42;7.446809;24;8.602151;1.155342;1.155146;22;70.967742
NEW_MODE;26;02,11,19,28,41,50,53,59,61,68,69,71,90;69;3;TEST;31;279;36;6.382979;17;6.09319;-0.289789;0.9546;15;48.387097
NEW_MODE;26;02,11,19,28,41,50,53,59,61,68,69,71,90;71;8;TEST;31;279;38;6.737589;23;8.243728;1.506139;1.223543;19;61.290323
NEW_MODE;26;02,11,19,28,41,50,53,59,61,68,69,71,90;90;5;TEST;31;279;35;6.205674;14;5.017921;-1.187753;0.808602;14;45.16129
NEW_MODE;27;01,14,19,25,41,43,52,60,63,64,67,71,81;1;12;DISCOVERY;98;882;112;6.627219;65;7.369615;0.742396;1.112022;55;56.122449
NEW_MODE;27;01,14,19,25,41,43,52,60,63,64,67,71,81;14;5;DISCOVERY;98;882;99;5.857988;62;7.029478;1.17149;1.199982;49;50.0
NEW_MODE;27;01,14,19,25,41,43,52,60,63,64,67,71,81;19;11;DISCOVERY;98;882;125;7.39645;72;8.163265;0.766816;1.103673;56;57.142857
NEW_MODE;27;01,14,19,25,41,43,52,60,63,64,67,71,81;25;1;DISCOVERY;98;882;117;6.923077;76;8.61678;1.693703;1.244646;58;59.183673
NEW_MODE;27;01,14,19,25,41,43,52,60,63,64,67,71,81;41;8;DISCOVERY;98;882;119;7.04142;71;8.049887;1.008467;1.143219;54;55.102041
NEW_MODE;27;01,14,19,25,41,43,52,60,63,64,67,71,81;43;2;DISCOVERY;98;882;110;6.508876;71;8.049887;1.541011;1.236755;53;54.081633
NEW_MODE;27;01,14,19,25,41,43,52,60,63,64,67,71,81;52;6;DISCOVERY;98;882;131;7.751479;78;8.843537;1.092058;1.140884;55;56.122449
NEW_MODE;27;01,14,19,25,41,43,52,60,63,64,67,71,81;60;13;DISCOVERY;98;882;91;5.384615;54;6.122449;0.737834;1.137026;38;38.77551
NEW_MODE;27;01,14,19,25,41,43,52,60,63,64,67,71,81;63;7;DISCOVERY;98;882;109;6.449704;66;7.482993;1.033289;1.160207;50;51.020408
NEW_MODE;27;01,14,19,25,41,43,52,60,63,64,67,71,81;64;9;DISCOVERY;98;882;97;5.739645;59;6.689342;0.949697;1.165463;44;44.897959
NEW_MODE;27;01,14,19,25,41,43,52,60,63,64,67,71,81;67;10;DISCOVERY;98;882;120;7.100592;71;8.049887;0.949295;1.133692;55;56.122449
NEW_MODE;27;01,14,19,25,41,43,52,60,63,64,67,71,81;71;4;DISCOVERY;98;882;100;5.91716;63;7.142857;1.225697;1.207143;52;53.061224
NEW_MODE;27;01,14,19,25,41,43,52,60,63,64,67,71,81;81;3;DISCOVERY;98;882;114;6.745562;72;8.163265;1.417703;1.210168;58;59.183673
NEW_MODE;27;01,14,19,25,41,43,52,60,63,64,67,71,81;1;12;VALIDATION;37;333;34;6.028369;25;7.507508;1.479139;1.245363;20;54.054054
NEW_MODE;27;01,14,19,25,41,43,52,60,63,64,67,71,81;14;5;VALIDATION;37;333;36;6.382979;18;5.405405;-0.977573;0.846847;16;43.243243
NEW_MODE;27;01,14,19,25,41,43,52,60,63,64,67,71,81;19;11;VALIDATION;37;333;41;7.269504;17;5.105105;-2.164398;0.702263;11;29.72973
NEW_MODE;27;01,14,19,25,41,43,52,60,63,64,67,71,81;25;1;VALIDATION;37;333;46;8.156028;29;8.708709;0.55268;1.067763;19;51.351351
NEW_MODE;27;01,14,19,25,41,43,52,60,63,64,67,71,81;41;8;VALIDATION;37;333;48;8.510638;30;9.009009;0.498371;1.058559;22;59.459459
NEW_MODE;27;01,14,19,25,41,43,52,60,63,64,67,71,81;43;2;VALIDATION;37;333;39;6.914894;29;8.708709;1.793815;1.259413;19;51.351351
NEW_MODE;27;01,14,19,25,41,43,52,60,63,64,67,71,81;52;6;VALIDATION;37;333;47;8.333333;30;9.009009;0.675676;1.081081;23;62.162162
NEW_MODE;27;01,14,19,25,41,43,52,60,63,64,67,71,81;60;13;VALIDATION;37;333;39;6.914894;22;6.606607;-0.308287;0.955417;18;48.648649
NEW_MODE;27;01,14,19,25,41,43,52,60,63,64,67,71,81;63;7;VALIDATION;37;333;34;6.028369;30;9.009009;2.98064;1.494436;27;72.972973
NEW_MODE;27;01,14,19,25,41,43,52,60,63,64,67,71,81;64;9;VALIDATION;37;333;39;6.914894;23;6.906907;-0.007987;0.998845;17;45.945946
NEW_MODE;27;01,14,19,25,41,43,52,60,63,64,67,71,81;67;10;VALIDATION;37;333;36;6.382979;23;6.906907;0.523928;1.082082;18;48.648649
NEW_MODE;27;01,14,19,25,41,43,52,60,63,64,67,71,81;71;4;VALIDATION;37;333;42;7.446809;28;8.408408;0.9616;1.129129;18;48.648649
NEW_MODE;27;01,14,19,25,41,43,52,60,63,64,67,71,81;81;3;VALIDATION;37;333;42;7.446809;24;7.207207;-0.239601;0.967825;18;48.648649
NEW_MODE;27;01,14,19,25,41,43,52,60,63,64,67,71,81;1;12;TEST;37;333;40;7.092199;25;7.507508;0.415309;1.058559;19;51.351351
NEW_MODE;27;01,14,19,25,41,43,52,60,63,64,67,71,81;14;5;TEST;37;333;39;6.914894;21;6.306306;-0.608587;0.911989;16;43.243243
NEW_MODE;27;01,14,19,25,41,43,52,60,63,64,67,71,81;19;11;TEST;37;333;38;6.737589;29;8.708709;1.97112;1.292556;20;54.054054
NEW_MODE;27;01,14,19,25,41,43,52,60,63,64,67,71,81;25;1;TEST;37;333;35;6.205674;16;4.804805;-1.400869;0.77426;16;43.243243
NEW_MODE;27;01,14,19,25,41,43,52,60,63,64,67,71,81;41;8;TEST;37;333;38;6.737589;29;8.708709;1.97112;1.292556;18;48.648649
NEW_MODE;27;01,14,19,25,41,43,52,60,63,64,67,71,81;43;2;TEST;37;333;46;8.156028;31;9.309309;1.153281;1.141402;19;51.351351
NEW_MODE;27;01,14,19,25,41,43,52,60,63,64,67,71,81;52;6;TEST;37;333;38;6.737589;26;7.807808;1.070219;1.158843;20;54.054054
NEW_MODE;27;01,14,19,25,41,43,52,60,63,64,67,71,81;60;13;TEST;37;333;43;7.624113;21;6.306306;-1.317807;0.827153;17;45.945946
NEW_MODE;27;01,14,19,25,41,43,52,60,63,64,67,71,81;63;7;TEST;37;333;47;8.333333;25;7.507508;-0.825826;0.900901;19;51.351351
NEW_MODE;27;01,14,19,25,41,43,52,60,63,64,67,71,81;64;9;TEST;37;333;35;6.205674;20;6.006006;-0.199668;0.967825;18;48.648649
NEW_MODE;27;01,14,19,25,41,43,52,60,63,64,67,71,81;67;10;TEST;37;333;28;4.964539;12;3.603604;-1.360935;0.725869;12;32.432432
NEW_MODE;27;01,14,19,25,41,43,52,60,63,64,67,71,81;71;4;TEST;37;333;38;6.737589;20;6.006006;-0.731583;0.891418;17;45.945946
NEW_MODE;27;01,14,19,25,41,43,52,60,63,64,67,71,81;81;3;TEST;37;333;38;6.737589;27;8.108108;1.370519;1.203414;20;54.054054
NEW_MODE;28;05,09,19,30,38,46,51,60,66,77,83,85,88;5;11;DISCOVERY;103;927;99;5.857988;64;6.903991;1.046003;1.17856;49;47.572816
NEW_MODE;28;05,09,19,30,38,46,51,60,66,77,83,85,88;9;10;DISCOVERY;103;927;120;7.100592;76;8.19849;1.097898;1.154621;53;51.456311
NEW_MODE;28;05,09,19,30,38,46,51,60,66,77,83,85,88;19;5;DISCOVERY;103;927;125;7.39645;81;8.737864;1.341414;1.181359;57;55.339806
NEW_MODE;28;05,09,19,30,38,46,51,60,66,77,83,85,88;30;4;DISCOVERY;103;927;101;5.976331;69;7.443366;1.467034;1.245474;51;49.514563
NEW_MODE;28;05,09,19,30,38,46,51,60,66,77,83,85,88;38;1;DISCOVERY;103;927;120;7.100592;82;8.845739;1.745147;1.245775;62;60.194175
NEW_MODE;28;05,09,19,30,38,46,51,60,66,77,83,85,88;46;7;DISCOVERY;103;927;110;6.508876;72;7.76699;1.258115;1.193292;52;50.485437
NEW_MODE;28;05,09,19,30,38,46,51,60,66,77,83,85,88;51;13;DISCOVERY;103;927;120;7.100592;75;8.090615;0.990023;1.139428;54;52.427184
NEW_MODE;28;05,09,19,30,38,46,51,60,66,77,83,85,88;60;6;DISCOVERY;103;927;91;5.384615;62;6.688242;1.303626;1.242102;49;47.572816
NEW_MODE;28;05,09,19,30,38,46,51,60,66,77,83,85,88;66;3;DISCOVERY;103;927;116;6.863905;79;8.522114;1.658209;1.241584;60;58.252427
NEW_MODE;28;05,09,19,30,38,46,51,60,66,77,83,85,88;77;12;DISCOVERY;103;927;127;7.514793;79;8.522114;1.007321;1.134045;59;57.281553
NEW_MODE;28;05,09,19,30,38,46,51,60,66,77,83,85,88;83;9;DISCOVERY;103;927;127;7.514793;80;8.629989;1.115196;1.1484;61;59.223301
NEW_MODE;28;05,09,19,30,38,46,51,60,66,77,83,85,88;85;8;DISCOVERY;103;927;132;7.810651;83;8.953614;1.142963;1.146334;56;54.368932
NEW_MODE;28;05,09,19,30,38,46,51,60,66,77,83,85,88;88;2;DISCOVERY;103;927;104;6.153846;73;7.874865;1.721019;1.279666;57;55.339806
NEW_MODE;28;05,09,19,30,38,46,51,60,66,77,83,85,88;5;11;VALIDATION;42;378;41;7.269504;23;6.084656;-1.184847;0.837011;17;40.47619
NEW_MODE;28;05,09,19,30,38,46,51,60,66,77,83,85,88;9;10;VALIDATION;42;378;49;8.687943;29;7.671958;-1.015986;0.883058;23;54.761905
NEW_MODE;28;05,09,19,30,38,46,51,60,66,77,83,85,88;19;5;VALIDATION;42;378;41;7.269504;34;8.994709;1.725205;1.237321;25;59.52381
NEW_MODE;28;05,09,19,30,38,46,51,60,66,77,83,85,88;30;4;VALIDATION;42;378;36;6.382979;22;5.820106;-0.562873;0.911817;17;40.47619
NEW_MODE;28;05,09,19,30,38,46,51,60,66,77,83,85,88;38;1;VALIDATION;42;378;47;8.333333;32;8.465608;0.132275;1.015873;26;61.904762
NEW_MODE;28;05,09,19,30,38,46,51,60,66,77,83,85,88;46;7;VALIDATION;42;378;36;6.382979;22;5.820106;-0.562873;0.911817;20;47.619048
NEW_MODE;28;05,09,19,30,38,46,51,60,66,77,83,85,88;51;13;VALIDATION;42;378;35;6.205674;20;5.291005;-0.914668;0.852608;17;40.47619
NEW_MODE;28;05,09,19,30,38,46,51,60,66,77,83,85,88;60;6;VALIDATION;42;378;39;6.914894;22;5.820106;-1.094788;0.841677;18;42.857143
NEW_MODE;28;05,09,19,30,38,46,51,60,66,77,83,85,88;66;3;VALIDATION;42;378;44;7.801418;36;9.52381;1.722391;1.220779;28;66.666667
NEW_MODE;28;05,09,19,30,38,46,51,60,66,77,83,85,88;77;12;VALIDATION;42;378;40;7.092199;24;6.349206;-0.742992;0.895238;18;42.857143
NEW_MODE;28;05,09,19,30,38,46,51,60,66,77,83,85,88;83;9;VALIDATION;42;378;34;6.028369;23;6.084656;0.056287;1.009337;19;45.238095
NEW_MODE;28;05,09,19,30,38,46,51,60,66,77,83,85,88;85;8;VALIDATION;42;378;28;4.964539;16;4.232804;-0.731735;0.852608;14;33.333333
NEW_MODE;28;05,09,19,30,38,46,51,60,66,77,83,85,88;88;2;VALIDATION;42;378;33;5.851064;16;4.232804;-1.61826;0.723425;15;35.714286
NEW_MODE;28;05,09,19,30,38,46,51,60,66,77,83,85,88;5;11;TEST;44;396;41;7.269504;30;7.575758;0.306254;1.042129;24;54.545455
NEW_MODE;28;05,09,19,30,38,46,51,60,66,77,83,85,88;9;10;TEST;44;396;35;6.205674;21;5.30303;-0.902643;0.854545;15;34.090909
NEW_MODE;28;05,09,19,30,38,46,51,60,66,77,83,85,88;19;5;TEST;44;396;38;6.737589;35;8.838384;2.100795;1.311802;27;61.363636
NEW_MODE;28;05,09,19,30,38,46,51,60,66,77,83,85,88;30;4;TEST;44;396;39;6.914894;17;4.292929;-2.621964;0.620824;14;31.818182
NEW_MODE;28;05,09,19,30,38,46,51,60,66,77,83,85,88;38;1;TEST;44;396;30;5.319149;26;6.565657;1.246508;1.234343;19;43.181818
NEW_MODE;28;05,09,19,30,38,46,51,60,66,77,83,85,88;46;7;TEST;44;396;36;6.382979;24;6.060606;-0.322373;0.949495;20;45.454545
NEW_MODE;28;05,09,19,30,38,46,51,60,66,77,83,85,88;51;13;TEST;44;396;36;6.382979;27;6.818182;0.435203;1.068182;21;47.727273
NEW_MODE;28;05,09,19,30,38,46,51,60,66,77,83,85,88;60;6;TEST;44;396;43;7.624113;33;8.333333;0.70922;1.093023;24;54.545455
NEW_MODE;28;05,09,19,30,38,46,51,60,66,77,83,85,88;66;3;TEST;44;396;35;6.205674;15;3.787879;-2.417795;0.61039;14;31.818182
NEW_MODE;28;05,09,19,30,38,46,51,60,66,77,83,85,88;77;12;TEST;44;396;30;5.319149;22;5.555556;0.236407;1.044444;18;40.909091
NEW_MODE;28;05,09,19,30,38,46,51,60,66,77,83,85,88;83;9;TEST;44;396;47;8.333333;27;6.818182;-1.515152;0.818182;23;52.272727
NEW_MODE;28;05,09,19,30,38,46,51,60,66,77,83,85,88;85;8;TEST;44;396;53;9.397163;35;8.838384;-0.558779;0.940537;29;65.909091
NEW_MODE;28;05,09,19,30,38,46,51,60,66,77,83,85,88;88;2;TEST;44;396;41;7.269504;17;4.292929;-2.976574;0.59054;16;36.363636
NEW_MODE;29;02,07,16,28,31,45,56,67,68,72,74,77,84;2;6;DISCOVERY;111;999;100;5.91716;71;7.107107;1.189947;1.201101;56;50.45045
NEW_MODE;29;02,07,16,28,31,45,56,67,68,72,74,77,84;7;13;DISCOVERY;111;999;96;5.680473;63;6.306306;0.625833;1.110173;49;44.144144
NEW_MODE;29;02,07,16,28,31,45,56,67,68,72,74,77,84;16;10;DISCOVERY;111;999;117;6.923077;77;7.707708;0.784631;1.113336;60;54.054054
NEW_MODE;29;02,07,16,28,31,45,56,67,68,72,74,77,84;28;8;DISCOVERY;111;999;103;6.094675;69;6.906907;0.812232;1.133269;55;49.54955
NEW_MODE;29;02,07,16,28,31,45,56,67,68,72,74,77,84;31;7;DISCOVERY;111;999;108;6.390533;74;7.407407;1.016875;1.159122;53;47.747748
NEW_MODE;29;02,07,16,28,31,45,56,67,68,72,74,77,84;45;5;DISCOVERY;111;999;133;7.869822;91;9.109109;1.239287;1.157473;67;60.36036
NEW_MODE;29;02,07,16,28,31,45,56,67,68,72,74,77,84;56;3;DISCOVERY;111;999;123;7.278107;88;8.808809;1.530702;1.210316;65;58.558559
NEW_MODE;29;02,07,16,28,31,45,56,67,68,72,74,77,84;67;9;DISCOVERY;111;999;120;7.100592;79;7.907908;0.807316;1.113697;61;54.954955
NEW_MODE;29;02,07,16,28,31,45,56,67,68,72,74,77,84;68;2;DISCOVERY;111;999;119;7.04142;95;9.50951;2.468089;1.35051;59;53.153153
NEW_MODE;29;02,07,16,28,31,45,56,67,68,72,74,77,84;72;11;DISCOVERY;111;999;109;6.449704;72;7.207207;0.757503;1.117448;59;53.153153
NEW_MODE;29;02,07,16,28,31,45,56,67,68,72,74,77,84;74;4;DISCOVERY;111;999;122;7.218935;86;8.608609;1.389674;1.192504;59;53.153153
NEW_MODE;29;02,07,16,28,31,45,56,67,68,72,74,77,84;77;1;DISCOVERY;111;999;127;7.514793;101;10.11011;2.595317;1.345361;69;62.162162
NEW_MODE;29;02,07,16,28,31,45,56,67,68,72,74,77,84;84;12;DISCOVERY;111;999;114;6.745562;74;7.407407;0.661845;1.098116;64;57.657658
NEW_MODE;29;02,07,16,28,31,45,56,67,68,72,74,77,84;2;6;VALIDATION;30;270;25;4.432624;13;4.814815;0.382191;1.086222;10;33.333333
NEW_MODE;29;02,07,16,28,31,45,56,67,68,72,74,77,84;7;13;VALIDATION;30;270;40;7.092199;18;6.666667;-0.425532;0.94;15;50.0
NEW_MODE;29;02,07,16,28,31,45,56,67,68,72,74,77,84;16;10;VALIDATION;30;270;31;5.496454;15;5.555556;0.059102;1.010753;13;43.333333
NEW_MODE;29;02,07,16,28,31,45,56,67,68,72,74,77,84;28;8;VALIDATION;30;270;42;7.446809;24;8.888889;1.44208;1.193651;19;63.333333
NEW_MODE;29;02,07,16,28,31,45,56,67,68,72,74,77,84;31;7;VALIDATION;30;270;35;6.205674;13;4.814815;-1.390859;0.775873;11;36.666667
NEW_MODE;29;02,07,16,28,31,45,56,67,68,72,74,77,84;45;5;VALIDATION;30;270;40;7.092199;27;10.0;2.907801;1.41;21;70.0
NEW_MODE;29;02,07,16,28,31,45,56,67,68,72,74,77,84;56;3;VALIDATION;30;270;39;6.914894;15;5.555556;-1.359338;0.803419;12;40.0
NEW_MODE;29;02,07,16,28,31,45,56,67,68,72,74,77,84;67;9;VALIDATION;30;270;36;6.382979;15;5.555556;-0.827423;0.87037;13;43.333333
NEW_MODE;29;02,07,16,28,31,45,56,67,68,72,74,77,84;68;2;VALIDATION;30;270;47;8.333333;18;6.666667;-1.666667;0.8;12;40.0
NEW_MODE;29;02,07,16,28,31,45,56,67,68,72,74,77,84;72;11;VALIDATION;30;270;39;6.914894;16;5.925926;-0.988968;0.85698;12;40.0
NEW_MODE;29;02,07,16,28,31,45,56,67,68,72,74,77,84;74;4;VALIDATION;30;270;34;6.028369;15;5.555556;-0.472813;0.921569;13;43.333333
NEW_MODE;29;02,07,16,28,31,45,56,67,68,72,74,77,84;77;1;VALIDATION;30;270;40;7.092199;16;5.925926;-1.166273;0.835556;13;43.333333
NEW_MODE;29;02,07,16,28,31,45,56,67,68,72,74,77,84;84;12;VALIDATION;30;270;32;5.673759;20;7.407407;1.733649;1.305556;13;43.333333
NEW_MODE;29;02,07,16,28,31,45,56,67,68,72,74,77,84;2;6;TEST;35;315;44;7.801418;25;7.936508;0.135089;1.017316;15;42.857143
NEW_MODE;29;02,07,16,28,31,45,56,67,68,72,74,77,84;7;13;TEST;35;315;39;6.914894;23;7.301587;0.386694;1.055922;16;45.714286
NEW_MODE;29;02,07,16,28,31,45,56,67,68,72,74,77,84;16;10;TEST;35;315;37;6.560284;22;6.984127;0.423843;1.064607;18;51.428571
NEW_MODE;29;02,07,16,28,31,45,56,67,68,72,74,77,84;28;8;TEST;35;315;44;7.801418;23;7.301587;-0.499831;0.935931;18;51.428571
NEW_MODE;29;02,07,16,28,31,45,56,67,68,72,74,77,84;31;7;TEST;35;315;41;7.269504;28;8.888889;1.619385;1.222764;22;62.857143
NEW_MODE;29;02,07,16,28,31,45,56,67,68,72,74,77,84;45;5;TEST;35;315;41;7.269504;20;6.349206;-0.920297;0.873403;16;45.714286
NEW_MODE;29;02,07,16,28,31,45,56,67,68,72,74,77,84;56;3;TEST;35;315;36;6.382979;22;6.984127;0.601148;1.09418;15;42.857143
NEW_MODE;29;02,07,16,28,31,45,56,67,68,72,74,77,84;67;9;TEST;35;315;28;4.964539;10;3.174603;-1.789936;0.639456;8;22.857143
NEW_MODE;29;02,07,16,28,31,45,56,67,68,72,74,77,84;68;2;TEST;35;315;42;7.446809;20;6.349206;-1.097602;0.852608;15;42.857143
NEW_MODE;29;02,07,16,28,31,45,56,67,68,72,74,77,84;72;11;TEST;35;315;40;7.092199;30;9.52381;2.431611;1.342857;21;60.0
NEW_MODE;29;02,07,16,28,31,45,56,67,68,72,74,77,84;74;4;TEST;35;315;37;6.560284;27;8.571429;2.011145;1.306564;20;57.142857
NEW_MODE;29;02,07,16,28,31,45,56,67,68,72,74,77,84;77;1;TEST;35;315;30;5.319149;20;6.349206;1.030057;1.193651;13;37.142857
NEW_MODE;29;02,07,16,28,31,45,56,67,68,72,74,77,84;84;12;TEST;35;315;35;6.205674;25;7.936508;1.730834;1.278912;18;51.428571
NEW_MODE;30;01,12,22,23,25,32,39,49,54,55,66,67,75;1;10;DISCOVERY;101;909;112;6.627219;68;7.480748;0.853529;1.128791;50;49.50495
NEW_MODE;30;01,12,22,23,25,32,39,49,54,55,66,67,75;12;6;DISCOVERY;101;909;115;6.804734;71;7.810781;1.006047;1.147845;54;53.465347
NEW_MODE;30;01,12,22,23,25,32,39,49,54,55,66,67,75;22;12;DISCOVERY;101;909;110;6.508876;66;7.260726;0.75185;1.115512;52;51.485149
NEW_MODE;30;01,12,22,23,25,32,39,49,54,55,66,67,75;23;1;DISCOVERY;101;909;98;5.798817;72;7.920792;2.121976;1.365933;53;52.475248
NEW_MODE;30;01,12,22,23,25,32,39,49,54,55,66,67,75;25;7;DISCOVERY;101;909;117;6.923077;72;7.920792;0.997715;1.144114;51;50.49505
NEW_MODE;30;01,12,22,23,25,32,39,49,54,55,66,67,75;32;3;DISCOVERY;101;909;131;7.751479;83;9.130913;1.379434;1.177957;61;60.39604
NEW_MODE;30;01,12,22,23,25,32,39,49,54,55,66,67,75;39;13;DISCOVERY;101;909;115;6.804734;68;7.480748;0.676014;1.099345;50;49.50495
NEW_MODE;30;01,12,22,23,25,32,39,49,54,55,66,67,75;49;2;DISCOVERY;101;909;125;7.39645;81;8.910891;1.514441;1.204752;62;61.386139
NEW_MODE;30;01,12,22,23,25,32,39,49,54,55,66,67,75;54;5;DISCOVERY;101;909;130;7.692308;81;8.910891;1.218583;1.158416;58;57.425743
NEW_MODE;30;01,12,22,23,25,32,39,49,54,55,66,67,75;55;9;DISCOVERY;101;909;122;7.218935;74;8.140814;0.921879;1.127703;56;55.445545
NEW_MODE;30;01,12,22,23,25,32,39,49,54,55,66,67,75;66;8;DISCOVERY;101;909;116;6.863905;71;7.810781;0.946876;1.13795;49;48.514851
NEW_MODE;30;01,12,22,23,25,32,39,49,54,55,66,67,75;67;11;DISCOVERY;101;909;120;7.100592;72;7.920792;0.8202;1.115512;52;51.485149
NEW_MODE;30;01,12,22,23,25,32,39,49,54,55,66,67,75;75;4;DISCOVERY;101;909;128;7.573964;81;8.910891;1.336927;1.176516;52;51.485149
NEW_MODE;30;01,12,22,23,25,32,39,49,54,55,66,67,75;1;10;VALIDATION;35;315;34;6.028369;24;7.619048;1.590679;1.263866;15;42.857143
NEW_MODE;30;01,12,22,23,25,32,39,49,54,55,66,67,75;12;6;VALIDATION;35;315;28;4.964539;12;3.809524;-1.155015;0.767347;11;31.428571
NEW_MODE;30;01,12,22,23,25,32,39,49,54,55,66,67,75;22;12;VALIDATION;35;315;42;7.446809;26;8.253968;0.80716;1.10839;20;57.142857
NEW_MODE;30;01,12,22,23,25,32,39,49,54,55,66,67,75;23;1;VALIDATION;35;315;36;6.382979;21;6.666667;0.283688;1.044444;17;48.571429
NEW_MODE;30;01,12,22,23,25,32,39,49,54,55,66,67,75;25;7;VALIDATION;35;315;46;8.156028;22;6.984127;-1.171901;0.856315;17;48.571429
NEW_MODE;30;01,12,22,23,25,32,39,49,54,55,66,67,75;32;3;VALIDATION;35;315;38;6.737589;22;6.984127;0.246538;1.036591;18;51.428571
NEW_MODE;30;01,12,22,23,25,32,39,49,54,55,66,67,75;39;13;VALIDATION;35;315;47;8.333333;29;9.206349;0.873016;1.104762;20;57.142857
NEW_MODE;30;01,12,22,23,25,32,39,49,54,55,66,67,75;49;2;VALIDATION;35;315;47;8.333333;20;6.349206;-1.984127;0.761905;16;45.714286
NEW_MODE;30;01,12,22,23,25,32,39,49,54,55,66,67,75;54;5;VALIDATION;35;315;33;5.851064;17;5.396825;-0.454238;0.922367;15;42.857143
NEW_MODE;30;01,12,22,23,25,32,39,49,54,55,66,67,75;55;9;VALIDATION;35;315;41;7.269504;21;6.666667;-0.602837;0.917073;17;48.571429
NEW_MODE;30;01,12,22,23,25,32,39,49,54,55,66,67,75;66;8;VALIDATION;35;315;44;7.801418;23;7.301587;-0.499831;0.935931;19;54.285714
NEW_MODE;30;01,12,22,23,25,32,39,49,54,55,66,67,75;67;11;VALIDATION;35;315;36;6.382979;19;6.031746;-0.351233;0.944974;17;48.571429
NEW_MODE;30;01,12,22,23,25,32,39,49,54,55,66,67,75;75;4;VALIDATION;35;315;33;5.851064;16;5.079365;-0.771699;0.86811;13;37.142857
NEW_MODE;30;01,12,22,23,25,32,39,49,54,55,66,67,75;1;10;TEST;39;351;40;7.092199;25;7.122507;0.030309;1.004274;19;48.717949
NEW_MODE;30;01,12,22,23,25,32,39,49,54,55,66,67,75;12;6;TEST;39;351;25;4.432624;16;4.558405;0.12578;1.028376;14;35.897436
NEW_MODE;30;01,12,22,23,25,32,39,49,54,55,66,67,75;22;12;TEST;39;351;34;6.028369;19;5.413105;-0.615263;0.897939;19;48.717949
NEW_MODE;30;01,12,22,23,25,32,39,49,54,55,66,67,75;23;1;TEST;39;351;44;7.801418;22;6.267806;-1.533612;0.803419;18;46.153846
NEW_MODE;30;01,12,22,23,25,32,39,49,54,55,66,67,75;25;7;TEST;39;351;35;6.205674;14;3.988604;-2.21707;0.642735;11;28.205128
NEW_MODE;30;01,12,22,23,25,32,39,49,54,55,66,67,75;32;3;TEST;39;351;29;5.141844;15;4.273504;-0.86834;0.831123;14;35.897436
NEW_MODE;30;01,12,22,23,25,32,39,49,54,55,66,67,75;39;13;TEST;39;351;36;6.382979;19;5.413105;-0.969873;0.848053;16;41.025641
NEW_MODE;30;01,12,22,23,25,32,39,49,54,55,66,67,75;49;2;TEST;39;351;42;7.446809;33;9.401709;1.954901;1.262515;26;66.666667
NEW_MODE;30;01,12,22,23,25,32,39,49,54,55,66,67,75;54;5;TEST;39;351;38;6.737589;19;5.413105;-1.324483;0.803419;15;38.461538
NEW_MODE;30;01,12,22,23,25,32,39,49,54,55,66,67,75;55;9;TEST;39;351;39;6.914894;25;7.122507;0.207614;1.030024;20;51.282051
NEW_MODE;30;01,12,22,23,25,32,39,49,54,55,66,67,75;66;8;TEST;39;351;35;6.205674;25;7.122507;0.916833;1.147741;22;56.410256
NEW_MODE;30;01,12,22,23,25,32,39,49,54,55,66,67,75;67;11;TEST;39;351;28;4.964539;19;5.413105;0.448566;1.090354;15;38.461538
NEW_MODE;30;01,12,22,23,25,32,39,49,54,55,66,67,75;75;4;TEST;39;351;37;6.560284;18;5.128205;-1.432079;0.781705;17;43.589744
NEW_MODE;31;12,39,41,42,44,54,56,59,65,77,79,86,87;12;1;DISCOVERY;107;963;115;6.804734;94;9.761163;2.956429;1.434467;66;61.682243
NEW_MODE;31;12,39,41,42,44,54,56,59,65,77,79,86,87;39;5;DISCOVERY;107;963;115;6.804734;80;8.307373;1.502639;1.220823;60;56.074766
NEW_MODE;31;12,39,41,42,44,54,56,59,65,77,79,86,87;41;8;DISCOVERY;107;963;119;7.04142;80;8.307373;1.265953;1.179787;60;56.074766
NEW_MODE;31;12,39,41,42,44,54,56,59,65,77,79,86,87;42;3;DISCOVERY;107;963;104;6.153846;76;7.892004;1.738158;1.282451;57;53.271028
NEW_MODE;31;12,39,41,42,44,54,56,59,65,77,79,86,87;44;2;DISCOVERY;107;963;101;5.976331;77;7.995846;2.019515;1.337919;61;57.009346
NEW_MODE;31;12,39,41,42,44,54,56,59,65,77,79,86,87;54;9;DISCOVERY;107;963;130;7.692308;85;8.826584;1.134276;1.147456;63;58.878505
NEW_MODE;31;12,39,41,42,44,54,56,59,65,77,79,86,87;56;10;DISCOVERY;107;963;123;7.278107;80;8.307373;1.029266;1.14142;54;50.46729
NEW_MODE;31;12,39,41,42,44,54,56,59,65,77,79,86,87;59;12;DISCOVERY;107;963;107;6.331361;69;7.165109;0.833748;1.131685;50;46.728972
NEW_MODE;31;12,39,41,42,44,54,56,59,65,77,79,86,87;65;7;DISCOVERY;107;963;122;7.218935;82;8.515057;1.296122;1.179545;57;53.271028
NEW_MODE;31;12,39,41,42,44,54,56,59,65,77,79,86,87;77;11;DISCOVERY;107;963;127;7.514793;82;8.515057;1.000264;1.133106;58;54.205607
NEW_MODE;31;12,39,41,42,44,54,56,59,65,77,79,86,87;79;6;DISCOVERY;107;963;130;7.692308;88;9.13811;1.445802;1.187954;66;61.682243
NEW_MODE;31;12,39,41,42,44,54,56,59,65,77,79,86,87;86;13;DISCOVERY;107;963;125;7.39645;79;8.203531;0.807081;1.109117;57;53.271028
NEW_MODE;31;12,39,41,42,44,54,56,59,65,77,79,86,87;87;4;DISCOVERY;107;963;112;6.627219;79;8.203531;1.576312;1.237854;62;57.943925
NEW_MODE;31;12,39,41,42,44,54,56,59,65,77,79,86,87;12;1;VALIDATION;35;315;28;4.964539;21;6.666667;1.702128;1.342857;14;40.0
NEW_MODE;31;12,39,41,42,44,54,56,59,65,77,79,86,87;39;5;VALIDATION;35;315;47;8.333333;29;9.206349;0.873016;1.104762;23;65.714286
NEW_MODE;31;12,39,41,42,44,54,56,59,65,77,79,86,87;41;8;VALIDATION;35;315;48;8.510638;32;10.15873;1.648092;1.193651;20;57.142857
NEW_MODE;31;12,39,41,42,44,54,56,59,65,77,79,86,87;42;3;VALIDATION;35;315;45;7.978723;25;7.936508;-0.042215;0.994709;18;51.428571
NEW_MODE;31;12,39,41,42,44,54,56,59,65,77,79,86,87;44;2;VALIDATION;35;315;36;6.382979;23;7.301587;0.918609;1.143915;17;48.571429
NEW_MODE;31;12,39,41,42,44,54,56,59,65,77,79,86,87;54;9;VALIDATION;35;315;33;5.851064;24;7.619048;1.767984;1.302165;20;57.142857
NEW_MODE;31;12,39,41,42,44,54,56,59,65,77,79,86,87;56;10;VALIDATION;35;315;39;6.914894;25;7.936508;1.021614;1.147741;19;54.285714
NEW_MODE;31;12,39,41,42,44,54,56,59,65,77,79,86,87;59;12;VALIDATION;35;315;38;6.737589;21;6.666667;-0.070922;0.989474;17;48.571429
NEW_MODE;31;12,39,41,42,44,54,56,59,65,77,79,86,87;65;7;VALIDATION;35;315;43;7.624113;15;4.761905;-2.862209;0.624585;14;40.0
NEW_MODE;31;12,39,41,42,44,54,56,59,65,77,79,86,87;77;11;VALIDATION;35;315;40;7.092199;23;7.301587;0.209389;1.029524;16;45.714286
NEW_MODE;31;12,39,41,42,44,54,56,59,65,77,79,86,87;79;6;VALIDATION;35;315;35;6.205674;18;5.714286;-0.491388;0.920816;17;48.571429
NEW_MODE;31;12,39,41,42,44,54,56,59,65,77,79,86,87;86;13;VALIDATION;35;315;45;7.978723;30;9.52381;1.545086;1.193651;21;60.0
NEW_MODE;31;12,39,41,42,44,54,56,59,65,77,79,86,87;87;4;VALIDATION;35;315;40;7.092199;24;7.619048;0.526849;1.074286;19;54.285714
NEW_MODE;31;12,39,41,42,44,54,56,59,65,77,79,86,87;12;1;TEST;40;360;25;4.432624;21;5.833333;1.400709;1.316;16;40.0
NEW_MODE;31;12,39,41,42,44,54,56,59,65,77,79,86,87;39;5;TEST;40;360;36;6.382979;24;6.666667;0.283688;1.044444;19;47.5
NEW_MODE;31;12,39,41,42,44,54,56,59,65,77,79,86,87;41;8;TEST;40;360;38;6.737589;29;8.055556;1.317967;1.195614;25;62.5
NEW_MODE;31;12,39,41,42,44,54,56,59,65,77,79,86,87;42;3;TEST;40;360;45;7.978723;27;7.5;-0.478723;0.94;21;52.5
NEW_MODE;31;12,39,41,42,44,54,56,59,65,77,79,86,87;44;2;TEST;40;360;35;6.205674;23;6.388889;0.183215;1.029524;20;50.0
NEW_MODE;31;12,39,41,42,44,54,56,59,65,77,79,86,87;54;9;TEST;40;360;38;6.737589;19;5.277778;-1.459811;0.783333;13;32.5
NEW_MODE;31;12,39,41,42,44,54,56,59,65,77,79,86,87;56;10;TEST;40;360;36;6.382979;27;7.5;1.117021;1.175;21;52.5
NEW_MODE;31;12,39,41,42,44,54,56,59,65,77,79,86,87;59;12;TEST;40;360;40;7.092199;21;5.833333;-1.258865;0.8225;17;42.5
NEW_MODE;31;12,39,41,42,44,54,56,59,65,77,79,86,87;65;7;TEST;40;360;29;5.141844;20;5.555556;0.413712;1.08046;16;40.0
NEW_MODE;31;12,39,41,42,44,54,56,59,65,77,79,86,87;77;11;TEST;40;360;30;5.319149;22;6.111111;0.791962;1.148889;18;45.0
NEW_MODE;31;12,39,41,42,44,54,56,59,65,77,79,86,87;79;6;TEST;40;360;46;8.156028;30;8.333333;0.177305;1.021739;20;50.0
NEW_MODE;31;12,39,41,42,44,54,56,59,65,77,79,86,87;86;13;TEST;40;360;35;6.205674;19;5.277778;-0.927896;0.850476;16;40.0
NEW_MODE;31;12,39,41,42,44,54,56,59,65,77,79,86,87;87;4;TEST;40;360;33;5.851064;18;5.0;-0.851064;0.854545;18;45.0
NEW_MODE;32;01,02,16,21,22,24,29,51,58,68,69,74,84;1;5;DISCOVERY;131;1179;112;6.627219;91;7.718405;1.091186;1.164652;70;53.435115
NEW_MODE;32;01,02,16,21,22,24,29,51,58,68,69,74,84;2;10;DISCOVERY;131;1179;100;5.91716;80;6.785411;0.868252;1.146735;65;49.618321
NEW_MODE;32;01,02,16,21,22,24,29,51,58,68,69,74,84;16;1;DISCOVERY;131;1179;117;6.923077;102;8.651399;1.728323;1.249647;69;52.671756
NEW_MODE;32;01,02,16,21,22,24,29,51,58,68,69,74,84;21;11;DISCOVERY;131;1179;122;7.218935;95;8.057676;0.838741;1.116186;69;52.671756
NEW_MODE;32;01,02,16,21,22,24,29,51,58,68,69,74,84;22;12;DISCOVERY;131;1179;110;6.508876;86;7.294317;0.785441;1.120672;64;48.854962
NEW_MODE;32;01,02,16,21,22,24,29,51,58,68,69,74,84;24;8;DISCOVERY;131;1179;108;6.390533;86;7.294317;0.903785;1.141426;62;47.328244
NEW_MODE;32;01,02,16,21,22,24,29,51,58,68,69,74,84;29;2;DISCOVERY;131;1179;112;6.627219;94;7.972858;1.345639;1.203047;65;49.618321
NEW_MODE;32;01,02,16,21,22,24,29,51,58,68,69,74,84;51;3;DISCOVERY;131;1179;120;7.100592;98;8.312129;1.211537;1.170625;74;56.48855
NEW_MODE;32;01,02,16,21,22,24,29,51,58,68,69,74,84;58;9;DISCOVERY;131;1179;110;6.508876;87;7.379135;0.870259;1.133703;62;47.328244
NEW_MODE;32;01,02,16,21,22,24,29,51,58,68,69,74,84;68;13;DISCOVERY;131;1179;119;7.04142;92;7.803223;0.761803;1.108189;70;53.435115
NEW_MODE;32;01,02,16,21,22,24,29,51,58,68,69,74,84;69;4;DISCOVERY;131;1179;115;6.804734;94;7.972858;1.168125;1.171664;72;54.961832
NEW_MODE;32;01,02,16,21,22,24,29,51,58,68,69,74,84;74;7;DISCOVERY;131;1179;122;7.218935;96;8.142494;0.923559;1.127936;68;51.908397
NEW_MODE;32;01,02,16,21,22,24,29,51,58,68,69,74,84;84;6;DISCOVERY;131;1179;114;6.745562;92;7.803223;1.057661;1.156794;74;56.48855
NEW_MODE;32;01,02,16,21,22,24,29,51,58,68,69,74,84;1;5;VALIDATION;38;342;34;6.028369;17;4.97076;-1.057609;0.824561;13;34.210526
NEW_MODE;32;01,02,16,21,22,24,29,51,58,68,69,74,84;2;10;VALIDATION;38;342;25;4.432624;22;6.432749;2.000124;1.451228;19;50.0
NEW_MODE;32;01,02,16,21,22,24,29,51,58,68,69,74,84;16;1;VALIDATION;38;342;31;5.496454;19;5.555556;0.059102;1.010753;13;34.210526
NEW_MODE;32;01,02,16,21,22,24,29,51,58,68,69,74,84;21;11;VALIDATION;38;342;40;7.092199;34;9.94152;2.849322;1.401754;23;60.526316
NEW_MODE;32;01,02,16,21,22,24,29,51,58,68,69,74,84;22;12;VALIDATION;38;342;42;7.446809;31;9.064327;1.617519;1.21721;21;55.263158
NEW_MODE;32;01,02,16,21,22,24,29,51,58,68,69,74,84;24;8;VALIDATION;38;342;34;6.028369;20;5.847953;-0.180416;0.970072;16;42.105263
NEW_MODE;32;01,02,16,21,22,24,29,51,58,68,69,74,84;29;2;VALIDATION;38;342;30;5.319149;14;4.093567;-1.225582;0.769591;13;34.210526
NEW_MODE;32;01,02,16,21,22,24,29,51,58,68,69,74,84;51;3;VALIDATION;38;342;35;6.205674;29;8.479532;2.273858;1.366416;20;52.631579
NEW_MODE;32;01,02,16,21,22,24,29,51,58,68,69,74,84;58;9;VALIDATION;38;342;43;7.624113;23;6.725146;-0.898967;0.882089;18;47.368421
NEW_MODE;32;01,02,16,21,22,24,29,51,58,68,69,74,84;68;13;VALIDATION;38;342;47;8.333333;24;7.017544;-1.315789;0.842105;18;47.368421
NEW_MODE;32;01,02,16,21,22,24,29,51,58,68,69,74,84;69;4;VALIDATION;38;342;37;6.560284;16;4.678363;-1.881921;0.713134;13;34.210526
NEW_MODE;32;01,02,16,21,22,24,29,51,58,68,69,74,84;74;7;VALIDATION;38;342;34;6.028369;16;4.678363;-1.350006;0.776058;12;31.578947
NEW_MODE;32;01,02,16,21,22,24,29,51,58,68,69,74,84;84;6;VALIDATION;38;342;32;5.673759;14;4.093567;-1.580192;0.721491;11;28.947368
NEW_MODE;32;01,02,16,21,22,24,29,51,58,68,69,74,84;1;5;TEST;29;261;40;7.092199;16;6.130268;-0.96193;0.864368;14;48.275862
NEW_MODE;32;01,02,16,21,22,24,29,51,58,68,69,74,84;2;10;TEST;29;261;44;7.801418;17;6.51341;-1.288008;0.834901;15;51.724138
NEW_MODE;32;01,02,16,21,22,24,29,51,58,68,69,74,84;16;1;TEST;29;261;37;6.560284;17;6.51341;-0.046874;0.992855;13;44.827586
NEW_MODE;32;01,02,16,21,22,24,29,51,58,68,69,74,84;21;11;TEST;29;261;36;6.382979;15;5.747126;-0.635852;0.900383;11;37.931034
NEW_MODE;32;01,02,16,21,22,24,29,51,58,68,69,74,84;22;12;TEST;29;261;34;6.028369;13;4.980843;-1.047526;0.826234;13;44.827586
NEW_MODE;32;01,02,16,21,22,24,29,51,58,68,69,74,84;24;8;TEST;29;261;32;5.673759;16;6.130268;0.456509;1.08046;14;48.275862
NEW_MODE;32;01,02,16,21,22,24,29,51,58,68,69,74,84;29;2;TEST;29;261;36;6.382979;18;6.896552;0.513573;1.08046;16;55.172414
NEW_MODE;32;01,02,16,21,22,24,29,51,58,68,69,74,84;51;3;TEST;29;261;36;6.382979;20;7.662835;1.279857;1.200511;15;51.724138
NEW_MODE;32;01,02,16,21,22,24,29,51,58,68,69,74,84;58;9;TEST;29;261;42;7.446809;16;6.130268;-1.31654;0.823207;13;44.827586
NEW_MODE;32;01,02,16,21,22,24,29,51,58,68,69,74,84;68;13;TEST;29;261;42;7.446809;22;8.429119;0.98231;1.13191;16;55.172414
NEW_MODE;32;01,02,16,21,22,24,29,51,58,68,69,74,84;69;4;TEST;29;261;36;6.382979;19;7.279693;0.896715;1.140485;17;58.62069
NEW_MODE;32;01,02,16,21,22,24,29,51,58,68,69,74,84;74;7;TEST;29;261;37;6.560284;24;9.195402;2.635119;1.401678;20;68.965517
NEW_MODE;32;01,02,16,21,22,24,29,51,58,68,69,74,84;84;6;TEST;29;261;35;6.205674;17;6.51341;0.307736;1.049589;14;48.275862
NEW_MODE;33;06,16,19,25,29,37,46,51,65,72,79,82,84;6;11;DISCOVERY;115;1035;129;7.633136;88;8.502415;0.869279;1.113882;64;55.652174
NEW_MODE;33;06,16,19,25,29,37,46,51,65,72,79,82,84;16;1;DISCOVERY;115;1035;117;6.923077;91;8.792271;1.869194;1.269995;63;54.782609
NEW_MODE;33;06,16,19,25,29,37,46,51,65,72,79,82,84;19;2;DISCOVERY;115;1035;125;7.39645;91;8.792271;1.395821;1.188715;64;55.652174
NEW_MODE;33;06,16,19,25,29,37,46,51,65,72,79,82,84;25;8;DISCOVERY;115;1035;117;6.923077;81;7.826087;0.90301;1.130435;64;55.652174
NEW_MODE;33;06,16,19,25,29,37,46,51,65,72,79,82,84;29;7;DISCOVERY;115;1035;112;6.627219;78;7.536232;0.909013;1.137164;54;46.956522
NEW_MODE;33;06,16,19,25,29,37,46,51,65,72,79,82,84;37;10;DISCOVERY;115;1035;109;6.449704;76;7.342995;0.893291;1.138501;54;46.956522
NEW_MODE;33;06,16,19,25,29,37,46,51,65,72,79,82,84;46;12;DISCOVERY;115;1035;110;6.508876;76;7.342995;0.834119;1.128151;55;47.826087
NEW_MODE;33;06,16,19,25,29,37,46,51,65,72,79,82,84;51;5;DISCOVERY;115;1035;120;7.100592;84;8.115942;1.01535;1.142995;66;57.391304
NEW_MODE;33;06,16,19,25,29,37,46,51,65,72,79,82,84;65;9;DISCOVERY;115;1035;122;7.218935;84;8.115942;0.897007;1.124258;58;50.434783
NEW_MODE;33;06,16,19,25,29,37,46,51,65,72,79,82,84;72;4;DISCOVERY;115;1035;109;6.449704;80;7.729469;1.279764;1.198422;62;53.913043
NEW_MODE;33;06,16,19,25,29,37,46,51,65,72,79,82,84;79;3;DISCOVERY;115;1035;130;7.692308;94;9.082126;1.389818;1.180676;70;60.869565
NEW_MODE;33;06,16,19,25,29,37,46,51,65,72,79,82,84;82;13;DISCOVERY;115;1035;125;7.39645;85;8.21256;0.816111;1.110338;64;55.652174
NEW_MODE;33;06,16,19,25,29,37,46,51,65,72,79,82,84;84;6;DISCOVERY;115;1035;114;6.745562;80;7.729469;0.983906;1.14586;60;52.173913
NEW_MODE;33;06,16,19,25,29,37,46,51,65,72,79,82,84;6;11;VALIDATION;32;288;47;8.333333;21;7.291667;-1.041667;0.875;19;59.375
NEW_MODE;33;06,16,19,25,29,37,46,51,65,72,79,82,84;16;1;VALIDATION;32;288;31;5.496454;18;6.25;0.753546;1.137097;15;46.875
NEW_MODE;33;06,16,19,25,29,37,46,51,65,72,79,82,84;19;2;VALIDATION;32;288;41;7.269504;23;7.986111;0.716608;1.098577;19;59.375
NEW_MODE;33;06,16,19,25,29,37,46,51,65,72,79,82,84;25;8;VALIDATION;32;288;46;8.156028;17;5.902778;-2.253251;0.723732;13;40.625
NEW_MODE;33;06,16,19,25,29,37,46,51,65,72,79,82,84;29;7;VALIDATION;32;288;30;5.319149;20;6.944444;1.625296;1.305556;16;50.0
NEW_MODE;33;06,16,19,25,29,37,46,51,65,72,79,82,84;37;10;VALIDATION;32;288;46;8.156028;28;9.722222;1.566194;1.192029;18;56.25
NEW_MODE;33;06,16,19,25,29,37,46,51,65,72,79,82,84;46;12;VALIDATION;32;288;36;6.382979;25;8.680556;2.297577;1.359954;21;65.625
NEW_MODE;33;06,16,19,25,29,37,46,51,65,72,79,82,84;51;5;VALIDATION;32;288;35;6.205674;16;5.555556;-0.650118;0.895238;13;40.625
NEW_MODE;33;06,16,19,25,29,37,46,51,65,72,79,82,84;65;9;VALIDATION;32;288;43;7.624113;23;7.986111;0.361998;1.047481;17;53.125
NEW_MODE;33;06,16,19,25,29,37,46,51,65,72,79,82,84;72;4;VALIDATION;32;288;39;6.914894;23;7.986111;1.071217;1.154915;16;50.0
NEW_MODE;33;06,16,19,25,29,37,46,51,65,72,79,82,84;79;3;VALIDATION;32;288;35;6.205674;22;7.638889;1.433215;1.230952;16;50.0
NEW_MODE;33;06,16,19,25,29,37,46,51,65,72,79,82,84;82;13;VALIDATION;32;288;31;5.496454;15;5.208333;-0.288121;0.947581;13;40.625
NEW_MODE;33;06,16,19,25,29,37,46,51,65,72,79,82,84;84;6;VALIDATION;32;288;32;5.673759;10;3.472222;-2.201537;0.611979;10;31.25
NEW_MODE;33;06,16,19,25,29,37,46,51,65,72,79,82,84;6;11;TEST;39;351;45;7.978723;34;9.68661;1.707886;1.214055;23;58.974359
NEW_MODE;33;06,16,19,25,29,37,46,51,65,72,79,82,84;16;1;TEST;39;351;37;6.560284;23;6.552707;-0.007577;0.998845;18;46.153846
NEW_MODE;33;06,16,19,25,29,37,46,51,65,72,79,82,84;19;2;TEST;39;351;38;6.737589;17;4.843305;-1.894284;0.718848;13;33.333333
NEW_MODE;33;06,16,19,25,29,37,46,51,65,72,79,82,84;25;8;TEST;39;351;35;6.205674;24;6.837607;0.631933;1.101832;19;48.717949
NEW_MODE;33;06,16,19,25,29,37,46,51,65,72,79,82,84;29;7;TEST;39;351;36;6.382979;19;5.413105;-0.969873;0.848053;19;48.717949
NEW_MODE;33;06,16,19,25,29,37,46,51,65,72,79,82,84;37;10;TEST;39;351;28;4.964539;20;5.698006;0.733467;1.147741;16;41.025641
NEW_MODE;33;06,16,19,25,29,37,46,51,65,72,79,82,84;46;12;TEST;39;351;36;6.382979;30;8.547009;2.16403;1.339031;22;56.410256
NEW_MODE;33;06,16,19,25,29,37,46,51,65,72,79,82,84;51;5;TEST;39;351;36;6.382979;26;7.407407;1.024429;1.160494;20;51.282051
NEW_MODE;33;06,16,19,25,29,37,46,51,65,72,79,82,84;65;9;TEST;39;351;29;5.141844;15;4.273504;-0.86834;0.831123;11;28.205128
NEW_MODE;33;06,16,19,25,29,37,46,51,65,72,79,82,84;72;4;TEST;39;351;40;7.092199;19;5.413105;-1.679093;0.763248;16;41.025641
NEW_MODE;33;06,16,19,25,29,37,46,51,65,72,79,82,84;79;3;TEST;39;351;46;8.156028;23;6.552707;-1.603322;0.803419;14;35.897436
NEW_MODE;33;06,16,19,25,29,37,46,51,65,72,79,82,84;82;13;TEST;39;351;36;6.382979;19;5.413105;-0.969873;0.848053;18;46.153846
NEW_MODE;33;06,16,19,25,29,37,46,51,65,72,79,82,84;84;6;TEST;39;351;35;6.205674;20;5.698006;-0.507668;0.918193;18;46.153846
NEW_MODE;34;04,09,12,21,26,39,45,49,59,61,67,68,70;4;12;DISCOVERY;120;1080;100;5.91716;72;6.666667;0.749507;1.126667;53;44.166667
NEW_MODE;34;04,09,12,21,26,39,45,49,59,61,67,68,70;9;9;DISCOVERY;120;1080;120;7.100592;86;7.962963;0.862371;1.121451;62;51.666667
NEW_MODE;34;04,09,12,21,26,39,45,49,59,61,67,68,70;12;10;DISCOVERY;120;1080;115;6.804734;82;7.592593;0.787859;1.115781;66;55.0
NEW_MODE;34;04,09,12,21,26,39,45,49,59,61,67,68,70;21;13;DISCOVERY;120;1080;122;7.218935;86;7.962963;0.744028;1.103066;64;53.333333
NEW_MODE;34;04,09,12,21,26,39,45,49,59,61,67,68,70;26;7;DISCOVERY;120;1080;118;6.982249;85;7.87037;0.888122;1.127197;65;54.166667
NEW_MODE;34;04,09,12,21,26,39,45,49,59,61,67,68,70;39;4;DISCOVERY;120;1080;115;6.804734;84;7.777778;0.973044;1.142995;63;52.5
NEW_MODE;34;04,09,12,21,26,39,45,49,59,61,67,68,70;45;5;DISCOVERY;120;1080;133;7.869822;95;8.796296;0.926474;1.117725;73;60.833333
NEW_MODE;34;04,09,12,21,26,39,45,49,59,61,67,68,70;49;1;DISCOVERY;120;1080;125;7.39645;91;8.425926;1.029476;1.139185;70;58.333333
NEW_MODE;34;04,09,12,21,26,39,45,49,59,61,67,68,70;59;3;DISCOVERY;120;1080;107;6.331361;79;7.314815;0.983454;1.155331;55;45.833333
NEW_MODE;34;04,09,12,21,26,39,45,49,59,61,67,68,70;61;6;DISCOVERY;120;1080;105;6.213018;77;7.12963;0.916612;1.147531;58;48.333333
NEW_MODE;34;04,09,12,21,26,39,45,49,59,61,67,68,70;67;11;DISCOVERY;120;1080;120;7.100592;85;7.87037;0.769779;1.10841;63;52.5
NEW_MODE;34;04,09,12,21,26,39,45,49,59,61,67,68,70;68;2;DISCOVERY;120;1080;119;7.04142;87;8.055556;1.014135;1.144024;66;55.0
NEW_MODE;34;04,09,12,21,26,39,45,49,59,61,67,68,70;70;8;DISCOVERY;120;1080;98;5.798817;72;6.666667;0.86785;1.14966;55;45.833333
NEW_MODE;34;04,09,12,21,26,39,45,49,59,61,67,68,70;4;12;VALIDATION;33;297;34;6.028369;19;6.397306;0.368938;1.0612;18;54.545455
NEW_MODE;34;04,09,12,21,26,39,45,49,59,61,67,68,70;9;9;VALIDATION;33;297;49;8.687943;31;10.43771;1.749767;1.201402;21;63.636364
NEW_MODE;34;04,09,12,21,26,39,45,49,59,61,67,68,70;12;10;VALIDATION;33;297;28;4.964539;14;4.713805;-0.250734;0.949495;9;27.272727
NEW_MODE;34;04,09,12,21,26,39,45,49,59,61,67,68,70;21;13;VALIDATION;33;297;40;7.092199;22;7.407407;0.315209;1.044444;17;51.515152
NEW_MODE;34;04,09,12,21,26,39,45,49,59,61,67,68,70;26;7;VALIDATION;33;297;28;4.964539;17;5.723906;0.759367;1.152958;12;36.363636
NEW_MODE;34;04,09,12,21,26,39,45,49,59,61,67,68,70;39;4;VALIDATION;33;297;47;8.333333;19;6.397306;-1.936027;0.767677;16;48.484848
NEW_MODE;34;04,09,12,21,26,39,45,49,59,61,67,68,70;45;5;VALIDATION;33;297;40;7.092199;16;5.387205;-1.704993;0.759596;13;39.393939
NEW_MODE;34;04,09,12,21,26,39,45,49,59,61,67,68,70;49;1;VALIDATION;33;297;47;8.333333;32;10.774411;2.441077;1.292929;23;69.69697
NEW_MODE;34;04,09,12,21,26,39,45,49,59,61,67,68,70;59;3;VALIDATION;33;297;38;6.737589;26;8.754209;2.01662;1.299309;20;60.606061
NEW_MODE;34;04,09,12,21,26,39,45,49,59,61,67,68,70;61;6;VALIDATION;33;297;35;6.205674;17;5.723906;-0.481768;0.922367;13;39.393939
NEW_MODE;34;04,09,12,21,26,39,45,49,59,61,67,68,70;67;11;VALIDATION;33;297;36;6.382979;18;6.060606;-0.322373;0.949495;14;42.424242
NEW_MODE;34;04,09,12,21,26,39,45,49,59,61,67,68,70;68;2;VALIDATION;33;297;47;8.333333;24;8.080808;-0.252525;0.969697;19;57.575758
NEW_MODE;34;04,09,12,21,26,39,45,49,59,61,67,68,70;70;8;VALIDATION;33;297;31;5.496454;14;4.713805;-0.782649;0.857608;13;39.393939
NEW_MODE;34;04,09,12,21,26,39,45,49,59,61,67,68,70;4;12;TEST;40;360;40;7.092199;25;6.944444;-0.147754;0.979167;19;47.5
NEW_MODE;34;04,09,12,21,26,39,45,49,59,61,67,68,70;9;9;TEST;40;360;35;6.205674;22;6.111111;-0.094563;0.984762;19;47.5
NEW_MODE;34;04,09,12,21,26,39,45,49,59,61,67,68,70;12;10;TEST;40;360;25;4.432624;13;3.611111;-0.821513;0.814667;11;27.5
NEW_MODE;34;04,09,12,21,26,39,45,49,59,61,67,68,70;21;13;TEST;40;360;36;6.382979;15;4.166667;-2.216312;0.652778;13;32.5
NEW_MODE;34;04,09,12,21,26,39,45,49,59,61,67,68,70;26;7;TEST;40;360;31;5.496454;26;7.222222;1.725768;1.313978;19;47.5
NEW_MODE;34;04,09,12,21,26,39,45,49,59,61,67,68,70;39;4;TEST;40;360;36;6.382979;25;6.944444;0.561466;1.087963;21;52.5
NEW_MODE;34;04,09,12,21,26,39,45,49,59,61,67,68,70;45;5;TEST;40;360;41;7.269504;27;7.5;0.230496;1.031707;20;50.0
NEW_MODE;34;04,09,12,21,26,39,45,49,59,61,67,68,70;49;1;TEST;40;360;42;7.446809;25;6.944444;-0.502364;0.93254;19;47.5
NEW_MODE;34;04,09,12,21,26,39,45,49,59,61,67,68,70;59;3;TEST;40;360;40;7.092199;25;6.944444;-0.147754;0.979167;20;50.0
NEW_MODE;34;04,09,12,21,26,39,45,49,59,61,67,68,70;61;6;TEST;40;360;37;6.560284;27;7.5;0.939716;1.143243;25;62.5
NEW_MODE;34;04,09,12,21,26,39,45,49,59,61,67,68,70;67;11;TEST;40;360;28;4.964539;10;2.777778;-2.186761;0.559524;9;22.5
NEW_MODE;34;04,09,12,21,26,39,45,49,59,61,67,68,70;68;2;TEST;40;360;42;7.446809;19;5.277778;-2.169031;0.70873;15;37.5
NEW_MODE;34;04,09,12,21,26,39,45,49,59,61,67,68,70;70;8;TEST;40;360;26;4.609929;13;3.611111;-0.998818;0.783333;9;22.5
NEW_MODE;35;03,05,07,09,11,21,22,40,48,58,65,82,90;3;13;DISCOVERY;111;999;93;5.502959;62;6.206206;0.703248;1.127794;50;45.045045
NEW_MODE;35;03,05,07,09,11,21,22,40,48,58,65,82,90;5;11;DISCOVERY;111;999;99;5.857988;67;6.706707;0.848719;1.144882;51;45.945946
NEW_MODE;35;03,05,07,09,11,21,22,40,48,58,65,82,90;7;4;DISCOVERY;111;999;96;5.680473;73;7.307307;1.626834;1.286391;61;54.954955
NEW_MODE;35;03,05,07,09,11,21,22,40,48,58,65,82,90;9;8;DISCOVERY;111;999;120;7.100592;80;8.008008;0.907416;1.127794;56;50.45045
NEW_MODE;35;03,05,07,09,11,21,22,40,48,58,65,82,90;11;9;DISCOVERY;111;999;120;7.100592;80;8.008008;0.907416;1.127794;51;45.945946
NEW_MODE;35;03,05,07,09,11,21,22,40,48,58,65,82,90;21;1;DISCOVERY;111;999;122;7.218935;98;9.80981;2.590875;1.3589;67;60.36036
NEW_MODE;35;03,05,07,09,11,21,22,40,48,58,65,82,90;22;10;DISCOVERY;111;999;110;6.508876;74;7.407407;0.898532;1.138047;55;49.54955
NEW_MODE;35;03,05,07,09,11,21,22,40,48,58,65,82,90;40;7;DISCOVERY;111;999;101;5.976331;69;6.906907;0.930576;1.15571;50;45.045045
NEW_MODE;35;03,05,07,09,11,21,22,40,48,58,65,82,90;48;5;DISCOVERY;111;999;121;7.159763;87;8.708709;1.548945;1.21634;60;54.054054
NEW_MODE;35;03,05,07,09,11,21,22,40,48,58,65,82,90;58;6;DISCOVERY;111;999;110;6.508876;75;7.507508;0.998632;1.153426;55;49.54955
NEW_MODE;35;03,05,07,09,11,21,22,40,48,58,65,82,90;65;3;DISCOVERY;111;999;122;7.218935;89;8.908909;1.689974;1.234103;59;53.153153
NEW_MODE;35;03,05,07,09,11,21,22,40,48,58,65,82,90;82;2;DISCOVERY;111;999;125;7.39645;94;9.409409;2.01296;1.272152;64;57.657658
NEW_MODE;35;03,05,07,09,11,21,22,40,48,58,65,82,90;90;12;DISCOVERY;111;999;129;7.633136;84;8.408408;0.775272;1.101567;60;54.054054
NEW_MODE;35;03,05,07,09,11,21,22,40,48,58,65,82,90;3;13;VALIDATION;39;351;35;6.205674;16;4.558405;-1.647269;0.734554;16;41.025641
NEW_MODE;35;03,05,07,09,11,21,22,40,48,58,65,82,90;5;11;VALIDATION;39;351;41;7.269504;31;8.831909;1.562405;1.214926;26;66.666667
NEW_MODE;35;03,05,07,09,11,21,22,40,48,58,65,82,90;7;4;VALIDATION;39;351;40;7.092199;20;5.698006;-1.394193;0.803419;18;46.153846
NEW_MODE;35;03,05,07,09,11,21,22,40,48,58,65,82,90;9;8;VALIDATION;39;351;49;8.687943;22;6.267806;-2.420137;0.721437;16;41.025641
NEW_MODE;35;03,05,07,09,11,21,22,40,48,58,65,82,90;11;9;VALIDATION;39;351;27;4.787234;13;3.703704;-1.08353;0.773663;10;25.641026
NEW_MODE;35;03,05,07,09,11,21,22,40,48,58,65,82,90;21;1;VALIDATION;39;351;40;7.092199;19;5.413105;-1.679093;0.763248;16;41.025641
NEW_MODE;35;03,05,07,09,11,21,22,40,48,58,65,82,90;22;10;VALIDATION;39;351;42;7.446809;22;6.267806;-1.179002;0.841677;16;41.025641
NEW_MODE;35;03,05,07,09,11,21,22,40,48,58,65,82,90;40;7;VALIDATION;39;351;46;8.156028;33;9.401709;1.245681;1.152731;22;56.410256
NEW_MODE;35;03,05,07,09,11,21,22,40,48,58,65,82,90;48;5;VALIDATION;39;351;40;7.092199;27;7.692308;0.600109;1.084615;22;56.410256
NEW_MODE;35;03,05,07,09,11,21,22,40,48,58,65,82,90;58;6;VALIDATION;39;351;43;7.624113;20;5.698006;-1.926108;0.747366;18;46.153846
NEW_MODE;35;03,05,07,09,11,21,22,40,48,58,65,82,90;65;3;VALIDATION;39;351;43;7.624113;22;6.267806;-1.356307;0.822103;17;43.589744
NEW_MODE;35;03,05,07,09,11,21,22,40,48,58,65,82,90;82;2;VALIDATION;39;351;31;5.496454;19;5.413105;-0.083348;0.984836;16;41.025641
NEW_MODE;35;03,05,07,09,11,21,22,40,48,58,65,82,90;90;12;VALIDATION;39;351;29;5.141844;14;3.988604;-1.15324;0.775715;13;33.333333
NEW_MODE;35;03,05,07,09,11,21,22,40,48,58,65,82,90;3;13;TEST;32;288;35;6.205674;15;5.208333;-0.99734;0.839286;15;46.875
NEW_MODE;35;03,05,07,09,11,21,22,40,48,58,65,82,90;5;11;TEST;32;288;41;7.269504;16;5.555556;-1.713948;0.764228;15;46.875
NEW_MODE;35;03,05,07,09,11,21,22,40,48,58,65,82,90;7;4;TEST;32;288;39;6.914894;17;5.902778;-1.012116;0.853632;13;40.625
NEW_MODE;35;03,05,07,09,11,21,22,40,48,58,65,82,90;9;8;TEST;32;288;35;6.205674;18;6.25;0.044326;1.007143;14;43.75
NEW_MODE;35;03,05,07,09,11,21,22,40,48,58,65,82,90;11;9;TEST;32;288;42;7.446809;25;8.680556;1.233747;1.165675;16;50.0
NEW_MODE;35;03,05,07,09,11,21,22,40,48,58,65,82,90;21;1;TEST;32;288;36;6.382979;23;7.986111;1.603132;1.251157;15;46.875
NEW_MODE;35;03,05,07,09,11,21,22,40,48,58,65,82,90;22;10;TEST;32;288;34;6.028369;19;6.597222;0.568853;1.094363;18;56.25
NEW_MODE;35;03,05,07,09,11,21,22,40,48,58,65,82,90;40;7;TEST;32;288;43;7.624113;28;9.722222;2.098109;1.275194;20;62.5
NEW_MODE;35;03,05,07,09,11,21,22,40,48,58,65,82,90;48;5;TEST;32;288;31;5.496454;20;6.944444;1.447991;1.263441;16;50.0
NEW_MODE;35;03,05,07,09,11,21,22,40,48,58,65,82,90;58;6;TEST;32;288;42;7.446809;23;7.986111;0.539303;1.072421;15;46.875
NEW_MODE;35;03,05,07,09,11,21,22,40,48,58,65,82,90;65;3;TEST;32;288;29;5.141844;16;5.555556;0.413712;1.08046;10;31.25
NEW_MODE;35;03,05,07,09,11,21,22,40,48,58,65,82,90;82;2;TEST;32;288;36;6.382979;19;6.597222;0.214243;1.033565;17;53.125
NEW_MODE;35;03,05,07,09,11,21,22,40,48,58,65,82,90;90;12;TEST;32;288;35;6.205674;23;7.986111;1.780437;1.286905;20;62.5
NEW_MODE;36;06,07,08,17,33,40,46,62,63,71,73,78,87;6;13;DISCOVERY;98;882;129;7.633136;75;8.503401;0.870265;1.114011;50;51.020408
NEW_MODE;36;06,07,08,17,33,40,46,62,63,71,73,78,87;7;2;DISCOVERY;98;882;96;5.680473;63;7.142857;1.462384;1.25744;51;52.040816
NEW_MODE;36;06,07,08,17,33,40,46,62,63,71,73,78,87;8;3;DISCOVERY;98;882;106;6.272189;68;7.709751;1.437561;1.229196;55;56.122449
NEW_MODE;36;06,07,08,17,33,40,46,62,63,71,73,78,87;17;6;DISCOVERY;98;882;118;6.982249;73;8.276644;1.294395;1.185384;55;56.122449
NEW_MODE;36;06,07,08,17,33,40,46,62,63,71,73,78,87;33;12;DISCOVERY;98;882;115;6.804734;68;7.709751;0.905017;1.132998;51;52.040816
NEW_MODE;36;06,07,08,17,33,40,46,62,63,71,73,78,87;40;1;DISCOVERY;98;882;101;5.976331;66;7.482993;1.506662;1.252105;49;50.0
NEW_MODE;36;06,07,08,17,33,40,46,62,63,71,73,78,87;46;4;DISCOVERY;98;882;110;6.508876;70;7.936508;1.427632;1.219336;51;52.040816
NEW_MODE;36;06,07,08,17,33,40,46,62,63,71,73,78,87;62;5;DISCOVERY;98;882;113;6.686391;71;8.049887;1.363496;1.203921;58;59.183673
NEW_MODE;36;06,07,08,17,33,40,46,62,63,71,73,78,87;63;9;DISCOVERY;98;882;109;6.449704;66;7.482993;1.033289;1.160207;51;52.040816
NEW_MODE;36;06,07,08,17,33,40,46,62,63,71,73,78,87;71;10;DISCOVERY;98;882;100;5.91716;61;6.9161;0.99894;1.168821;46;46.938776
NEW_MODE;36;06,07,08,17,33,40,46,62,63,71,73,78,87;73;11;DISCOVERY;98;882;93;5.502959;57;6.462585;0.959626;1.174384;51;52.040816
NEW_MODE;36;06,07,08,17,33,40,46,62,63,71,73,78,87;78;8;DISCOVERY;98;882;120;7.100592;72;8.163265;1.062674;1.14966;52;53.061224
NEW_MODE;36;06,07,08,17,33,40,46,62,63,71,73,78,87;87;7;DISCOVERY;98;882;112;6.627219;69;7.823129;1.19591;1.180454;52;53.061224
NEW_MODE;36;06,07,08,17,33,40,46,62,63,71,73,78,87;6;13;VALIDATION;25;225;47;8.333333;18;8.0;-0.333333;0.96;15;60.0
NEW_MODE;36;06,07,08,17,33,40,46,62,63,71,73,78,87;7;2;VALIDATION;25;225;40;7.092199;22;9.777778;2.685579;1.378667;16;64.0
NEW_MODE;36;06,07,08,17,33,40,46,62,63,71,73,78,87;8;3;VALIDATION;25;225;29;5.141844;10;4.444444;-0.6974;0.864368;10;40.0
NEW_MODE;36;06,07,08,17,33,40,46,62,63,71,73,78,87;17;6;VALIDATION;25;225;32;5.673759;18;8.0;2.326241;1.41;14;56.0
NEW_MODE;36;06,07,08,17,33,40,46,62,63,71,73,78,87;33;12;VALIDATION;25;225;32;5.673759;8;3.555556;-2.118203;0.626667;7;28.0
NEW_MODE;36;06,07,08,17,33,40,46,62,63,71,73,78,87;40;1;VALIDATION;25;225;46;8.156028;21;9.333333;1.177305;1.144348;16;64.0
NEW_MODE;36;06,07,08,17,33,40,46,62,63,71,73,78,87;46;4;VALIDATION;25;225;36;6.382979;14;6.222222;-0.160757;0.974815;11;44.0
NEW_MODE;36;06,07,08,17,33,40,46,62,63,71,73,78,87;62;5;VALIDATION;25;225;40;7.092199;24;10.666667;3.574468;1.504;16;64.0
NEW_MODE;36;06,07,08,17,33,40,46,62,63,71,73,78,87;63;9;VALIDATION;25;225;34;6.028369;13;5.777778;-0.250591;0.958431;13;52.0
NEW_MODE;36;06,07,08,17,33,40,46,62,63,71,73,78,87;71;10;VALIDATION;25;225;42;7.446809;20;8.888889;1.44208;1.193651;16;64.0
NEW_MODE;36;06,07,08,17,33,40,46,62,63,71,73,78,87;73;11;VALIDATION;25;225;44;7.801418;19;8.444444;0.643026;1.082424;18;72.0
NEW_MODE;36;06,07,08,17,33,40,46,62,63,71,73,78,87;78;8;VALIDATION;25;225;35;6.205674;8;3.555556;-2.650118;0.572952;8;32.0
NEW_MODE;36;06,07,08,17,33,40,46,62,63,71,73,78,87;87;7;VALIDATION;25;225;40;7.092199;13;5.777778;-1.314421;0.814667;11;44.0
NEW_MODE;36;06,07,08,17,33,40,46,62,63,71,73,78,87;6;13;TEST;34;306;45;7.978723;23;7.51634;-0.462384;0.942048;19;55.882353
NEW_MODE;36;06,07,08,17,33,40,46,62,63,71,73,78,87;7;2;TEST;34;306;39;6.914894;26;8.496732;1.581838;1.228758;20;58.823529
NEW_MODE;36;06,07,08,17,33,40,46,62,63,71,73,78,87;8;3;TEST;34;306;42;7.446809;19;6.20915;-1.237658;0.8338;17;50.0
NEW_MODE;36;06,07,08,17,33,40,46,62,63,71,73,78,87;17;6;TEST;34;306;37;6.560284;22;7.189542;0.629259;1.095919;15;44.117647
NEW_MODE;36;06,07,08,17,33,40,46,62,63,71,73,78,87;33;12;TEST;34;306;40;7.092199;19;6.20915;-0.883048;0.87549;16;47.058824
NEW_MODE;36;06,07,08,17,33,40,46,62,63,71,73,78,87;40;1;TEST;34;306;43;7.624113;20;6.535948;-1.088166;0.857273;18;52.941176
NEW_MODE;36;06,07,08,17,33,40,46,62,63,71,73,78,87;46;4;TEST;34;306;36;6.382979;21;6.862745;0.479766;1.075163;17;50.0
NEW_MODE;36;06,07,08,17,33,40,46,62,63,71,73,78,87;62;5;TEST;34;306;38;6.737589;11;3.594771;-3.142817;0.53354;9;26.470588
NEW_MODE;36;06,07,08,17,33,40,46,62,63,71,73,78,87;63;9;TEST;34;306;47;8.333333;18;5.882353;-2.45098;0.705882;15;44.117647
NEW_MODE;36;06,07,08,17,33,40,46,62,63,71,73,78,87;71;10;TEST;34;306;38;6.737589;22;7.189542;0.451954;1.067079;17;50.0
NEW_MODE;36;06,07,08,17,33,40,46,62,63,71,73,78,87;73;11;TEST;34;306;47;8.333333;24;7.843137;-0.490196;0.941176;17;50.0
NEW_MODE;36;06,07,08,17,33,40,46,62,63,71,73,78,87;78;8;TEST;34;306;29;5.141844;16;5.228758;0.086914;1.016903;14;41.176471
NEW_MODE;36;06,07,08,17,33,40,46,62,63,71,73,78,87;87;7;TEST;34;306;33;5.851064;17;5.555556;-0.295508;0.949495;12;35.294118
NEW_MODE;37;02,06,09,15,28,42,47,54,59,63,66,76,90;2;7;DISCOVERY;109;981;100;5.91716;70;7.135576;1.218416;1.205912;54;49.541284
NEW_MODE;37;02,06,09,15,28,42,47,54,59,63,66,76,90;6;3;DISCOVERY;109;981;129;7.633136;89;9.072375;1.439239;1.188551;61;55.963303
NEW_MODE;37;02,06,09,15,28,42,47,54,59,63,66,76,90;9;10;DISCOVERY;109;981;120;7.100592;80;8.154944;1.054352;1.148488;56;51.376147
NEW_MODE;37;02,06,09,15,28,42,47,54,59,63,66,76,90;15;12;DISCOVERY;109;981;118;6.982249;78;7.95107;0.968822;1.138755;62;56.880734
NEW_MODE;37;02,06,09,15,28,42,47,54,59,63,66,76,90;28;2;DISCOVERY;109;981;103;6.094675;74;7.543323;1.448649;1.237691;56;51.376147
NEW_MODE;37;02,06,09,15,28,42,47,54,59,63,66,76,90;42;9;DISCOVERY;109;981;104;6.153846;72;7.33945;1.185603;1.192661;56;51.376147
NEW_MODE;37;02,06,09,15,28,42,47,54,59,63,66,76,90;47;13;DISCOVERY;109;981;125;7.39645;82;8.358818;0.962368;1.130112;52;47.706422
NEW_MODE;37;02,06,09,15,28,42,47,54,59,63,66,76,90;54;6;DISCOVERY;109;981;130;7.692308;88;8.970438;1.278131;1.166157;66;60.550459
NEW_MODE;37;02,06,09,15,28,42,47,54,59,63,66,76,90;59;11;DISCOVERY;109;981;107;6.331361;72;7.33945;1.008089;1.159221;45;41.284404
NEW_MODE;37;02,06,09,15,28,42,47,54,59,63,66,76,90;63;5;DISCOVERY;109;981;109;6.449704;76;7.747197;1.297493;1.201171;63;57.798165
NEW_MODE;37;02,06,09,15,28,42,47,54,59,63,66,76,90;66;8;DISCOVERY;109;981;116;6.863905;79;8.053007;1.189102;1.17324;57;52.293578
NEW_MODE;37;02,06,09,15,28,42,47,54,59,63,66,76,90;76;4;DISCOVERY;109;981;105;6.213018;75;7.64526;1.432242;1.230523;54;49.541284
NEW_MODE;37;02,06,09,15,28,42,47,54,59,63,66,76,90;90;1;DISCOVERY;109;981;129;7.633136;90;9.174312;1.541176;1.201906;66;60.550459
NEW_MODE;37;02,06,09,15,28,42,47,54,59,63,66,76,90;2;7;VALIDATION;46;414;25;4.432624;21;5.072464;0.63984;1.144348;18;39.130435
NEW_MODE;37;02,06,09,15,28,42,47,54,59,63,66,76,90;6;3;VALIDATION;46;414;47;8.333333;30;7.246377;-1.086957;0.869565;22;47.826087
NEW_MODE;37;02,06,09,15,28,42,47,54,59,63,66,76,90;9;10;VALIDATION;46;414;49;8.687943;47;11.352657;2.664714;1.306714;31;67.391304
NEW_MODE;37;02,06,09,15,28,42,47,54,59,63,66,76,90;15;12;VALIDATION;46;414;44;7.801418;32;7.729469;-0.07195;0.990777;24;52.173913
NEW_MODE;37;02,06,09,15,28,42,47,54,59,63,66,76,90;28;2;VALIDATION;46;414;42;7.446809;28;6.763285;-0.683523;0.908213;22;47.826087
NEW_MODE;37;02,06,09,15,28,42,47,54,59,63,66,76,90;42;9;VALIDATION;46;414;45;7.978723;31;7.487923;-0.490801;0.938486;21;45.652174
NEW_MODE;37;02,06,09,15,28,42,47,54,59,63,66,76,90;47;13;VALIDATION;46;414;38;6.737589;28;6.763285;0.025696;1.003814;23;50.0
NEW_MODE;37;02,06,09,15,28,42,47,54,59,63,66,76,90;54;6;VALIDATION;46;414;33;5.851064;31;7.487923;1.636859;1.279754;25;54.347826
NEW_MODE;37;02,06,09,15,28,42,47,54,59,63,66,76,90;59;11;VALIDATION;46;414;38;6.737589;34;8.21256;1.474972;1.218917;26;56.521739
NEW_MODE;37;02,06,09,15,28,42,47,54,59,63,66,76,90;63;5;VALIDATION;46;414;34;6.028369;34;8.21256;2.184192;1.362319;27;58.695652
NEW_MODE;37;02,06,09,15,28,42,47,54,59,63,66,76,90;66;8;VALIDATION;46;414;44;7.801418;27;6.521739;-1.279679;0.835968;22;47.826087
NEW_MODE;37;02,06,09,15,28,42,47,54,59,63,66,76,90;76;4;VALIDATION;46;414;42;7.446809;27;6.521739;-0.925069;0.875776;19;41.304348
NEW_MODE;37;02,06,09,15,28,42,47,54,59,63,66,76,90;90;1;VALIDATION;46;414;29;5.141844;22;5.31401;0.172166;1.033483;18;39.130435
NEW_MODE;37;02,06,09,15,28,42,47,54,59,63,66,76,90;2;7;TEST;28;252;44;7.801418;15;5.952381;-1.849037;0.762987;12;42.857143
NEW_MODE;37;02,06,09,15,28,42,47,54,59,63,66,76,90;6;3;TEST;28;252;45;7.978723;19;7.539683;-0.439041;0.944974;13;46.428571
NEW_MODE;37;02,06,09,15,28,42,47,54,59,63,66,76,90;9;10;TEST;28;252;35;6.205674;19;7.539683;1.334009;1.214966;13;46.428571
NEW_MODE;37;02,06,09,15,28,42,47,54,59,63,66,76,90;15;12;TEST;28;252;29;5.141844;20;7.936508;2.794664;1.543514;16;57.142857
NEW_MODE;37;02,06,09,15,28,42,47,54,59,63,66,76,90;28;2;TEST;28;252;44;7.801418;17;6.746032;-1.055387;0.864719;14;50.0
NEW_MODE;37;02,06,09,15,28,42,47,54,59,63,66,76,90;42;9;TEST;28;252;45;7.978723;21;8.333333;0.35461;1.044444;17;60.714286
NEW_MODE;37;02,06,09,15,28,42,47,54,59,63,66,76,90;47;13;TEST;28;252;41;7.269504;16;6.349206;-0.920297;0.873403;13;46.428571
NEW_MODE;37;02,06,09,15,28,42,47,54,59,63,66,76,90;54;6;TEST;28;252;38;6.737589;22;8.730159;1.99257;1.295739;16;57.142857
NEW_MODE;37;02,06,09,15,28,42,47,54,59,63,66,76,90;59;11;TEST;28;252;40;7.092199;10;3.968254;-3.123945;0.559524;9;32.142857
NEW_MODE;37;02,06,09,15,28,42,47,54,59,63,66,76,90;63;5;TEST;28;252;47;8.333333;20;7.936508;-0.396825;0.952381;16;57.142857
NEW_MODE;37;02,06,09,15,28,42,47,54,59,63,66,76,90;66;8;TEST;28;252;35;6.205674;17;6.746032;0.540358;1.087075;11;39.285714
NEW_MODE;37;02,06,09,15,28,42,47,54,59,63,66,76,90;76;4;TEST;28;252;32;5.673759;15;5.952381;0.278622;1.049107;11;39.285714
NEW_MODE;37;02,06,09,15,28,42,47,54,59,63,66,76,90;90;1;TEST;28;252;35;6.205674;18;7.142857;0.937183;1.15102;16;57.142857
NEW_MODE;38;09,12,30,31,32,33,54,58,72,75,84,85,87;9;8;DISCOVERY;119;1071;120;7.100592;87;8.123249;1.022658;1.144024;63;52.941176
NEW_MODE;38;09,12,30,31,32,33,54,58,72,75,84,85,87;12;3;DISCOVERY;119;1071;115;6.804734;90;8.403361;1.598628;1.234929;65;54.621849
NEW_MODE;38;09,12,30,31,32,33,54,58,72,75,84,85,87;30;6;DISCOVERY;119;1071;101;5.976331;76;7.096172;1.11984;1.187379;60;50.420168
NEW_MODE;38;09,12,30,31,32,33,54,58,72,75,84,85,87;31;11;DISCOVERY;119;1071;108;6.390533;79;7.376284;0.985751;1.154252;58;48.739496
NEW_MODE;38;09,12,30,31,32,33,54,58,72,75,84,85,87;32;1;DISCOVERY;119;1071;131;7.751479;104;9.710551;1.959072;1.252735;72;60.504202
NEW_MODE;38;09,12,30,31,32,33,54,58,72,75,84,85,87;33;2;DISCOVERY;119;1071;115;6.804734;91;8.496732;1.691998;1.24865;67;56.302521
NEW_MODE;38;09,12,30,31,32,33,54,58,72,75,84,85,87;54;10;DISCOVERY;119;1071;130;7.692308;93;8.683473;0.991166;1.128852;70;58.823529
NEW_MODE;38;09,12,30,31,32,33,54,58,72,75,84,85,87;58;7;DISCOVERY;119;1071;110;6.508876;81;7.563025;1.054149;1.161956;63;52.941176
NEW_MODE;38;09,12,30,31,32,33,54,58,72,75,84,85,87;72;5;DISCOVERY;119;1071;109;6.449704;82;7.656396;1.206692;1.187093;61;51.260504
NEW_MODE;38;09,12,30,31,32,33,54,58,72,75,84,85,87;75;13;DISCOVERY;119;1071;128;7.573964;91;8.496732;0.922768;1.121834;61;51.260504
NEW_MODE;38;09,12,30,31,32,33,54,58,72,75,84,85,87;84;9;DISCOVERY;119;1071;114;6.745562;83;7.749767;1.004204;1.148869;64;53.781513
NEW_MODE;38;09,12,30,31,32,33,54,58,72,75,84,85,87;85;4;DISCOVERY;119;1071;132;7.810651;97;9.056956;1.246305;1.159565;67;56.302521
NEW_MODE;38;09,12,30,31,32,33,54,58,72,75,84,85,87;87;12;DISCOVERY;119;1071;112;6.627219;81;7.563025;0.935806;1.141206;64;53.781513
NEW_MODE;38;09,12,30,31,32,33,54,58,72,75,84,85,87;9;8;VALIDATION;46;414;49;8.687943;34;8.21256;-0.475383;0.945282;25;54.347826
NEW_MODE;38;09,12,30,31,32,33,54,58,72,75,84,85,87;12;3;VALIDATION;46;414;28;4.964539;18;4.347826;-0.616713;0.875776;15;32.608696
NEW_MODE;38;09,12,30,31,32,33,54,58,72,75,84,85,87;30;6;VALIDATION;46;414;36;6.382979;23;5.555556;-0.827423;0.87037;20;43.478261
NEW_MODE;38;09,12,30,31,32,33,54,58,72,75,84,85,87;31;11;VALIDATION;46;414;35;6.205674;25;6.038647;-0.167026;0.973085;21;45.652174
NEW_MODE;38;09,12,30,31,32,33,54,58,72,75,84,85,87;32;1;VALIDATION;46;414;38;6.737589;22;5.31401;-1.423579;0.788711;16;34.782609
NEW_MODE;38;09,12,30,31,32,33,54,58,72,75,84,85,87;33;2;VALIDATION;46;414;32;5.673759;24;5.797101;0.123343;1.021739;19;41.304348
NEW_MODE;38;09,12,30,31,32,33,54,58,72,75,84,85,87;54;10;VALIDATION;46;414;33;5.851064;25;6.038647;0.187584;1.03206;21;45.652174
NEW_MODE;38;09,12,30,31,32,33,54,58,72,75,84,85,87;58;7;VALIDATION;46;414;43;7.624113;30;7.246377;-0.377737;0.950455;26;56.521739
NEW_MODE;38;09,12,30,31,32,33,54,58,72,75,84,85,87;72;5;VALIDATION;46;414;39;6.914894;23;5.555556;-1.359338;0.803419;18;39.130435
NEW_MODE;38;09,12,30,31,32,33,54,58,72,75,84,85,87;75;13;VALIDATION;46;414;33;5.851064;27;6.521739;0.670675;1.114625;20;43.478261
NEW_MODE;38;09,12,30,31,32,33,54,58,72,75,84,85,87;84;9;VALIDATION;46;414;32;5.673759;20;4.830918;-0.842841;0.851449;15;32.608696
NEW_MODE;38;09,12,30,31,32,33,54,58,72,75,84,85,87;85;4;VALIDATION;46;414;28;4.964539;24;5.797101;0.832562;1.167702;23;50.0
NEW_MODE;38;09,12,30,31,32,33,54,58,72,75,84,85,87;87;12;VALIDATION;46;414;40;7.092199;34;8.21256;1.120362;1.157971;27;58.695652
NEW_MODE;38;09,12,30,31,32,33,54,58,72,75,84,85,87;9;8;TEST;29;261;35;6.205674;27;10.344828;4.139154;1.666995;17;58.62069
NEW_MODE;38;09,12,30,31,32,33,54,58,72,75,84,85,87;12;3;TEST;29;261;25;4.432624;18;6.896552;2.463928;1.555862;14;48.275862
NEW_MODE;38;09,12,30,31,32,33,54,58,72,75,84,85,87;30;6;TEST;29;261;39;6.914894;11;4.214559;-2.700334;0.60949;9;31.034483
NEW_MODE;38;09,12,30,31,32,33,54,58,72,75,84,85,87;31;11;TEST;29;261;41;7.269504;20;7.662835;0.393332;1.054107;13;44.827586
NEW_MODE;38;09,12,30,31,32,33,54,58,72,75,84,85,87;32;1;TEST;29;261;29;5.141844;11;4.214559;-0.927285;0.819659;10;34.482759
NEW_MODE;38;09,12,30,31,32,33,54,58,72,75,84,85,87;33;2;TEST;29;261;40;7.092199;22;8.429119;1.33692;1.188506;15;51.724138
NEW_MODE;38;09,12,30,31,32,33,54,58,72,75,84,85,87;54;10;TEST;29;261;38;6.737589;12;4.597701;-2.139888;0.682396;10;34.482759
NEW_MODE;38;09,12,30,31,32,33,54,58,72,75,84,85,87;58;7;TEST;29;261;42;7.446809;22;8.429119;0.98231;1.13191;16;55.172414
NEW_MODE;38;09,12,30,31,32,33,54,58,72,75,84,85,87;72;5;TEST;29;261;40;7.092199;16;6.130268;-0.96193;0.864368;14;48.275862
NEW_MODE;38;09,12,30,31,32,33,54,58,72,75,84,85,87;75;13;TEST;29;261;37;6.560284;17;6.51341;-0.046874;0.992855;15;51.724138
NEW_MODE;38;09,12,30,31,32,33,54,58,72,75,84,85,87;84;9;TEST;29;261;35;6.205674;21;8.045977;1.840303;1.296552;17;58.62069
NEW_MODE;38;09,12,30,31,32,33,54,58,72,75,84,85,87;85;4;TEST;29;261;53;9.397163;20;7.662835;-1.734328;0.815441;17;58.62069
NEW_MODE;38;09,12,30,31,32,33,54,58,72,75,84,85,87;87;12;TEST;29;261;33;5.851064;9;3.448276;-2.402788;0.589342;7;24.137931
NEW_MODE;39;03,06,12,17,23,25,34,40,62,76,81,87,89;3;1;DISCOVERY;115;1035;93;5.502959;83;8.019324;2.516365;1.457275;62;53.913043
NEW_MODE;39;03,06,12,17,23,25,34,40,62,76,81,87,89;6;10;DISCOVERY;115;1035;129;7.633136;88;8.502415;0.869279;1.113882;64;55.652174
NEW_MODE;39;03,06,12,17,23,25,34,40,62,76,81,87,89;12;6;DISCOVERY;115;1035;115;6.804734;81;7.826087;1.021353;1.150095;62;53.913043
NEW_MODE;39;03,06,12,17,23,25,34,40,62,76,81,87,89;17;4;DISCOVERY;115;1035;118;6.982249;85;8.21256;1.230312;1.176206;64;55.652174
NEW_MODE;39;03,06,12,17,23,25,34,40,62,76,81,87,89;23;11;DISCOVERY;115;1035;98;5.798817;69;6.666667;0.86785;1.14966;52;45.217391
NEW_MODE;39;03,06,12,17,23,25,34,40,62,76,81,87,89;25;8;DISCOVERY;115;1035;117;6.923077;81;7.826087;0.90301;1.130435;66;57.391304
NEW_MODE;39;03,06,12,17,23,25,34,40,62,76,81,87,89;34;3;DISCOVERY;115;1035;121;7.159763;87;8.405797;1.246034;1.174033;63;54.782609
NEW_MODE;39;03,06,12,17,23,25,34,40,62,76,81,87,89;40;13;DISCOVERY;115;1035;101;5.976331;70;6.763285;0.786954;1.131678;59;51.304348
NEW_MODE;39;03,06,12,17,23,25,34,40,62,76,81,87,89;62;2;DISCOVERY;115;1035;113;6.686391;86;8.309179;1.622788;1.2427;68;59.130435
NEW_MODE;39;03,06,12,17,23,25,34,40,62,76,81,87,89;76;12;DISCOVERY;115;1035;105;6.213018;73;7.05314;0.840122;1.13522;55;47.826087
NEW_MODE;39;03,06,12,17,23,25,34,40,62,76,81,87,89;81;9;DISCOVERY;115;1035;114;6.745562;79;7.63285;0.887288;1.131537;60;52.173913
NEW_MODE;39;03,06,12,17,23,25,34,40,62,76,81,87,89;87;7;DISCOVERY;115;1035;112;6.627219;78;7.536232;0.909013;1.137164;55;47.826087
NEW_MODE;39;03,06,12,17,23,25,34,40,62,76,81,87,89;89;5;DISCOVERY;115;1035;109;6.449704;78;7.536232;1.086528;1.168462;54;46.956522
NEW_MODE;39;03,06,12,17,23,25,34,40,62,76,81,87,89;3;1;VALIDATION;46;414;35;6.205674;24;5.797101;-0.408572;0.934161;19;41.304348
NEW_MODE;39;03,06,12,17,23,25,34,40,62,76,81,87,89;6;10;VALIDATION;46;414;47;8.333333;31;7.487923;-0.845411;0.898551;22;47.826087
NEW_MODE;39;03,06,12,17,23,25,34,40,62,76,81,87,89;12;6;VALIDATION;46;414;28;4.964539;21;5.072464;0.107925;1.021739;19;41.304348
NEW_MODE;39;03,06,12,17,23,25,34,40,62,76,81,87,89;17;4;VALIDATION;46;414;32;5.673759;17;4.10628;-1.567479;0.723732;17;36.956522
NEW_MODE;39;03,06,12,17,23,25,34,40,62,76,81,87,89;23;11;VALIDATION;46;414;36;6.382979;25;6.038647;-0.344331;0.946055;19;41.304348
NEW_MODE;39;03,06,12,17,23,25,34,40,62,76,81,87,89;25;8;VALIDATION;46;414;46;8.156028;31;7.487923;-0.668106;0.918084;21;45.652174
NEW_MODE;39;03,06,12,17,23,25,34,40,62,76,81,87,89;34;3;VALIDATION;46;414;33;5.851064;23;5.555556;-0.295508;0.949495;18;39.130435
NEW_MODE;39;03,06,12,17,23,25,34,40,62,76,81,87,89;40;13;VALIDATION;46;414;46;8.156028;35;8.454106;0.298078;1.036547;24;52.173913
NEW_MODE;39;03,06,12,17,23,25,34,40,62,76,81,87,89;62;2;VALIDATION;46;414;40;7.092199;22;5.31401;-1.778189;0.749275;19;41.304348
NEW_MODE;39;03,06,12,17,23,25,34,40,62,76,81,87,89;76;12;VALIDATION;46;414;42;7.446809;23;5.555556;-1.891253;0.746032;15;32.608696
NEW_MODE;39;03,06,12,17,23,25,34,40,62,76,81,87,89;81;9;VALIDATION;46;414;42;7.446809;42;10.144928;2.698119;1.362319;28;60.869565
NEW_MODE;39;03,06,12,17,23,25,34,40,62,76,81,87,89;87;7;VALIDATION;46;414;40;7.092199;29;7.004831;-0.087368;0.987681;21;45.652174
NEW_MODE;39;03,06,12,17,23,25,34,40,62,76,81,87,89;89;5;VALIDATION;46;414;42;7.446809;26;6.280193;-1.166615;0.84334;20;43.478261
NEW_MODE;39;03,06,12,17,23,25,34,40,62,76,81,87,89;3;1;TEST;35;315;35;6.205674;29;9.206349;3.000675;1.483537;23;65.714286
NEW_MODE;39;03,06,12,17,23,25,34,40,62,76,81,87,89;6;10;TEST;35;315;45;7.978723;25;7.936508;-0.042215;0.994709;18;51.428571
NEW_MODE;39;03,06,12,17,23,25,34,40,62,76,81,87,89;12;6;TEST;35;315;25;4.432624;9;2.857143;-1.575481;0.644571;7;20.0
NEW_MODE;39;03,06,12,17,23,25,34,40,62,76,81,87,89;17;4;TEST;35;315;37;6.560284;18;5.714286;-0.845998;0.871042;14;40.0
NEW_MODE;39;03,06,12,17,23,25,34,40,62,76,81,87,89;23;11;TEST;35;315;44;7.801418;28;8.888889;1.08747;1.139394;21;60.0
NEW_MODE;39;03,06,12,17,23,25,34,40,62,76,81,87,89;25;8;TEST;35;315;35;6.205674;21;6.666667;0.460993;1.074286;17;48.571429
NEW_MODE;39;03,06,12,17,23,25,34,40,62,76,81,87,89;34;3;TEST;35;315;42;7.446809;21;6.666667;-0.780142;0.895238;15;42.857143
NEW_MODE;39;03,06,12,17,23,25,34,40,62,76,81,87,89;40;13;TEST;35;315;43;7.624113;23;7.301587;-0.322526;0.957697;19;54.285714
NEW_MODE;39;03,06,12,17,23,25,34,40,62,76,81,87,89;62;2;TEST;35;315;38;6.737589;22;6.984127;0.246538;1.036591;18;51.428571
NEW_MODE;39;03,06,12,17,23,25,34,40,62,76,81,87,89;76;12;TEST;35;315;32;5.673759;21;6.666667;0.992908;1.175;17;48.571429
NEW_MODE;39;03,06,12,17,23,25,34,40,62,76,81,87,89;81;9;TEST;35;315;38;6.737589;23;7.301587;0.563999;1.083709;20;57.142857
NEW_MODE;39;03,06,12,17,23,25,34,40,62,76,81,87,89;87;7;TEST;35;315;33;5.851064;25;7.936508;2.085444;1.356421;19;54.285714
NEW_MODE;39;03,06,12,17,23,25,34,40,62,76,81,87,89;89;5;TEST;35;315;36;6.382979;24;7.619048;1.236069;1.193651;14;40.0
NEW_MODE;40;02,04,05,22,28,29,34,36,48,49,82,83,87;2;10;DISCOVERY;101;909;100;5.91716;62;6.820682;0.903522;1.152695;45;44.554455
NEW_MODE;40;02,04,05,22,28,29,34,36,48,49,82,83,87;4;12;DISCOVERY;101;909;100;5.91716;61;6.710671;0.793511;1.134103;48;47.524752
NEW_MODE;40;02,04,05,22,28,29,34,36,48,49,82,83,87;5;5;DISCOVERY;101;909;99;5.857988;64;7.040704;1.182716;1.201898;55;54.455446
NEW_MODE;40;02,04,05,22,28,29,34,36,48,49,82,83,87;22;7;DISCOVERY;101;909;110;6.508876;69;7.590759;1.081883;1.166217;54;53.465347
NEW_MODE;40;02,04,05,22,28,29,34,36,48,49,82,83,87;28;6;DISCOVERY;101;909;103;6.094675;66;7.260726;1.166052;1.191323;54;53.465347
NEW_MODE;40;02,04,05,22,28,29,34,36,48,49,82,83,87;29;8;DISCOVERY;101;909;112;6.627219;69;7.590759;0.96354;1.145391;46;45.544554
NEW_MODE;40;02,04,05,22,28,29,34,36,48,49,82,83,87;34;4;DISCOVERY;101;909;121;7.159763;76;8.360836;1.201073;1.167753;57;56.435644
NEW_MODE;40;02,04,05,22,28,29,34,36,48,49,82,83,87;36;9;DISCOVERY;101;909;98;5.798817;61;6.710671;0.911854;1.157248;53;52.475248
NEW_MODE;40;02,04,05,22,28,29,34,36,48,49,82,83,87;48;2;DISCOVERY;101;909;121;7.159763;80;8.80088;1.641117;1.229214;60;59.405941
NEW_MODE;40;02,04,05,22,28,29,34,36,48,49,82,83,87;49;13;DISCOVERY;101;909;125;7.39645;74;8.140814;0.744364;1.100638;55;54.455446
NEW_MODE;40;02,04,05,22,28,29,34,36,48,49,82,83,87;82;11;DISCOVERY;101;909;125;7.39645;75;8.250825;0.854375;1.115512;58;57.425743
NEW_MODE;40;02,04,05,22,28,29,34,36,48,49,82,83,87;83;1;DISCOVERY;101;909;127;7.514793;92;10.121012;2.606219;1.346812;70;69.306931
NEW_MODE;40;02,04,05,22,28,29,34,36,48,49,82,83,87;87;3;DISCOVERY;101;909;112;6.627219;73;8.030803;1.403584;1.211791;58;57.425743
NEW_MODE;40;02,04,05,22,28,29,34,36,48,49,82,83,87;2;10;VALIDATION;45;405;25;4.432624;12;2.962963;-1.469661;0.668444;10;22.222222
NEW_MODE;40;02,04,05,22,28,29,34,36,48,49,82,83,87;4;12;VALIDATION;45;405;34;6.028369;26;6.419753;0.391384;1.064924;18;40.0
NEW_MODE;40;02,04,05,22,28,29,34,36,48,49,82,83,87;5;5;VALIDATION;45;405;41;7.269504;29;7.160494;-0.10901;0.985005;21;46.666667
NEW_MODE;40;02,04,05,22,28,29,34,36,48,49,82,83,87;22;7;VALIDATION;45;405;42;7.446809;25;6.17284;-1.273969;0.828924;20;44.444444
NEW_MODE;40;02,04,05,22,28,29,34,36,48,49,82,83,87;28;6;VALIDATION;45;405;42;7.446809;25;6.17284;-1.273969;0.828924;22;48.888889
NEW_MODE;40;02,04,05,22,28,29,34,36,48,49,82,83,87;29;8;VALIDATION;45;405;30;5.319149;15;3.703704;-1.615445;0.696296;14;31.111111
NEW_MODE;40;02,04,05,22,28,29,34,36,48,49,82,83,87;34;4;VALIDATION;45;405;33;5.851064;27;6.666667;0.815603;1.139394;23;51.111111
NEW_MODE;40;02,04,05,22,28,29,34,36,48,49,82,83,87;36;9;VALIDATION;45;405;26;4.609929;21;5.185185;0.575256;1.124786;15;33.333333
NEW_MODE;40;02,04,05,22,28,29,34,36,48,49,82,83,87;48;2;VALIDATION;45;405;40;7.092199;24;5.925926;-1.166273;0.835556;15;33.333333
NEW_MODE;40;02,04,05,22,28,29,34,36,48,49,82,83,87;49;13;VALIDATION;45;405;47;8.333333;38;9.382716;1.049383;1.125926;26;57.777778
NEW_MODE;40;02,04,05,22,28,29,34,36,48,49,82,83,87;82;11;VALIDATION;45;405;31;5.496454;32;7.901235;2.404781;1.437515;24;53.333333
NEW_MODE;40;02,04,05,22,28,29,34,36,48,49,82,83,87;83;1;VALIDATION;45;405;34;6.028369;17;4.197531;-1.830838;0.696296;15;33.333333
NEW_MODE;40;02,04,05,22,28,29,34,36,48,49,82,83,87;87;3;VALIDATION;45;405;40;7.092199;29;7.160494;0.068295;1.00963;21;46.666667
NEW_MODE;40;02,04,05,22,28,29,34,36,48,49,82,83,87;2;10;TEST;42;378;44;7.801418;24;6.349206;-1.452212;0.813853;19;45.238095
NEW_MODE;40;02,04,05,22,28,29,34,36,48,49,82,83,87;4;12;TEST;42;378;40;7.092199;27;7.142857;0.050659;1.007143;21;50.0
NEW_MODE;40;02,04,05,22,28,29,34,36,48,49,82,83,87;5;5;TEST;42;378;41;7.269504;27;7.142857;-0.126646;0.982578;20;47.619048
NEW_MODE;40;02,04,05,22,28,29,34,36,48,49,82,83,87;22;7;TEST;42;378;34;6.028369;19;5.026455;-1.001914;0.8338;19;45.238095
NEW_MODE;40;02,04,05,22,28,29,34,36,48,49,82,83,87;28;6;TEST;42;378;44;7.801418;28;7.407407;-0.394011;0.949495;21;50.0
NEW_MODE;40;02,04,05,22,28,29,34,36,48,49,82,83,87;29;8;TEST;42;378;36;6.382979;26;6.878307;0.495328;1.077601;21;50.0
NEW_MODE;40;02,04,05,22,28,29,34,36,48,49,82,83,87;34;4;TEST;42;378;42;7.446809;27;7.142857;-0.303951;0.959184;20;47.619048
NEW_MODE;40;02,04,05,22,28,29,34,36,48,49,82,83,87;36;9;TEST;42;378;34;6.028369;17;4.497354;-1.531014;0.746032;14;33.333333
NEW_MODE;40;02,04,05,22,28,29,34,36,48,49,82,83,87;48;2;TEST;42;378;31;5.496454;29;7.671958;2.175504;1.395801;25;59.52381
NEW_MODE;40;02,04,05,22,28,29,34,36,48,49,82,83,87;49;13;TEST;42;378;42;7.446809;35;9.259259;1.812451;1.243386;26;61.904762
NEW_MODE;40;02,04,05,22,28,29,34,36,48,49,82,83,87;82;11;TEST;42;378;36;6.382979;25;6.613757;0.230778;1.036155;21;50.0
NEW_MODE;40;02,04,05,22,28,29,34,36,48,49,82,83,87;83;1;TEST;42;378;47;8.333333;29;7.671958;-0.661376;0.920635;21;50.0
NEW_MODE;40;02,04,05,22,28,29,34,36,48,49,82,83,87;87;3;TEST;42;378;33;5.851064;21;5.555556;-0.295508;0.949495;17;40.47619
NEW_MODE;41;18,19,24,27,28,29,34,52,59,61,74,76,88;18;13;DISCOVERY;118;1062;97;5.739645;69;6.497175;0.75753;1.131982;57;48.305085
NEW_MODE;41;18,19,24,27,28,29,34,52,59,61,74,76,88;19;4;DISCOVERY;118;1062;125;7.39645;93;8.757062;1.360612;1.183955;69;58.474576
NEW_MODE;41;18,19,24,27,28,29,34,52,59,61,74,76,88;24;10;DISCOVERY;118;1062;108;6.390533;78;7.344633;0.9541;1.149299;57;48.305085
NEW_MODE;41;18,19,24,27,28,29,34,52,59,61,74,76,88;27;9;DISCOVERY;118;1062;99;5.857988;73;6.873823;1.015835;1.17341;55;46.610169
NEW_MODE;41;18,19,24,27,28,29,34,52,59,61,74,76,88;28;8;DISCOVERY;118;1062;103;6.094675;76;7.156309;1.061634;1.17419;60;50.847458
NEW_MODE;41;18,19,24,27,28,29,34,52,59,61,74,76,88;29;12;DISCOVERY;118;1062;112;6.627219;79;7.438795;0.811576;1.122461;59;50.0
NEW_MODE;41;18,19,24,27,28,29,34,52,59,61,74,76,88;34;6;DISCOVERY;118;1062;121;7.159763;89;8.380414;1.220651;1.170488;69;58.474576
NEW_MODE;41;18,19,24,27,28,29,34,52,59,61,74,76,88;52;5;DISCOVERY;118;1062;131;7.751479;96;9.039548;1.288069;1.166171;66;55.932203
NEW_MODE;41;18,19,24,27,28,29,34,52,59,61,74,76,88;59;1;DISCOVERY;118;1062;107;6.331361;85;8.003766;1.672406;1.264146;57;48.305085
NEW_MODE;41;18,19,24,27,28,29,34,52,59,61,74,76,88;61;11;DISCOVERY;118;1062;105;6.213018;76;7.156309;0.943291;1.151825;60;50.847458
NEW_MODE;41;18,19,24,27,28,29,34,52,59,61,74,76,88;74;2;DISCOVERY;118;1062;122;7.218935;94;8.851224;1.632289;1.226112;67;56.779661
NEW_MODE;41;18,19,24,27,28,29,34,52,59,61,74,76,88;76;3;DISCOVERY;118;1062;105;6.213018;81;7.627119;1.414101;1.227603;60;50.847458
NEW_MODE;41;18,19,24,27,28,29,34,52,59,61,74,76,88;88;7;DISCOVERY;118;1062;104;6.153846;77;7.250471;1.096625;1.178202;59;50.0
NEW_MODE;41;18,19,24,27,28,29,34,52,59,61,74,76,88;18;13;VALIDATION;48;432;32;5.673759;27;6.25;0.576241;1.101562;22;45.833333
NEW_MODE;41;18,19,24,27,28,29,34,52,59,61,74,76,88;19;4;VALIDATION;48;432;41;7.269504;29;6.712963;-0.556541;0.923442;22;45.833333
NEW_MODE;41;18,19,24,27,28,29,34,52,59,61,74,76,88;24;10;VALIDATION;48;432;34;6.028369;21;4.861111;-1.167258;0.806373;18;37.5
NEW_MODE;41;18,19,24,27,28,29,34,52,59,61,74,76,88;27;9;VALIDATION;48;432;37;6.560284;37;8.564815;2.004531;1.305556;28;58.333333
NEW_MODE;41;18,19,24,27,28,29,34,52,59,61,74,76,88;28;8;VALIDATION;48;432;42;7.446809;23;5.324074;-2.122734;0.714947;18;37.5
NEW_MODE;41;18,19,24,27,28,29,34,52,59,61,74,76,88;29;12;VALIDATION;48;432;30;5.319149;18;4.166667;-1.152482;0.783333;16;33.333333
NEW_MODE;41;18,19,24,27,28,29,34,52,59,61,74,76,88;34;6;VALIDATION;48;432;33;5.851064;20;4.62963;-1.221434;0.791246;18;37.5
NEW_MODE;41;18,19,24,27,28,29,34,52,59,61,74,76,88;52;5;VALIDATION;48;432;47;8.333333;41;9.490741;1.157407;1.138889;30;62.5
NEW_MODE;41;18,19,24,27,28,29,34,52,59,61,74,76,88;59;1;VALIDATION;48;432;38;6.737589;27;6.25;-0.487589;0.927632;22;45.833333
NEW_MODE;41;18,19,24,27,28,29,34,52,59,61,74,76,88;61;11;VALIDATION;48;432;35;6.205674;36;8.333333;2.12766;1.342857;26;54.166667
NEW_MODE;41;18,19,24,27,28,29,34,52,59,61,74,76,88;74;2;VALIDATION;48;432;34;6.028369;28;6.481481;0.453113;1.075163;22;45.833333
NEW_MODE;41;18,19,24,27,28,29,34,52,59,61,74,76,88;76;3;VALIDATION;48;432;42;7.446809;28;6.481481;-0.965327;0.87037;20;41.666667
NEW_MODE;41;18,19,24,27,28,29,34,52,59,61,74,76,88;88;7;VALIDATION;48;432;33;5.851064;31;7.175926;1.324862;1.226431;24;50.0
NEW_MODE;41;18,19,24,27,28,29,34,52,59,61,74,76,88;18;13;TEST;38;342;42;7.446809;22;6.432749;-1.01406;0.863826;19;50.0
NEW_MODE;41;18,19,24,27,28,29,34,52,59,61,74,76,88;19;4;TEST;38;342;38;6.737589;23;6.725146;-0.012442;0.998153;19;50.0
NEW_MODE;41;18,19,24,27,28,29,34,52,59,61,74,76,88;24;10;TEST;38;342;32;5.673759;18;5.263158;-0.410601;0.927632;15;39.473684
NEW_MODE;41;18,19,24,27,28,29,34,52,59,61,74,76,88;27;9;TEST;38;342;37;6.560284;27;7.894737;1.334453;1.203414;23;60.526316
NEW_MODE;41;18,19,24,27,28,29,34,52,59,61,74,76,88;28;8;TEST;38;342;44;7.801418;21;6.140351;-1.661068;0.787081;18;47.368421
NEW_MODE;41;18,19,24,27,28,29,34,52,59,61,74,76,88;29;12;TEST;38;342;36;6.382979;22;6.432749;0.04977;1.007797;17;44.736842
NEW_MODE;41;18,19,24,27,28,29,34,52,59,61,74,76,88;34;6;TEST;38;342;42;7.446809;17;4.97076;-2.476048;0.667502;13;34.210526
NEW_MODE;41;18,19,24,27,28,29,34,52,59,61,74,76,88;52;5;TEST;38;342;38;6.737589;32;9.356725;2.619136;1.388735;23;60.526316
NEW_MODE;41;18,19,24,27,28,29,34,52,59,61,74,76,88;59;1;TEST;38;342;40;7.092199;26;7.602339;0.510141;1.07193;20;52.631579
NEW_MODE;41;18,19,24,27,28,29,34,52,59,61,74,76,88;61;11;TEST;38;342;37;6.560284;21;6.140351;-0.419933;0.935989;17;44.736842
NEW_MODE;41;18,19,24,27,28,29,34,52,59,61,74,76,88;74;2;TEST;38;342;37;6.560284;18;5.263158;-1.297126;0.802276;16;42.105263
NEW_MODE;41;18,19,24,27,28,29,34,52,59,61,74,76,88;76;3;TEST;38;342;32;5.673759;14;4.093567;-1.580192;0.721491;13;34.210526
NEW_MODE;41;18,19,24,27,28,29,34,52,59,61,74,76,88;88;7;TEST;38;342;41;7.269504;20;5.847953;-1.42155;0.80445;17;44.736842
NEW_MODE;42;02,03,12,15,20,21,27,31,33,49,53,54,66;2;10;DISCOVERY;104;936;100;5.91716;65;6.944444;1.027285;1.173611;47;45.192308
NEW_MODE;42;02,03,12,15,20,21,27,31,33,49,53,54,66;3;6;DISCOVERY;104;936;93;5.502959;63;6.730769;1.227811;1.223118;50;48.076923
NEW_MODE;42;02,03,12,15,20,21,27,31,33,49,53,54,66;12;13;DISCOVERY;104;936;115;6.804734;72;7.692308;0.887574;1.130435;57;54.807692
NEW_MODE;42;02,03,12,15,20,21,27,31,33,49,53,54,66;15;2;DISCOVERY;104;936;118;6.982249;84;8.974359;1.99211;1.285311;62;59.615385
NEW_MODE;42;02,03,12,15,20,21,27,31,33,49,53,54,66;20;3;DISCOVERY;104;936;112;6.627219;76;8.119658;1.492439;1.225198;56;53.846154
NEW_MODE;42;02,03,12,15,20,21,27,31,33,49,53,54,66;21;11;DISCOVERY;104;936;122;7.218935;77;8.226496;1.007561;1.139572;59;56.730769
NEW_MODE;42;02,03,12,15,20,21,27,31,33,49,53,54,66;27;4;DISCOVERY;104;936;99;5.857988;68;7.264957;1.406969;1.24018;48;46.153846
NEW_MODE;42;02,03,12,15,20,21,27,31,33,49,53,54,66;31;9;DISCOVERY;104;936;108;6.390533;70;7.478632;1.0881;1.170267;51;49.038462
NEW_MODE;42;02,03,12,15,20,21,27,31,33,49,53,54,66;33;5;DISCOVERY;104;936;115;6.804734;76;8.119658;1.314924;1.193237;52;50.0
NEW_MODE;42;02,03,12,15,20,21,27,31,33,49,53,54,66;49;7;DISCOVERY;104;936;125;7.39645;80;8.547009;1.150559;1.155556;64;61.538462
NEW_MODE;42;02,03,12,15,20,21,27,31,33,49,53,54,66;53;8;DISCOVERY;104;936;91;5.384615;61;6.517094;1.132479;1.210317;46;44.230769
NEW_MODE;42;02,03,12,15,20,21,27,31,33,49,53,54,66;54;12;DISCOVERY;104;936;130;7.692308;81;8.653846;0.961538;1.125;63;60.576923
NEW_MODE;42;02,03,12,15,20,21,27,31,33,49,53,54,66;66;1;DISCOVERY;104;936;116;6.863905;84;8.974359;2.110454;1.307471;65;62.5
NEW_MODE;42;02,03,12,15,20,21,27,31,33,49,53,54,66;2;10;VALIDATION;45;405;25;4.432624;21;5.185185;0.752561;1.169778;18;40.0
NEW_MODE;42;02,03,12,15,20,21,27,31,33,49,53,54,66;3;6;VALIDATION;45;405;35;6.205674;22;5.432099;-0.773575;0.875344;22;48.888889
NEW_MODE;42;02,03,12,15,20,21,27,31,33,49,53,54,66;12;13;VALIDATION;45;405;28;4.964539;14;3.45679;-1.507749;0.696296;13;28.888889
NEW_MODE;42;02,03,12,15,20,21,27,31,33,49,53,54,66;15;2;VALIDATION;45;405;44;7.801418;28;6.91358;-0.887838;0.886195;24;53.333333
NEW_MODE;42;02,03,12,15,20,21,27,31,33,49,53,54,66;20;3;VALIDATION;45;405;37;6.560284;30;7.407407;0.847124;1.129129;26;57.777778
NEW_MODE;42;02,03,12,15,20,21,27,31,33,49,53,54,66;21;11;VALIDATION;45;405;40;7.092199;29;7.160494;0.068295;1.00963;22;48.888889
NEW_MODE;42;02,03,12,15,20,21,27,31,33,49,53,54,66;27;4;VALIDATION;45;405;37;6.560284;27;6.666667;0.106383;1.016216;19;42.222222
NEW_MODE;42;02,03,12,15,20,21,27,31,33,49,53,54,66;31;9;VALIDATION;45;405;35;6.205674;22;5.432099;-0.773575;0.875344;19;42.222222
NEW_MODE;42;02,03,12,15,20,21,27,31,33,49,53,54,66;33;5;VALIDATION;45;405;32;5.673759;28;6.91358;1.239821;1.218519;18;40.0
NEW_MODE;42;02,03,12,15,20,21,27,31,33,49,53,54,66;49;7;VALIDATION;45;405;47;8.333333;27;6.666667;-1.666667;0.8;19;42.222222
NEW_MODE;42;02,03,12,15,20,21,27,31,33,49,53,54,66;53;8;VALIDATION;45;405;35;6.205674;17;4.197531;-2.008143;0.676402;13;28.888889
NEW_MODE;42;02,03,12,15,20,21,27,31,33,49,53,54,66;54;12;VALIDATION;45;405;33;5.851064;25;6.17284;0.321776;1.054994;22;48.888889
NEW_MODE;42;02,03,12,15,20,21,27,31,33,49,53,54,66;66;1;VALIDATION;45;405;44;7.801418;29;7.160494;-0.640925;0.917845;20;44.444444
NEW_MODE;42;02,03,12,15,20,21,27,31,33,49,53,54,66;2;10;TEST;45;405;44;7.801418;29;7.160494;-0.640925;0.917845;23;51.111111
NEW_MODE;42;02,03,12,15,20,21,27,31,33,49,53,54,66;3;6;TEST;45;405;35;6.205674;29;7.160494;0.95482;1.153862;24;53.333333
NEW_MODE;42;02,03,12,15,20,21,27,31,33,49,53,54,66;12;13;TEST;45;405;25;4.432624;16;3.950617;-0.482007;0.891259;14;31.111111
NEW_MODE;42;02,03,12,15,20,21,27,31,33,49,53,54,66;15;2;TEST;45;405;29;5.141844;20;4.938272;-0.203572;0.960409;16;35.555556
NEW_MODE;42;02,03,12,15,20,21,27,31,33,49,53,54,66;20;3;TEST;45;405;42;7.446809;33;8.148148;0.70134;1.09418;24;53.333333
NEW_MODE;42;02,03,12,15,20,21,27,31,33,49,53,54,66;21;11;TEST;45;405;36;6.382979;20;4.938272;-1.444707;0.773663;17;37.777778
NEW_MODE;42;02,03,12,15,20,21,27,31,33,49,53,54,66;27;4;TEST;45;405;37;6.560284;28;6.91358;0.353297;1.053854;20;44.444444
NEW_MODE;42;02,03,12,15,20,21,27,31,33,49,53,54,66;31;9;TEST;45;405;41;7.269504;30;7.407407;0.137904;1.01897;21;46.666667
NEW_MODE;42;02,03,12,15,20,21,27,31,33,49,53,54,66;33;5;TEST;45;405;40;7.092199;33;8.148148;1.05595;1.148889;27;60.0
NEW_MODE;42;02,03,12,15,20,21,27,31,33,49,53,54,66;49;7;TEST;45;405;42;7.446809;26;6.419753;-1.027055;0.862081;21;46.666667
NEW_MODE;42;02,03,12,15,20,21,27,31,33,49,53,54,66;53;8;TEST;45;405;36;6.382979;30;7.407407;1.024429;1.160494;22;48.888889
NEW_MODE;42;02,03,12,15,20,21,27,31,33,49,53,54,66;54;12;TEST;45;405;38;6.737589;29;7.160494;0.422905;1.062768;20;44.444444
NEW_MODE;42;02,03,12,15,20,21,27,31,33,49,53,54,66;66;1;TEST;45;405;35;6.205674;23;5.679012;-0.526661;0.915132;20;44.444444
NEW_MODE;43;01,03,28,30,32,39,60,63,64,70,75,84,86;1;2;DISCOVERY;110;990;112;6.627219;80;8.080808;1.453589;1.219336;58;52.727273
NEW_MODE;43;01,03,28,30,32,39,60,63,64,70,75,84,86;3;12;DISCOVERY;110;990;93;5.502959;62;6.262626;0.759668;1.138047;49;44.545455
NEW_MODE;43;01,03,28,30,32,39,60,63,64,70,75,84,86;28;10;DISCOVERY;110;990;103;6.094675;68;6.868687;0.774012;1.126998;50;45.454545
NEW_MODE;43;01,03,28,30,32,39,60,63,64,70,75,84,86;30;1;DISCOVERY;110;990;101;5.976331;74;7.474747;1.498416;1.250725;53;48.181818
NEW_MODE;43;01,03,28,30,32,39,60,63,64,70,75,84,86;32;7;DISCOVERY;110;990;131;7.751479;86;8.686869;0.935389;1.120672;65;59.090909
NEW_MODE;43;01,03,28,30,32,39,60,63,64,70,75,84,86;39;11;DISCOVERY;110;990;115;6.804734;75;7.575758;0.771024;1.113307;52;47.272727
NEW_MODE;43;01,03,28,30,32,39,60,63,64,70,75,84,86;60;6;DISCOVERY;110;990;91;5.384615;64;6.464646;1.080031;1.200577;48;43.636364
NEW_MODE;43;01,03,28,30,32,39,60,63,64,70,75,84,86;63;8;DISCOVERY;110;990;109;6.449704;73;7.373737;0.924033;1.143268;59;53.636364
NEW_MODE;43;01,03,28,30,32,39,60,63,64,70,75,84,86;64;5;DISCOVERY;110;990;97;5.739645;68;6.868687;1.129042;1.196709;56;50.909091
NEW_MODE;43;01,03,28,30,32,39,60,63,64,70,75,84,86;70;3;DISCOVERY;110;990;98;5.798817;69;6.969697;1.17088;1.201917;55;50.0
NEW_MODE;43;01,03,28,30,32,39,60,63,64,70,75,84,86;75;13;DISCOVERY;110;990;128;7.573964;82;8.282828;0.708864;1.093592;54;49.090909
NEW_MODE;43;01,03,28,30,32,39,60,63,64,70,75,84,86;84;4;DISCOVERY;110;990;114;6.745562;78;7.878788;1.133226;1.167996;62;56.363636
NEW_MODE;43;01,03,28,30,32,39,60,63,64,70,75,84,86;86;9;DISCOVERY;110;990;125;7.39645;81;8.181818;0.785368;1.106182;62;56.363636
NEW_MODE;43;01,03,28,30,32,39,60,63,64,70,75,84,86;1;2;VALIDATION;39;351;34;6.028369;22;6.267806;0.239437;1.039718;20;51.282051
NEW_MODE;43;01,03,28,30,32,39,60,63,64,70,75,84,86;3;12;VALIDATION;39;351;35;6.205674;16;4.558405;-1.647269;0.734554;14;35.897436
NEW_MODE;43;01,03,28,30,32,39,60,63,64,70,75,84,86;28;10;VALIDATION;39;351;42;7.446809;25;7.122507;-0.324301;0.956451;22;56.410256
NEW_MODE;43;01,03,28,30,32,39,60,63,64,70,75,84,86;30;1;VALIDATION;39;351;36;6.382979;24;6.837607;0.454628;1.071225;19;48.717949
NEW_MODE;43;01,03,28,30,32,39,60,63,64,70,75,84,86;32;7;VALIDATION;39;351;38;6.737589;35;9.97151;3.233921;1.479982;22;56.410256
NEW_MODE;43;01,03,28,30,32,39,60,63,64,70,75,84,86;39;11;VALIDATION;39;351;47;8.333333;32;9.116809;0.783476;1.094017;24;61.538462
NEW_MODE;43;01,03,28,30,32,39,60,63,64,70,75,84,86;60;6;VALIDATION;39;351;39;6.914894;28;7.977208;1.062314;1.153627;18;46.153846
NEW_MODE;43;01,03,28,30,32,39,60,63,64,70,75,84,86;63;8;VALIDATION;39;351;34;6.028369;23;6.552707;0.524338;1.086978;20;51.282051
NEW_MODE;43;01,03,28,30,32,39,60,63,64,70,75,84,86;64;5;VALIDATION;39;351;39;6.914894;23;6.552707;-0.362187;0.947622;19;48.717949
NEW_MODE;43;01,03,28,30,32,39,60,63,64,70,75,84,86;70;3;VALIDATION;39;351;31;5.496454;20;5.698006;0.201552;1.036669;17;43.589744
NEW_MODE;43;01,03,28,30,32,39,60,63,64,70,75,84,86;75;13;VALIDATION;39;351;33;5.851064;20;5.698006;-0.153058;0.973841;16;41.025641
NEW_MODE;43;01,03,28,30,32,39,60,63,64,70,75,84,86;84;4;VALIDATION;39;351;32;5.673759;16;4.558405;-1.115354;0.803419;14;35.897436
NEW_MODE;43;01,03,28,30,32,39,60,63,64,70,75,84,86;86;9;VALIDATION;39;351;45;7.978723;32;9.116809;1.138086;1.14264;24;61.538462
NEW_MODE;43;01,03,28,30,32,39,60,63,64,70,75,84,86;1;2;TEST;45;405;40;7.092199;26;6.419753;-0.672445;0.905185;22;48.888889
NEW_MODE;43;01,03,28,30,32,39,60,63,64,70,75,84,86;3;12;TEST;45;405;35;6.205674;23;5.679012;-0.526661;0.915132;22;48.888889
NEW_MODE;43;01,03,28,30,32,39,60,63,64,70,75,84,86;28;10;TEST;45;405;44;7.801418;33;8.148148;0.34673;1.044444;26;57.777778
NEW_MODE;43;01,03,28,30,32,39,60,63,64,70,75,84,86;30;1;TEST;45;405;39;6.914894;26;6.419753;-0.495141;0.928395;19;42.222222
NEW_MODE;43;01,03,28,30,32,39,60,63,64,70,75,84,86;32;7;TEST;45;405;29;5.141844;19;4.691358;-0.450486;0.912388;13;28.888889
NEW_MODE;43;01,03,28,30,32,39,60,63,64,70,75,84,86;39;11;TEST;45;405;36;6.382979;23;5.679012;-0.703966;0.889712;20;44.444444
NEW_MODE;43;01,03,28,30,32,39,60,63,64,70,75,84,86;60;6;TEST;45;405;43;7.624113;40;9.876543;2.25243;1.295435;30;66.666667
NEW_MODE;43;01,03,28,30,32,39,60,63,64,70,75,84,86;63;8;TEST;45;405;47;8.333333;27;6.666667;-1.666667;0.8;23;51.111111
NEW_MODE;43;01,03,28,30,32,39,60,63,64,70,75,84,86;64;5;TEST;45;405;35;6.205674;22;5.432099;-0.773575;0.875344;19;42.222222
NEW_MODE;43;01,03,28,30,32,39,60,63,64,70,75,84,86;70;3;TEST;45;405;26;4.609929;23;5.679012;1.069083;1.231909;19;42.222222
NEW_MODE;43;01,03,28,30,32,39,60,63,64,70,75,84,86;75;13;TEST;45;405;37;6.560284;34;8.395062;1.834778;1.27968;27;60.0
NEW_MODE;43;01,03,28,30,32,39,60,63,64,70,75,84,86;84;4;TEST;45;405;35;6.205674;23;5.679012;-0.526661;0.915132;20;44.444444
NEW_MODE;43;01,03,28,30,32,39,60,63,64,70,75,84,86;86;9;TEST;45;405;35;6.205674;25;6.17284;-0.032834;0.994709;24;53.333333
NEW_MODE;44;02,05,23,35,36,39,56,57,60,64,75,81,82;2;8;DISCOVERY;100;900;100;5.91716;63;7.0;1.08284;1.183;51;51.0
NEW_MODE;44;02,05,23,35,36,39,56,57,60,64,75,81,82;5;11;DISCOVERY;100;900;99;5.857988;62;6.888889;1.030901;1.175982;49;49.0
NEW_MODE;44;02,05,23,35,36,39,56,57,60,64,75,81,82;23;2;DISCOVERY;100;900;98;5.798817;68;7.555556;1.756739;1.302948;48;48.0
NEW_MODE;44;02,05,23,35,36,39,56,57,60,64,75,81,82;35;12;DISCOVERY;100;900;111;6.568047;68;7.555556;0.987508;1.15035;49;49.0
NEW_MODE;44;02,05,23,35,36,39,56,57,60,64,75,81,82;36;13;DISCOVERY;100;900;98;5.798817;61;6.777778;0.978961;1.168821;46;46.0
NEW_MODE;44;02,05,23,35,36,39,56,57,60,64,75,81,82;39;5;DISCOVERY;100;900;115;6.804734;73;8.111111;1.306377;1.191981;56;56.0
NEW_MODE;44;02,05,23,35,36,39,56,57,60,64,75,81,82;56;7;DISCOVERY;100;900;123;7.278107;76;8.444444;1.166338;1.160253;55;55.0
NEW_MODE;44;02,05,23,35,36,39,56,57,60,64,75,81,82;57;6;DISCOVERY;100;900;116;6.863905;73;8.111111;1.247206;1.181705;53;53.0
NEW_MODE;44;02,05,23,35,36,39,56,57,60,64,75,81,82;60;9;DISCOVERY;100;900;91;5.384615;58;6.444444;1.059829;1.196825;43;43.0
NEW_MODE;44;02,05,23,35,36,39,56,57,60,64,75,81,82;64;10;DISCOVERY;100;900;97;5.739645;61;6.777778;1.038133;1.180871;50;50.0
NEW_MODE;44;02,05,23,35,36,39,56,57,60,64,75,81,82;75;1;DISCOVERY;100;900;128;7.573964;87;9.666667;2.092702;1.276302;59;59.0
NEW_MODE;44;02,05,23,35,36,39,56,57,60,64,75,81,82;81;4;DISCOVERY;100;900;114;6.745562;75;8.333333;1.587771;1.23538;56;56.0
NEW_MODE;44;02,05,23,35,36,39,56,57,60,64,75,81,82;82;3;DISCOVERY;100;900;125;7.39645;82;9.111111;1.714661;1.231822;62;62.0
NEW_MODE;44;02,05,23,35,36,39,56,57,60,64,75,81,82;2;8;VALIDATION;36;324;25;4.432624;11;3.395062;-1.037562;0.765926;10;27.777778
NEW_MODE;44;02,05,23,35,36,39,56,57,60,64,75,81,82;5;11;VALIDATION;36;324;41;7.269504;20;6.17284;-1.096664;0.849142;15;41.666667
NEW_MODE;44;02,05,23,35,36,39,56,57,60,64,75,81,82;23;2;VALIDATION;36;324;36;6.382979;22;6.790123;0.407145;1.063786;16;44.444444
NEW_MODE;44;02,05,23,35,36,39,56,57,60,64,75,81,82;35;12;VALIDATION;36;324;40;7.092199;21;6.481481;-0.610717;0.913889;13;36.111111
NEW_MODE;44;02,05,23,35,36,39,56,57,60,64,75,81,82;36;13;VALIDATION;36;324;26;4.609929;10;3.08642;-1.523509;0.669516;7;19.444444
NEW_MODE;44;02,05,23,35,36,39,56,57,60,64,75,81,82;39;5;VALIDATION;36;324;47;8.333333;26;8.024691;-0.308642;0.962963;20;55.555556
NEW_MODE;44;02,05,23,35,36,39,56,57,60,64,75,81,82;56;7;VALIDATION;36;324;39;6.914894;22;6.790123;-0.12477;0.981956;16;44.444444
NEW_MODE;44;02,05,23,35,36,39,56,57,60,64,75,81,82;57;6;VALIDATION;36;324;34;6.028369;13;4.012346;-2.016023;0.665577;13;36.111111
NEW_MODE;44;02,05,23,35,36,39,56,57,60,64,75,81,82;60;9;VALIDATION;36;324;39;6.914894;31;9.567901;2.653008;1.383666;18;50.0
NEW_MODE;44;02,05,23,35,36,39,56,57,60,64,75,81,82;64;10;VALIDATION;36;324;39;6.914894;26;8.024691;1.109798;1.160494;20;55.555556
NEW_MODE;44;02,05,23,35,36,39,56,57,60,64,75,81,82;75;1;VALIDATION;36;324;33;5.851064;17;5.246914;-0.60415;0.896745;12;33.333333
NEW_MODE;44;02,05,23,35,36,39,56,57,60,64,75,81,82;81;4;VALIDATION;36;324;42;7.446809;26;8.024691;0.577883;1.077601;20;55.555556
NEW_MODE;44;02,05,23,35,36,39,56,57,60,64,75,81,82;82;3;VALIDATION;36;324;31;5.496454;18;5.555556;0.059102;1.010753;14;38.888889
NEW_MODE;44;02,05,23,35,36,39,56,57,60,64,75,81,82;2;8;TEST;35;315;44;7.801418;28;8.888889;1.08747;1.139394;18;51.428571
NEW_MODE;44;02,05,23,35,36,39,56,57,60,64,75,81,82;5;11;TEST;35;315;41;7.269504;19;6.031746;-1.237758;0.829733;18;51.428571
NEW_MODE;44;02,05,23,35,36,39,56,57,60,64,75,81,82;23;2;TEST;35;315;44;7.801418;31;9.84127;2.039851;1.261472;22;62.857143
NEW_MODE;44;02,05,23,35,36,39,56,57,60,64,75,81,82;35;12;TEST;35;315;32;5.673759;17;5.396825;-0.276933;0.95119;14;40.0
NEW_MODE;44;02,05,23,35,36,39,56,57,60,64,75,81,82;36;13;TEST;35;315;34;6.028369;19;6.031746;0.003377;1.00056;13;37.142857
NEW_MODE;44;02,05,23,35,36,39,56,57,60,64,75,81,82;39;5;TEST;35;315;36;6.382979;29;9.206349;2.82337;1.442328;23;65.714286
NEW_MODE;44;02,05,23,35,36,39,56,57,60,64,75,81,82;56;7;TEST;35;315;36;6.382979;13;4.126984;-2.255995;0.646561;9;25.714286
NEW_MODE;44;02,05,23,35,36,39,56,57,60,64,75,81,82;57;6;TEST;35;315;34;6.028369;21;6.666667;0.638298;1.105882;13;37.142857
NEW_MODE;44;02,05,23,35,36,39,56,57,60,64,75,81,82;60;9;TEST;35;315;43;7.624113;27;8.571429;0.947315;1.124252;18;51.428571
NEW_MODE;44;02,05,23,35,36,39,56,57,60,64,75,81,82;64;10;TEST;35;315;35;6.205674;10;3.174603;-3.031071;0.511565;8;22.857143
NEW_MODE;44;02,05,23,35,36,39,56,57,60,64,75,81,82;75;1;TEST;35;315;37;6.560284;22;6.984127;0.423843;1.064607;19;54.285714
NEW_MODE;44;02,05,23,35,36,39,56,57,60,64,75,81,82;81;4;TEST;35;315;38;6.737589;18;5.714286;-1.023303;0.84812;14;40.0
NEW_MODE;44;02,05,23,35,36,39,56,57,60,64,75,81,82;82;3;TEST;35;315;36;6.382979;24;7.619048;1.236069;1.193651;20;57.142857
NEW_MODE;45;01,11,18,26,34,38,44,55,58,63,75,78,81;1;10;DISCOVERY;132;1188;112;6.627219;89;7.491582;0.864364;1.130426;66;50.0
NEW_MODE;45;01,11,18,26,34,38,44,55,58,63,75,78,81;11;8;DISCOVERY;132;1188;120;7.100592;95;7.996633;0.896041;1.126192;69;52.272727
NEW_MODE;45;01,11,18,26,34,38,44,55,58,63,75,78,81;18;13;DISCOVERY;132;1188;97;5.739645;77;6.481481;0.741837;1.129248;60;45.454545
NEW_MODE;45;01,11,18,26,34,38,44,55,58,63,75,78,81;26;6;DISCOVERY;132;1188;118;6.982249;94;7.912458;0.930209;1.133225;70;53.030303
NEW_MODE;45;01,11,18,26,34,38,44,55,58,63,75,78,81;34;5;DISCOVERY;132;1188;121;7.159763;97;8.164983;1.00522;1.140398;73;55.30303
NEW_MODE;45;01,11,18,26,34,38,44,55,58,63,75,78,81;38;9;DISCOVERY;132;1188;120;7.100592;95;7.996633;0.896041;1.126192;75;56.818182
NEW_MODE;45;01,11,18,26,34,38,44,55,58,63,75,78,81;44;4;DISCOVERY;132;1188;101;5.976331;83;6.986532;1.010201;1.169034;62;46.969697
NEW_MODE;45;01,11,18,26,34,38,44,55,58,63,75,78,81;55;11;DISCOVERY;132;1188;122;7.218935;95;7.996633;0.777698;1.10773;71;53.787879
NEW_MODE;45;01,11,18,26,34,38,44,55,58,63,75,78,81;58;7;DISCOVERY;132;1188;110;6.508876;88;7.407407;0.898532;1.138047;65;49.242424
NEW_MODE;45;01,11,18,26,34,38,44,55,58,63,75,78,81;63;3;DISCOVERY;132;1188;109;6.449704;89;7.491582;1.041878;1.161539;65;49.242424
NEW_MODE;45;01,11,18,26,34,38,44,55,58,63,75,78,81;75;12;DISCOVERY;132;1188;128;7.573964;99;8.333333;0.759369;1.10026;66;50.0
NEW_MODE;45;01,11,18,26,34,38,44,55,58,63,75,78,81;78;1;DISCOVERY;132;1188;120;7.100592;103;8.670034;1.569442;1.22103;72;54.545455
NEW_MODE;45;01,11,18,26,34,38,44,55,58,63,75,78,81;81;2;DISCOVERY;132;1188;114;6.745562;93;7.828283;1.082721;1.160509;74;56.060606
NEW_MODE;45;01,11,18,26,34,38,44,55,58,63,75,78,81;1;10;VALIDATION;39;351;34;6.028369;18;5.128205;-0.900164;0.850679;15;38.461538
NEW_MODE;45;01,11,18,26,34,38,44,55,58,63,75,78,81;11;8;VALIDATION;39;351;27;4.787234;21;5.982906;1.195672;1.249763;18;46.153846
NEW_MODE;45;01,11,18,26,34,38,44,55,58,63,75,78,81;18;13;VALIDATION;39;351;32;5.673759;23;6.552707;0.878948;1.154915;18;46.153846
NEW_MODE;45;01,11,18,26,34,38,44,55,58,63,75,78,81;26;6;VALIDATION;39;351;28;4.964539;15;4.273504;-0.691035;0.860806;12;30.769231
NEW_MODE;45;01,11,18,26,34,38,44,55,58,63,75,78,81;34;5;VALIDATION;39;351;33;5.851064;18;5.128205;-0.722859;0.876457;13;33.333333
NEW_MODE;45;01,11,18,26,34,38,44,55,58,63,75,78,81;38;9;VALIDATION;39;351;47;8.333333;23;6.552707;-1.780627;0.786325;22;56.410256
NEW_MODE;45;01,11,18,26,34,38,44,55,58,63,75,78,81;44;4;VALIDATION;39;351;36;6.382979;14;3.988604;-2.394375;0.624881;14;35.897436
NEW_MODE;45;01,11,18,26,34,38,44,55,58,63,75,78,81;55;11;VALIDATION;39;351;41;7.269504;24;6.837607;-0.431897;0.940588;20;51.282051
NEW_MODE;45;01,11,18,26,34,38,44,55,58,63,75,78,81;58;7;VALIDATION;39;351;43;7.624113;28;7.977208;0.353095;1.046313;20;51.282051
NEW_MODE;45;01,11,18,26,34,38,44,55,58,63,75,78,81;63;3;VALIDATION;39;351;34;6.028369;20;5.698006;-0.330363;0.945199;18;46.153846
NEW_MODE;45;01,11,18,26,34,38,44,55,58,63,75,78,81;75;12;VALIDATION;39;351;33;5.851064;26;7.407407;1.556344;1.265993;20;51.282051
NEW_MODE;45;01,11,18,26,34,38,44,55,58,63,75,78,81;78;1;VALIDATION;39;351;35;6.205674;29;8.262108;2.056435;1.33138;22;56.410256
NEW_MODE;45;01,11,18,26,34,38,44,55,58,63,75,78,81;81;2;VALIDATION;39;351;42;7.446809;17;4.843305;-2.603504;0.650387;15;38.461538
NEW_MODE;45;01,11,18,26,34,38,44,55,58,63,75,78,81;1;10;TEST;41;369;40;7.092199;22;5.96206;-1.130139;0.84065;16;39.02439
NEW_MODE;45;01,11,18,26,34,38,44,55,58,63,75,78,81;11;8;TEST;41;369;42;7.446809;37;10.0271;2.580292;1.346496;25;60.97561
NEW_MODE;45;01,11,18,26,34,38,44,55,58,63,75,78,81;18;13;TEST;41;369;42;7.446809;25;6.775068;-0.671741;0.909795;20;48.780488
NEW_MODE;45;01,11,18,26,34,38,44,55,58,63,75,78,81;26;6;TEST;41;369;31;5.496454;25;6.775068;1.278614;1.232625;19;46.341463
NEW_MODE;45;01,11,18,26,34,38,44,55,58,63,75,78,81;34;5;TEST;41;369;42;7.446809;27;7.317073;-0.129735;0.982578;22;53.658537
NEW_MODE;45;01,11,18,26,34,38,44,55,58,63,75,78,81;38;9;TEST;41;369;30;5.319149;14;3.794038;-1.525111;0.713279;12;29.268293
NEW_MODE;45;01,11,18,26,34,38,44,55,58,63,75,78,81;44;4;TEST;41;369;35;6.205674;15;4.065041;-2.140633;0.655052;13;31.707317
NEW_MODE;45;01,11,18,26,34,38,44,55,58,63,75,78,81;55;11;TEST;41;369;39;6.914894;24;6.504065;-0.410829;0.940588;18;43.902439
NEW_MODE;45;01,11,18,26,34,38,44,55,58,63,75,78,81;58;7;TEST;41;369;42;7.446809;30;8.130081;0.683273;1.091754;23;56.097561
NEW_MODE;45;01,11,18,26,34,38,44,55,58,63,75,78,81;63;3;TEST;41;369;47;8.333333;34;9.214092;0.880759;1.105691;27;65.853659
NEW_MODE;45;01,11,18,26,34,38,44,55,58,63,75,78,81;75;12;TEST;41;369;37;6.560284;21;5.691057;-0.869227;0.867502;18;43.902439
NEW_MODE;45;01,11,18,26,34,38,44,55,58,63,75,78,81;78;1;TEST;41;369;29;5.141844;21;5.691057;0.549213;1.106812;18;43.902439
NEW_MODE;45;01,11,18,26,34,38,44,55,58,63,75,78,81;81;2;TEST;41;369;38;6.737589;30;8.130081;1.392493;1.206675;21;51.219512
NEW_MODE;46;15,16,20,22,33,36,38,39,48,54,57,69,79;15;9;DISCOVERY;109;981;118;6.982249;79;8.053007;1.070759;1.153354;60;55.045872
NEW_MODE;46;15,16,20,22,33,36,38,39,48,54,57,69,79;16;4;DISCOVERY;109;981;117;6.923077;83;8.460754;1.537677;1.222109;55;50.458716
NEW_MODE;46;15,16,20,22,33,36,38,39,48,54,57,69,79;20;7;DISCOVERY;109;981;112;6.627219;77;7.849134;1.221915;1.184378;55;50.458716
NEW_MODE;46;15,16,20,22,33,36,38,39,48,54,57,69,79;22;3;DISCOVERY;109;981;110;6.508876;79;8.053007;1.544131;1.237235;63;57.798165
NEW_MODE;46;15,16,20,22,33,36,38,39,48,54,57,69,79;33;2;DISCOVERY;109;981;115;6.804734;84;8.562691;1.757957;1.258343;60;55.045872
NEW_MODE;46;15,16,20,22,33,36,38,39,48,54,57,69,79;36;12;DISCOVERY;109;981;98;5.798817;67;6.829766;1.030949;1.177786;53;48.623853
NEW_MODE;46;15,16,20,22,33,36,38,39,48,54,57,69,79;38;10;DISCOVERY;109;981;120;7.100592;80;8.154944;1.054352;1.148488;57;52.293578
NEW_MODE;46;15,16,20,22,33,36,38,39,48,54,57,69,79;39;11;DISCOVERY;109;981;115;6.804734;77;7.849134;1.0444;1.153481;55;50.458716
NEW_MODE;46;15,16,20,22,33,36,38,39,48,54,57,69,79;48;8;DISCOVERY;109;981;121;7.159763;81;8.256881;1.097117;1.153234;62;56.880734
NEW_MODE;46;15,16,20,22,33,36,38,39,48,54,57,69,79;54;1;DISCOVERY;109;981;130;7.692308;103;10.49949;2.807183;1.364934;67;61.46789
NEW_MODE;46;15,16,20,22,33,36,38,39,48,54,57,69,79;57;6;DISCOVERY;109;981;116;6.863905;80;8.154944;1.291039;1.188091;59;54.12844
NEW_MODE;46;15,16,20,22,33,36,38,39,48,54,57,69,79;69;5;DISCOVERY;109;981;115;6.804734;80;8.154944;1.35021;1.198422;57;52.293578
NEW_MODE;46;15,16,20,22,33,36,38,39,48,54,57,69,79;79;13;DISCOVERY;109;981;130;7.692308;84;8.562691;0.870383;1.11315;61;55.963303
NEW_MODE;46;15,16,20,22,33,36,38,39,48,54,57,69,79;15;9;VALIDATION;36;324;44;7.801418;17;5.246914;-2.554505;0.672559;13;36.111111
NEW_MODE;46;15,16,20,22,33,36,38,39,48,54,57,69,79;16;4;VALIDATION;36;324;31;5.496454;17;5.246914;-0.24954;0.9546;14;38.888889
NEW_MODE;46;15,16,20,22,33,36,38,39,48,54,57,69,79;20;7;VALIDATION;36;324;37;6.560284;24;7.407407;0.847124;1.129129;17;47.222222
NEW_MODE;46;15,16,20,22,33,36,38,39,48,54,57,69,79;22;3;VALIDATION;36;324;42;7.446809;27;8.333333;0.886525;1.119048;20;55.555556
NEW_MODE;46;15,16,20,22,33,36,38,39,48,54,57,69,79;33;2;VALIDATION;36;324;32;5.673759;17;5.246914;-0.426845;0.924769;12;33.333333
NEW_MODE;46;15,16,20,22,33,36,38,39,48,54,57,69,79;36;12;VALIDATION;36;324;26;4.609929;16;4.938272;0.328343;1.071225;10;27.777778
NEW_MODE;46;15,16,20,22,33,36,38,39,48,54,57,69,79;38;10;VALIDATION;36;324;47;8.333333;28;8.641975;0.308642;1.037037;22;61.111111
NEW_MODE;46;15,16,20,22,33,36,38,39,48,54,57,69,79;39;11;VALIDATION;36;324;47;8.333333;22;6.790123;-1.54321;0.814815;17;47.222222
NEW_MODE;46;15,16,20,22,33,36,38,39,48,54,57,69,79;48;8;VALIDATION;36;324;40;7.092199;20;6.17284;-0.919359;0.87037;15;41.666667
NEW_MODE;46;15,16,20,22,33,36,38,39,48,54,57,69,79;54;1;VALIDATION;36;324;33;5.851064;15;4.62963;-1.221434;0.791246;15;41.666667
NEW_MODE;46;15,16,20,22,33,36,38,39,48,54,57,69,79;57;6;VALIDATION;36;324;34;6.028369;23;7.098765;1.070397;1.17756;19;52.777778
NEW_MODE;46;15,16,20,22,33,36,38,39,48,54,57,69,79;69;5;VALIDATION;36;324;37;6.560284;19;5.864198;-0.696086;0.893894;14;38.888889
NEW_MODE;46;15,16,20,22,33,36,38,39,48,54,57,69,79;79;13;VALIDATION;36;324;35;6.205674;24;7.407407;1.201734;1.193651;21;58.333333
NEW_MODE;46;15,16,20,22,33,36,38,39,48,54,57,69,79;15;9;TEST;36;324;29;5.141844;10;3.08642;-2.055424;0.600255;10;27.777778
NEW_MODE;46;15,16,20,22,33,36,38,39,48,54,57,69,79;16;4;TEST;36;324;37;6.560284;27;8.333333;1.77305;1.27027;21;58.333333
NEW_MODE;46;15,16,20,22,33,36,38,39,48,54,57,69,79;20;7;TEST;36;324;42;7.446809;32;9.876543;2.429735;1.326279;23;63.888889
NEW_MODE;46;15,16,20,22,33,36,38,39,48,54,57,69,79;22;3;TEST;36;324;34;6.028369;18;5.555556;-0.472813;0.921569;17;47.222222
NEW_MODE;46;15,16,20,22,33,36,38,39,48,54,57,69,79;33;2;TEST;36;324;40;7.092199;15;4.62963;-2.462569;0.652778;13;36.111111
NEW_MODE;46;15,16,20,22,33,36,38,39,48,54,57,69,79;36;12;TEST;36;324;34;6.028369;17;5.246914;-0.781455;0.87037;13;36.111111
NEW_MODE;46;15,16,20,22,33,36,38,39,48,54,57,69,79;38;10;TEST;36;324;30;5.319149;16;4.938272;-0.380877;0.928395;11;30.555556
NEW_MODE;46;15,16,20,22,33,36,38,39,48,54,57,69,79;39;11;TEST;36;324;36;6.382979;19;5.864198;-0.518781;0.918724;13;36.111111
NEW_MODE;46;15,16,20,22,33,36,38,39,48,54,57,69,79;48;8;TEST;36;324;31;5.496454;27;8.333333;2.836879;1.516129;22;61.111111
NEW_MODE;46;15,16,20,22,33,36,38,39,48,54,57,69,79;54;1;TEST;36;324;38;6.737589;15;4.62963;-2.107959;0.687135;12;33.333333
NEW_MODE;46;15,16,20,22,33,36,38,39,48,54,57,69,79;57;6;TEST;36;324;34;6.028369;25;7.716049;1.687681;1.279956;15;41.666667
NEW_MODE;46;15,16,20,22,33,36,38,39,48,54,57,69,79;69;5;TEST;36;324;36;6.382979;23;7.098765;0.715787;1.11214;17;47.222222
NEW_MODE;46;15,16,20,22,33,36,38,39,48,54,57,69,79;79;13;TEST;36;324;46;8.156028;25;7.716049;-0.439979;0.946055;14;38.888889
NEW_MODE;47;04,05,07,11,34,37,40,52,53,64,66,70,88;4;12;DISCOVERY;125;1125;100;5.91716;76;6.755556;0.838396;1.141689;56;44.8
NEW_MODE;47;04,05,07,11,34,37,40,52,53,64,66,70,88;5;3;DISCOVERY;125;1125;99;5.857988;84;7.466667;1.608679;1.274613;61;48.8
NEW_MODE;47;04,05,07,11,34,37,40,52,53,64,66,70,88;7;1;DISCOVERY;125;1125;96;5.680473;85;7.555556;1.875082;1.330093;71;56.8
NEW_MODE;47;04,05,07,11,34,37,40,52,53,64,66,70,88;11;2;DISCOVERY;125;1125;120;7.100592;98;8.711111;1.610519;1.226815;71;56.8
NEW_MODE;47;04,05,07,11,34,37,40,52,53,64,66,70,88;34;4;DISCOVERY;125;1125;121;7.159763;98;8.711111;1.551348;1.216676;77;61.6
NEW_MODE;47;04,05,07,11,34,37,40,52,53,64,66,70,88;37;7;DISCOVERY;125;1125;109;6.449704;85;7.555556;1.105851;1.171458;65;52.0
NEW_MODE;47;04,05,07,11,34,37,40,52,53,64,66,70,88;40;11;DISCOVERY;125;1125;101;5.976331;78;6.933333;0.957002;1.160132;64;51.2
NEW_MODE;47;04,05,07,11,34,37,40,52,53,64,66,70,88;52;5;DISCOVERY;125;1125;131;7.751479;104;9.244444;1.492965;1.192604;79;63.2
NEW_MODE;47;04,05,07,11,34,37,40,52,53,64,66,70,88;53;10;DISCOVERY;125;1125;91;5.384615;72;6.4;1.015385;1.188571;55;44.0
NEW_MODE;47;04,05,07,11,34,37,40,52,53,64,66,70,88;64;13;DISCOVERY;125;1125;97;5.739645;74;6.577778;0.838133;1.146025;60;48.0
NEW_MODE;47;04,05,07,11,34,37,40,52,53,64,66,70,88;66;6;DISCOVERY;125;1125;116;6.863905;93;8.266667;1.402761;1.204368;75;60.0
NEW_MODE;47;04,05,07,11,34,37,40,52,53,64,66,70,88;70;9;DISCOVERY;125;1125;98;5.798817;77;6.844444;1.045628;1.180317;66;52.8
NEW_MODE;47;04,05,07,11,34,37,40,52,53,64,66,70,88;88;8;DISCOVERY;125;1125;104;6.153846;81;7.2;1.046154;1.17;65;52.0
NEW_MODE;47;04,05,07,11,34,37,40,52,53,64,66,70,88;4;12;VALIDATION;38;342;34;6.028369;19;5.555556;-0.472813;0.921569;15;39.473684
NEW_MODE;47;04,05,07,11,34,37,40,52,53,64,66,70,88;5;3;VALIDATION;38;342;41;7.269504;24;7.017544;-0.25196;0.96534;18;47.368421
NEW_MODE;47;04,05,07,11,34,37,40,52,53,64,66,70,88;7;1;VALIDATION;38;342;40;7.092199;20;5.847953;-1.244245;0.824561;17;44.736842
NEW_MODE;47;04,05,07,11,34,37,40,52,53,64,66,70,88;11;2;VALIDATION;38;342;27;4.787234;10;2.923977;-1.863257;0.610786;9;23.684211
NEW_MODE;47;04,05,07,11,34,37,40,52,53,64,66,70,88;34;4;VALIDATION;38;342;33;5.851064;18;5.263158;-0.587906;0.899522;15;39.473684
NEW_MODE;47;04,05,07,11,34,37,40,52,53,64,66,70,88;37;7;VALIDATION;38;342;46;8.156028;29;8.479532;0.323504;1.039664;22;57.894737
NEW_MODE;47;04,05,07,11,34,37,40,52,53,64,66,70,88;40;11;VALIDATION;38;342;46;8.156028;25;7.309942;-0.846087;0.896262;22;57.894737
NEW_MODE;47;04,05,07,11,34,37,40,52,53,64,66,70,88;52;5;VALIDATION;38;342;47;8.333333;27;7.894737;-0.438596;0.947368;21;55.263158
NEW_MODE;47;04,05,07,11,34,37,40,52,53,64,66,70,88;53;10;VALIDATION;38;342;35;6.205674;28;8.187135;1.981461;1.319298;18;47.368421
NEW_MODE;47;04,05,07,11,34,37,40,52,53,64,66,70,88;64;13;VALIDATION;38;342;39;6.914894;23;6.725146;-0.189747;0.97256;16;42.105263
NEW_MODE;47;04,05,07,11,34,37,40,52,53,64,66,70,88;66;6;VALIDATION;38;342;44;7.801418;27;7.894737;0.093318;1.011962;18;47.368421
NEW_MODE;47;04,05,07,11,34,37,40,52,53,64,66,70,88;70;9;VALIDATION;38;342;31;5.496454;17;4.97076;-0.525694;0.904358;14;36.842105
NEW_MODE;47;04,05,07,11,34,37,40,52,53,64,66,70,88;88;8;VALIDATION;38;342;33;5.851064;16;4.678363;-1.172701;0.799575;15;39.473684
NEW_MODE;47;04,05,07,11,34,37,40,52,53,64,66,70,88;4;12;TEST;40;360;40;7.092199;17;4.722222;-2.369976;0.665833;14;35.0
NEW_MODE;47;04,05,07,11,34,37,40,52,53,64,66,70,88;5;3;TEST;40;360;41;7.269504;25;6.944444;-0.325059;0.955285;21;52.5
NEW_MODE;47;04,05,07,11,34,37,40,52,53,64,66,70,88;7;1;TEST;40;360;39;6.914894;21;5.833333;-1.08156;0.84359;16;40.0
NEW_MODE;47;04,05,07,11,34,37,40,52,53,64,66,70,88;11;2;TEST;40;360;42;7.446809;28;7.777778;0.330969;1.044444;18;45.0
NEW_MODE;47;04,05,07,11,34,37,40,52,53,64,66,70,88;34;4;TEST;40;360;42;7.446809;25;6.944444;-0.502364;0.93254;18;45.0
NEW_MODE;47;04,05,07,11,34,37,40,52,53,64,66,70,88;37;7;TEST;40;360;28;4.964539;12;3.333333;-1.631206;0.671429;12;30.0
NEW_MODE;47;04,05,07,11,34,37,40,52,53,64,66,70,88;40;11;TEST;40;360;43;7.624113;26;7.222222;-0.401891;0.947287;19;47.5
NEW_MODE;47;04,05,07,11,34,37,40,52,53,64,66,70,88;52;5;TEST;40;360;38;6.737589;28;7.777778;1.040189;1.154386;20;50.0
NEW_MODE;47;04,05,07,11,34,37,40,52,53,64,66,70,88;53;10;TEST;40;360;36;6.382979;21;5.833333;-0.549645;0.913889;17;42.5
NEW_MODE;47;04,05,07,11,34,37,40,52,53,64,66,70,88;64;13;TEST;40;360;35;6.205674;23;6.388889;0.183215;1.029524;18;45.0
NEW_MODE;47;04,05,07,11,34,37,40,52,53,64,66,70,88;66;6;TEST;40;360;35;6.205674;21;5.833333;-0.37234;0.94;17;42.5
NEW_MODE;47;04,05,07,11,34,37,40,52,53,64,66,70,88;70;9;TEST;40;360;26;4.609929;12;3.333333;-1.276596;0.723077;10;25.0
NEW_MODE;47;04,05,07,11,34,37,40,52,53,64,66,70,88;88;8;TEST;40;360;41;7.269504;23;6.388889;-0.880615;0.878862;18;45.0
NEW_MODE;48;03,04,09,12,13,17,18,22,26,36,69,80,85;3;5;DISCOVERY;121;1089;93;5.502959;74;6.795225;1.292266;1.234831;53;43.801653
NEW_MODE;48;03,04,09,12,13,17,18,22,26,36,69,80,85;4;11;DISCOVERY;121;1089;100;5.91716;74;6.795225;0.878065;1.148393;60;49.586777
NEW_MODE;48;03,04,09,12,13,17,18,22,26,36,69,80,85;9;3;DISCOVERY;121;1089;120;7.100592;93;8.539945;1.439353;1.202709;62;51.239669
NEW_MODE;48;03,04,09,12,13,17,18,22,26,36,69,80,85;12;8;DISCOVERY;121;1089;115;6.804734;86;7.897153;1.09242;1.160538;60;49.586777
NEW_MODE;48;03,04,09,12,13,17,18,22,26,36,69,80,85;13;9;DISCOVERY;121;1089;97;5.739645;73;6.703398;0.963753;1.167912;61;50.413223
NEW_MODE;48;03,04,09,12,13,17,18,22,26,36,69,80,85;17;12;DISCOVERY;121;1089;118;6.982249;85;7.805326;0.823077;1.117881;62;51.239669
NEW_MODE;48;03,04,09,12,13,17,18,22,26,36,69,80,85;18;4;DISCOVERY;121;1089;97;5.739645;78;7.162534;1.422889;1.247905;59;48.760331
NEW_MODE;48;03,04,09,12,13,17,18,22,26,36,69,80,85;22;6;DISCOVERY;121;1089;110;6.508876;84;7.713499;1.204623;1.185074;65;53.719008
NEW_MODE;48;03,04,09,12,13,17,18,22,26,36,69,80,85;26;2;DISCOVERY;121;1089;118;6.982249;95;8.7236;1.741351;1.249397;65;53.719008
NEW_MODE;48;03,04,09,12,13,17,18,22,26,36,69,80,85;36;13;DISCOVERY;121;1089;98;5.798817;72;6.61157;0.812754;1.140159;56;46.280992
NEW_MODE;48;03,04,09,12,13,17,18,22,26,36,69,80,85;69;10;DISCOVERY;121;1089;115;6.804734;84;7.713499;0.908765;1.133549;62;51.239669
NEW_MODE;48;03,04,09,12,13,17,18,22,26,36,69,80,85;80;7;DISCOVERY;121;1089;110;6.508876;84;7.713499;1.204623;1.185074;61;50.413223
NEW_MODE;48;03,04,09,12,13,17,18,22,26,36,69,80,85;85;1;DISCOVERY;121;1089;132;7.810651;108;9.917355;2.106704;1.269722;73;60.330579
NEW_MODE;48;03,04,09,12,13,17,18,22,26,36,69,80,85;3;5;VALIDATION;40;360;35;6.205674;20;5.555556;-0.650118;0.895238;16;40.0
NEW_MODE;48;03,04,09,12,13,17,18,22,26,36,69,80,85;4;11;VALIDATION;40;360;34;6.028369;28;7.777778;1.749409;1.290196;19;47.5
NEW_MODE;48;03,04,09,12,13,17,18,22,26,36,69,80,85;9;3;VALIDATION;40;360;49;8.687943;28;7.777778;-0.910165;0.895238;18;45.0
NEW_MODE;48;03,04,09,12,13,17,18,22,26,36,69,80,85;12;8;VALIDATION;40;360;28;4.964539;28;7.777778;2.813239;1.566667;20;50.0
NEW_MODE;48;03,04,09,12,13,17,18,22,26,36,69,80,85;13;9;VALIDATION;40;360;32;5.673759;23;6.388889;0.71513;1.126042;20;50.0
NEW_MODE;48;03,04,09,12,13,17,18,22,26,36,69,80,85;17;12;VALIDATION;40;360;32;5.673759;21;5.833333;0.159574;1.028125;17;42.5
NEW_MODE;48;03,04,09,12,13,17,18,22,26,36,69,80,85;18;4;VALIDATION;40;360;32;5.673759;24;6.666667;0.992908;1.175;21;52.5
NEW_MODE;48;03,04,09,12,13,17,18,22,26,36,69,80,85;22;6;VALIDATION;40;360;42;7.446809;26;7.222222;-0.224586;0.969841;16;40.0
NEW_MODE;48;03,04,09,12,13,17,18,22,26,36,69,80,85;26;2;VALIDATION;40;360;28;4.964539;8;2.222222;-2.742317;0.447619;7;17.5
NEW_MODE;48;03,04,09,12,13,17,18,22,26,36,69,80,85;36;13;VALIDATION;40;360;26;4.609929;21;5.833333;1.223404;1.265385;15;37.5
NEW_MODE;48;03,04,09,12,13,17,18,22,26,36,69,80,85;69;10;VALIDATION;40;360;37;6.560284;25;6.944444;0.384161;1.058559;19;47.5
NEW_MODE;48;03,04,09,12,13,17,18,22,26,36,69,80,85;80;7;VALIDATION;40;360;42;7.446809;12;3.333333;-4.113475;0.447619;8;20.0
NEW_MODE;48;03,04,09,12,13,17,18,22,26,36,69,80,85;85;1;VALIDATION;40;360;28;4.964539;17;4.722222;-0.242317;0.95119;16;40.0
NEW_MODE;48;03,04,09,12,13,17,18,22,26,36,69,80,85;3;5;TEST;31;279;35;6.205674;16;5.734767;-0.470907;0.924117;14;45.16129
NEW_MODE;48;03,04,09,12,13,17,18,22,26,36,69,80,85;4;11;TEST;31;279;40;7.092199;23;8.243728;1.151529;1.162366;18;58.064516
NEW_MODE;48;03,04,09,12,13,17,18,22,26,36,69,80,85;9;3;TEST;31;279;35;6.205674;16;5.734767;-0.470907;0.924117;13;41.935484
NEW_MODE;48;03,04,09,12,13,17,18,22,26,36,69,80,85;12;8;TEST;31;279;25;4.432624;15;5.376344;0.94372;1.212903;10;32.258065
NEW_MODE;48;03,04,09,12,13,17,18,22,26,36,69,80,85;13;9;TEST;31;279;41;7.269504;19;6.810036;-0.459468;0.936795;13;41.935484
NEW_MODE;48;03,04,09,12,13,17,18,22,26,36,69,80,85;17;12;TEST;31;279;37;6.560284;20;7.168459;0.608175;1.092706;15;48.387097
NEW_MODE;48;03,04,09,12,13,17,18,22,26,36,69,80,85;18;4;TEST;31;279;42;7.446809;20;7.168459;-0.27835;0.962622;15;48.387097
NEW_MODE;48;03,04,09,12,13,17,18,22,26,36,69,80,85;22;6;TEST;31;279;34;6.028369;12;4.301075;-1.727294;0.713472;12;38.709677
NEW_MODE;48;03,04,09,12,13,17,18,22,26,36,69,80,85;26;2;TEST;31;279;31;5.496454;7;2.508961;-2.987493;0.456469;7;22.580645
NEW_MODE;48;03,04,09,12,13,17,18,22,26,36,69,80,85;36;13;TEST;31;279;34;6.028369;18;6.451613;0.423244;1.070209;14;45.16129
NEW_MODE;48;03,04,09,12,13,17,18,22,26,36,69,80,85;69;10;TEST;31;279;36;6.382979;20;7.168459;0.78548;1.123059;14;45.16129
NEW_MODE;48;03,04,09,12,13,17,18,22,26,36,69,80,85;80;7;TEST;31;279;46;8.156028;15;5.376344;-2.779684;0.659187;12;38.709677
NEW_MODE;48;03,04,09,12,13,17,18,22,26,36,69,80,85;85;1;TEST;31;279;53;9.397163;28;10.035842;0.638679;1.067965;19;61.290323
NEW_MODE;49;18,26,34,35,38,43,47,51,55,57,68,74,87;18;7;DISCOVERY;125;1125;97;5.739645;76;6.755556;1.015911;1.176999;53;42.4
NEW_MODE;49;18,26,34,35,38,43,47,51,55,57,68,74,87;26;2;DISCOVERY;125;1125;118;6.982249;96;8.533333;1.551085;1.222147;75;60.0
NEW_MODE;49;18,26,34,35,38,43,47,51,55,57,68,74,87;34;13;DISCOVERY;125;1125;121;7.159763;90;8.0;0.840237;1.117355;66;52.8
NEW_MODE;49;18,26,34,35,38,43,47,51,55,57,68,74,87;35;10;DISCOVERY;125;1125;111;6.568047;84;7.466667;0.898619;1.136817;59;47.2
NEW_MODE;49;18,26,34,35,38,43,47,51,55,57,68,74,87;38;8;DISCOVERY;125;1125;120;7.100592;91;8.088889;0.988297;1.139185;70;56.0
NEW_MODE;49;18,26,34,35,38,43,47,51,55,57,68,74,87;43;12;DISCOVERY;125;1125;110;6.508876;83;7.377778;0.868902;1.133495;67;53.6
NEW_MODE;49;18,26,34,35,38,43,47,51,55,57,68,74,87;47;6;DISCOVERY;125;1125;125;7.39645;95;8.444444;1.047995;1.141689;66;52.8
NEW_MODE;49;18,26,34,35,38,43,47,51,55,57,68,74,87;51;9;DISCOVERY;125;1125;120;7.100592;91;8.088889;0.988297;1.139185;69;55.2
NEW_MODE;49;18,26,34,35,38,43,47,51,55,57,68,74,87;55;1;DISCOVERY;125;1125;122;7.218935;104;9.244444;2.02551;1.280583;73;58.4
NEW_MODE;49;18,26,34,35,38,43,47,51,55,57,68,74,87;57;4;DISCOVERY;125;1125;116;6.863905;94;8.355556;1.49165;1.217318;67;53.6
NEW_MODE;49;18,26,34,35,38,43,47,51,55,57,68,74,87;68;11;DISCOVERY;125;1125;119;7.04142;89;7.911111;0.869691;1.123511;70;56.0
NEW_MODE;49;18,26,34,35,38,43,47,51,55,57,68,74,87;74;5;DISCOVERY;125;1125;122;7.218935;94;8.355556;1.136621;1.15745;63;50.4
NEW_MODE;49;18,26,34,35,38,43,47,51,55,57,68,74,87;87;3;DISCOVERY;125;1125;112;6.627219;92;8.177778;1.550559;1.233968;66;52.8
NEW_MODE;49;18,26,34,35,38,43,47,51,55,57,68,74,87;18;7;VALIDATION;47;423;32;5.673759;30;7.092199;1.41844;1.25;21;44.680851
NEW_MODE;49;18,26,34,35,38,43,47,51,55,57,68,74,87;26;2;VALIDATION;47;423;28;4.964539;29;6.855792;1.891253;1.380952;19;40.425532
NEW_MODE;49;18,26,34,35,38,43,47,51,55,57,68,74,87;34;13;VALIDATION;47;423;33;5.851064;27;6.382979;0.531915;1.090909;25;53.191489
NEW_MODE;49;18,26,34,35,38,43,47,51,55,57,68,74,87;35;10;VALIDATION;47;423;40;7.092199;27;6.382979;-0.70922;0.9;20;42.553191
NEW_MODE;49;18,26,34,35,38,43,47,51,55,57,68,74,87;38;8;VALIDATION;47;423;47;8.333333;35;8.274232;-0.059102;0.992908;30;63.829787
NEW_MODE;49;18,26,34,35,38,43,47,51,55,57,68,74,87;43;12;VALIDATION;47;423;39;6.914894;24;5.673759;-1.241135;0.820513;21;44.680851
NEW_MODE;49;18,26,34,35,38,43,47,51,55,57,68,74,87;47;6;VALIDATION;47;423;38;6.737589;34;8.037825;1.300236;1.192982;29;61.702128
NEW_MODE;49;18,26,34,35,38,43,47,51,55,57,68,74,87;51;9;VALIDATION;47;423;35;6.205674;19;4.491726;-1.713948;0.72381;15;31.914894
NEW_MODE;49;18,26,34,35,38,43,47,51,55,57,68,74,87;55;1;VALIDATION;47;423;41;7.269504;37;8.747045;1.477541;1.203252;26;55.319149
NEW_MODE;49;18,26,34,35,38,43,47,51,55,57,68,74,87;57;4;VALIDATION;47;423;34;6.028369;24;5.673759;-0.35461;0.941176;20;42.553191
NEW_MODE;49;18,26,34,35,38,43,47,51,55,57,68,74,87;68;11;VALIDATION;47;423;47;8.333333;33;7.801418;-0.531915;0.93617;23;48.93617
NEW_MODE;49;18,26,34,35,38,43,47,51,55,57,68,74,87;74;5;VALIDATION;47;423;34;6.028369;25;5.910165;-0.118203;0.980392;21;44.680851
NEW_MODE;49;18,26,34,35,38,43,47,51,55,57,68,74,87;87;3;VALIDATION;47;423;40;7.092199;31;7.328605;0.236407;1.033333;22;46.808511
NEW_MODE;49;18,26,34,35,38,43,47,51,55,57,68,74,87;18;7;TEST;41;369;42;7.446809;34;9.214092;1.767284;1.237321;24;58.536585
NEW_MODE;49;18,26,34,35,38,43,47,51,55,57,68,74,87;26;2;TEST;41;369;31;5.496454;21;5.691057;0.194603;1.035405;15;36.585366
NEW_MODE;49;18,26,34,35,38,43,47,51,55,57,68,74,87;34;13;TEST;41;369;42;7.446809;30;8.130081;0.683273;1.091754;20;48.780488
NEW_MODE;49;18,26,34,35,38,43,47,51,55,57,68,74,87;35;10;TEST;41;369;32;5.673759;19;5.149051;-0.524707;0.90752;16;39.02439
NEW_MODE;49;18,26,34,35,38,43,47,51,55,57,68,74,87;38;8;TEST;41;369;30;5.319149;15;4.065041;-1.254108;0.764228;14;34.146341
NEW_MODE;49;18,26,34,35,38,43,47,51,55,57,68,74,87;43;12;TEST;41;369;46;8.156028;27;7.317073;-0.838955;0.897137;24;58.536585
NEW_MODE;49;18,26,34,35,38,43,47,51,55,57,68,74,87;47;6;TEST;41;369;41;7.269504;23;6.233062;-1.036441;0.857426;18;43.902439
NEW_MODE;49;18,26,34,35,38,43,47,51,55,57,68,74,87;51;9;TEST;41;369;36;6.382979;20;5.420054;-0.962925;0.849142;16;39.02439
NEW_MODE;49;18,26,34,35,38,43,47,51,55,57,68,74,87;55;1;TEST;41;369;39;6.914894;20;5.420054;-1.494839;0.783823;17;41.463415
NEW_MODE;49;18,26,34,35,38,43,47,51,55,57,68,74,87;57;4;TEST;41;369;34;6.028369;18;4.878049;-1.15032;0.809182;15;36.585366
NEW_MODE;49;18,26,34,35,38,43,47,51,55,57,68,74,87;68;11;TEST;41;369;42;7.446809;27;7.317073;-0.129735;0.982578;23;56.097561
NEW_MODE;49;18,26,34,35,38,43,47,51,55,57,68,74,87;74;5;TEST;41;369;37;6.560284;29;7.859079;1.298795;1.197978;22;53.658537
NEW_MODE;49;18,26,34,35,38,43,47,51,55,57,68,74,87;87;3;TEST;41;369;33;5.851064;15;4.065041;-1.786023;0.694752;15;36.585366
NEW_MODE;50;01,03,05,06,09,15,30,36,38,43,70,80,89;1;10;DISCOVERY;103;927;112;6.627219;69;7.443366;0.816147;1.123151;48;46.601942
NEW_MODE;50;01,03,05,06,09,15,30,36,38,43,70,80,89;3;13;DISCOVERY;103;927;93;5.502959;58;6.256742;0.753784;1.136978;47;45.631068
NEW_MODE;50;01,03,05,06,09,15,30,36,38,43,70,80,89;5;7;DISCOVERY;103;927;99;5.857988;63;6.796117;0.938128;1.160145;46;44.660194
NEW_MODE;50;01,03,05,06,09,15,30,36,38,43,70,80,89;6;4;DISCOVERY;103;927;129;7.633136;81;8.737864;1.104728;1.144728;54;52.427184
NEW_MODE;50;01,03,05,06,09,15,30,36,38,43,70,80,89;9;9;DISCOVERY;103;927;120;7.100592;74;7.98274;0.882148;1.124236;52;50.485437
NEW_MODE;50;01,03,05,06,09,15,30,36,38,43,70,80,89;15;11;DISCOVERY;103;927;118;6.982249;72;7.76699;0.784742;1.112391;53;51.456311
NEW_MODE;50;01,03,05,06,09,15,30,36,38,43,70,80,89;30;2;DISCOVERY;103;927;101;5.976331;72;7.76699;1.790659;1.299625;51;49.514563
NEW_MODE;50;01,03,05,06,09,15,30,36,38,43,70,80,89;36;12;DISCOVERY;103;927;98;5.798817;61;6.580367;0.78155;1.134778;52;50.485437
NEW_MODE;50;01,03,05,06,09,15,30,36,38,43,70,80,89;38;1;DISCOVERY;103;927;120;7.100592;86;9.277238;2.176647;1.306544;60;58.252427
NEW_MODE;50;01,03,05,06,09,15,30,36,38,43,70,80,89;43;6;DISCOVERY;103;927;110;6.508876;70;7.551241;1.042365;1.160145;55;53.398058
NEW_MODE;50;01,03,05,06,09,15,30,36,38,43,70,80,89;70;8;DISCOVERY;103;927;98;5.798817;62;6.688242;0.889425;1.15338;51;49.514563
NEW_MODE;50;01,03,05,06,09,15,30,36,38,43,70,80,89;80;3;DISCOVERY;103;927;110;6.508876;71;7.659115;1.15024;1.176719;54;52.427184
NEW_MODE;50;01,03,05,06,09,15,30,36,38,43,70,80,89;89;5;DISCOVERY;103;927;109;6.449704;70;7.551241;1.101536;1.170789;53;51.456311
NEW_MODE;50;01,03,05,06,09,15,30,36,38,43,70,80,89;1;10;VALIDATION;27;243;34;6.028369;20;8.230453;2.202084;1.365287;15;55.555556
NEW_MODE;50;01,03,05,06,09,15,30,36,38,43,70,80,89;3;13;VALIDATION;27;243;35;6.205674;16;6.584362;0.378688;1.061023;14;51.851852
NEW_MODE;50;01,03,05,06,09,15,30,36,38,43,70,80,89;5;7;VALIDATION;27;243;41;7.269504;22;9.053498;1.783994;1.245408;16;59.259259
NEW_MODE;50;01,03,05,06,09,15,30,36,38,43,70,80,89;6;4;VALIDATION;27;243;47;8.333333;17;6.995885;-1.337449;0.839506;16;59.259259
NEW_MODE;50;01,03,05,06,09,15,30,36,38,43,70,80,89;9;9;VALIDATION;27;243;49;8.687943;24;9.876543;1.1886;1.13681;17;62.962963
NEW_MODE;50;01,03,05,06,09,15,30,36,38,43,70,80,89;15;11;VALIDATION;27;243;44;7.801418;15;6.17284;-1.628579;0.791246;11;40.740741
NEW_MODE;50;01,03,05,06,09,15,30,36,38,43,70,80,89;30;2;VALIDATION;27;243;36;6.382979;19;7.81893;1.435951;1.224966;16;59.259259
NEW_MODE;50;01,03,05,06,09,15,30,36,38,43,70,80,89;36;12;VALIDATION;27;243;26;4.609929;16;6.584362;1.974433;1.4283;12;44.444444
NEW_MODE;50;01,03,05,06,09,15,30,36,38,43,70,80,89;38;1;VALIDATION;27;243;47;8.333333;23;9.465021;1.131687;1.135802;17;62.962963
NEW_MODE;50;01,03,05,06,09,15,30,36,38,43,70,80,89;43;6;VALIDATION;27;243;39;6.914894;13;5.349794;-1.565099;0.773663;12;44.444444
NEW_MODE;50;01,03,05,06,09,15,30,36,38,43,70,80,89;70;8;VALIDATION;27;243;31;5.496454;6;2.469136;-3.027318;0.449223;6;22.222222
NEW_MODE;50;01,03,05,06,09,15,30,36,38,43,70,80,89;80;3;VALIDATION;27;243;42;7.446809;5;2.057613;-5.389195;0.276308;3;11.111111
NEW_MODE;50;01,03,05,06,09,15,30,36,38,43,70,80,89;89;5;VALIDATION;27;243;42;7.446809;14;5.761317;-1.685492;0.773663;11;40.740741
NEW_MODE;50;01,03,05,06,09,15,30,36,38,43,70,80,89;1;10;TEST;27;243;40;7.092199;9;3.703704;-3.388495;0.522222;7;25.925926
NEW_MODE;50;01,03,05,06,09,15,30,36,38,43,70,80,89;3;13;TEST;27;243;35;6.205674;16;6.584362;0.378688;1.061023;11;40.740741
NEW_MODE;50;01,03,05,06,09,15,30,36,38,43,70,80,89;5;7;TEST;27;243;41;7.269504;18;7.407407;0.137904;1.01897;17;62.962963
NEW_MODE;50;01,03,05,06,09,15,30,36,38,43,70,80,89;6;4;TEST;27;243;45;7.978723;21;8.641975;0.663252;1.083128;17;62.962963
NEW_MODE;50;01,03,05,06,09,15,30,36,38,43,70,80,89;9;9;TEST;27;243;35;6.205674;15;6.17284;-0.032834;0.994709;12;44.444444
NEW_MODE;50;01,03,05,06,09,15,30,36,38,43,70,80,89;15;11;TEST;27;243;29;5.141844;12;4.938272;-0.203572;0.960409;9;33.333333
NEW_MODE;50;01,03,05,06,09,15,30,36,38,43,70,80,89;30;2;TEST;27;243;39;6.914894;12;4.938272;-1.976622;0.71415;11;40.740741
NEW_MODE;50;01,03,05,06,09,15,30,36,38,43,70,80,89;36;12;TEST;27;243;34;6.028369;17;6.995885;0.967516;1.160494;12;44.444444
NEW_MODE;50;01,03,05,06,09,15,30,36,38,43,70,80,89;38;1;TEST;27;243;30;5.319149;20;8.230453;2.911304;1.547325;13;48.148148
NEW_MODE;50;01,03,05,06,09,15,30,36,38,43,70,80,89;43;6;TEST;27;243;46;8.156028;20;8.230453;0.074424;1.009125;16;59.259259
NEW_MODE;50;01,03,05,06,09,15,30,36,38,43,70,80,89;70;8;TEST;27;243;26;4.609929;17;6.995885;2.385956;1.517569;11;40.740741
NEW_MODE;50;01,03,05,06,09,15,30,36,38,43,70,80,89;80;3;TEST;27;243;46;8.156028;26;10.699588;2.54356;1.311863;18;66.666667
NEW_MODE;50;01,03,05,06,09,15,30,36,38,43,70,80,89;89;5;TEST;27;243;36;6.382979;18;7.407407;1.024429;1.160494;11;40.740741
NEW_MODE;51;01,09,13,28,32,38,43,49,63,74,83,86,87;1;7;DISCOVERY;119;1071;112;6.627219;84;7.843137;1.215918;1.183473;66;55.462185
NEW_MODE;51;01,09,13,28,32,38,43,49,63,74,83,86,87;9;10;DISCOVERY;119;1071;120;7.100592;87;8.123249;1.022658;1.144024;63;52.941176
NEW_MODE;51;01,09,13,28,32,38,43,49,63,74,83,86,87;13;8;DISCOVERY;119;1071;97;5.739645;74;6.90943;1.169785;1.203808;58;48.739496
NEW_MODE;51;01,09,13,28,32,38,43,49,63,74,83,86,87;28;1;DISCOVERY;119;1071;103;6.094675;84;7.843137;1.748463;1.286884;65;54.621849
NEW_MODE;51;01,09,13,28,32,38,43,49,63,74,83,86,87;32;9;DISCOVERY;119;1071;131;7.751479;95;8.870215;1.118735;1.144325;71;59.663866
NEW_MODE;51;01,09,13,28,32,38,43,49,63,74,83,86,87;38;12;DISCOVERY;119;1071;120;7.100592;86;8.029879;0.929287;1.130875;61;51.260504
NEW_MODE;51;01,09,13,28,32,38,43,49,63,74,83,86,87;43;6;DISCOVERY;119;1071;110;6.508876;83;7.749767;1.240891;1.190646;64;53.781513
NEW_MODE;51;01,09,13,28,32,38,43,49,63,74,83,86,87;49;11;DISCOVERY;119;1071;125;7.39645;90;8.403361;1.006912;1.136134;70;58.823529
NEW_MODE;51;01,09,13,28,32,38,43,49,63,74,83,86,87;63;2;DISCOVERY;119;1071;109;6.449704;86;8.029879;1.580174;1.245;62;52.10084
NEW_MODE;51;01,09,13,28,32,38,43,49,63,74,83,86,87;74;13;DISCOVERY;119;1071;122;7.218935;87;8.123249;0.904314;1.12527;64;53.781513
NEW_MODE;51;01,09,13,28,32,38,43,49,63,74,83,86,87;83;4;DISCOVERY;119;1071;127;7.514793;95;8.870215;1.355422;1.180367;70;58.823529
NEW_MODE;51;01,09,13,28,32,38,43,49,63,74,83,86,87;86;3;DISCOVERY;119;1071;125;7.39645;94;8.776844;1.380394;1.186629;66;55.462185
NEW_MODE;51;01,09,13,28,32,38,43,49,63,74,83,86,87;87;5;DISCOVERY;119;1071;112;6.627219;85;7.936508;1.309289;1.197562;69;57.983193
NEW_MODE;51;01,09,13,28,32,38,43,49,63,74,83,86,87;1;7;VALIDATION;33;297;34;6.028369;13;4.377104;-1.651264;0.726084;11;33.333333
NEW_MODE;51;01,09,13,28,32,38,43,49,63,74,83,86,87;9;10;VALIDATION;33;297;49;8.687943;28;9.427609;0.739666;1.085137;18;54.545455
NEW_MODE;51;01,09,13,28,32,38,43,49,63,74,83,86,87;13;8;VALIDATION;33;297;32;5.673759;22;7.407407;1.733649;1.305556;17;51.515152
NEW_MODE;51;01,09,13,28,32,38,43,49,63,74,83,86,87;28;1;VALIDATION;33;297;42;7.446809;22;7.407407;-0.039401;0.994709;14;42.424242
NEW_MODE;51;01,09,13,28,32,38,43,49,63,74,83,86,87;32;9;VALIDATION;33;297;38;6.737589;26;8.754209;2.01662;1.299309;17;51.515152
NEW_MODE;51;01,09,13,28,32,38,43,49,63,74,83,86,87;38;12;VALIDATION;33;297;47;8.333333;22;7.407407;-0.925926;0.888889;19;57.575758
NEW_MODE;51;01,09,13,28,32,38,43,49,63,74,83,86,87;43;6;VALIDATION;33;297;39;6.914894;23;7.744108;0.829214;1.119917;16;48.484848
NEW_MODE;51;01,09,13,28,32,38,43,49,63,74,83,86,87;49;11;VALIDATION;33;297;47;8.333333;20;6.734007;-1.599327;0.808081;17;51.515152
NEW_MODE;51;01,09,13,28,32,38,43,49,63,74,83,86,87;63;2;VALIDATION;33;297;34;6.028369;16;5.387205;-0.641163;0.893642;14;42.424242
NEW_MODE;51;01,09,13,28,32,38,43,49,63,74,83,86,87;74;13;VALIDATION;33;297;34;6.028369;23;7.744108;1.715739;1.284611;18;54.545455
NEW_MODE;51;01,09,13,28,32,38,43,49,63,74,83,86,87;83;4;VALIDATION;33;297;34;6.028369;15;5.050505;-0.977864;0.83779;13;39.393939
NEW_MODE;51;01,09,13,28,32,38,43,49,63,74,83,86,87;86;3;VALIDATION;33;297;45;7.978723;26;8.754209;0.775485;1.097194;19;57.575758
NEW_MODE;51;01,09,13,28,32,38,43,49,63,74,83,86,87;87;5;VALIDATION;33;297;40;7.092199;20;6.734007;-0.358192;0.949495;17;51.515152
NEW_MODE;51;01,09,13,28,32,38,43,49,63,74,83,86,87;1;7;TEST;36;324;40;7.092199;25;7.716049;0.623851;1.087963;19;52.777778
NEW_MODE;51;01,09,13,28,32,38,43,49,63,74,83,86,87;9;10;TEST;36;324;35;6.205674;21;6.481481;0.275808;1.044444;15;41.666667
NEW_MODE;51;01,09,13,28,32,38,43,49,63,74,83,86,87;13;8;TEST;36;324;41;7.269504;17;5.246914;-2.02259;0.721771;14;38.888889
NEW_MODE;51;01,09,13,28,32,38,43,49,63,74,83,86,87;28;1;TEST;36;324;44;7.801418;31;9.567901;1.766483;1.226431;23;63.888889
NEW_MODE;51;01,09,13,28,32,38,43,49,63,74,83,86,87;32;9;TEST;36;324;29;5.141844;16;4.938272;-0.203572;0.960409;13;36.111111
NEW_MODE;51;01,09,13,28,32,38,43,49,63,74,83,86,87;38;12;TEST;36;324;30;5.319149;12;3.703704;-1.615445;0.696296;10;27.777778
NEW_MODE;51;01,09,13,28,32,38,43,49,63,74,83,86,87;43;6;TEST;36;324;46;8.156028;24;7.407407;-0.748621;0.908213;22;61.111111
NEW_MODE;51;01,09,13,28,32,38,43,49,63,74,83,86,87;49;11;TEST;36;324;42;7.446809;28;8.641975;1.195167;1.160494;21;58.333333
NEW_MODE;51;01,09,13,28,32,38,43,49,63,74,83,86,87;63;2;TEST;36;324;47;8.333333;28;8.641975;0.308642;1.037037;20;55.555556
NEW_MODE;51;01,09,13,28,32,38,43,49,63,74,83,86,87;74;13;TEST;36;324;37;6.560284;19;5.864198;-0.696086;0.893894;15;41.666667
NEW_MODE;51;01,09,13,28,32,38,43,49,63,74,83,86,87;83;4;TEST;36;324;47;8.333333;22;6.790123;-1.54321;0.814815;19;52.777778
NEW_MODE;51;01,09,13,28,32,38,43,49,63,74,83,86,87;86;3;TEST;36;324;35;6.205674;17;5.246914;-0.95876;0.845503;17;47.222222
NEW_MODE;51;01,09,13,28,32,38,43,49,63,74,83,86,87;87;5;TEST;36;324;33;5.851064;20;6.17284;0.321776;1.054994;13;36.111111
NEW_MODE;52;01,03,05,17,25,33,39,43,45,66,76,83,89;1;4;DISCOVERY;131;1179;112;6.627219;97;8.227311;1.600092;1.241443;72;54.961832
NEW_MODE;52;01,03,05,17,25,33,39,43,45,66,76,83,89;3;3;DISCOVERY;131;1179;93;5.502959;84;7.124682;1.621723;1.2947;66;50.381679
NEW_MODE;52;01,03,05,17,25,33,39,43,45,66,76,83,89;5;13;DISCOVERY;131;1179;99;5.857988;80;6.785411;0.927423;1.158318;66;50.381679
NEW_MODE;52;01,03,05,17,25,33,39,43,45,66,76,83,89;17;11;DISCOVERY;131;1179;118;6.982249;95;8.057676;1.075427;1.154023;75;57.251908
NEW_MODE;52;01,03,05,17,25,33,39,43,45,66,76,83,89;25;2;DISCOVERY;131;1179;117;6.923077;104;8.821035;1.897958;1.274149;77;58.778626
NEW_MODE;52;01,03,05,17,25,33,39,43,45,66,76,83,89;33;9;DISCOVERY;131;1179;115;6.804734;93;7.888041;1.083307;1.159199;66;50.381679
NEW_MODE;52;01,03,05,17,25,33,39,43,45,66,76,83,89;39;10;DISCOVERY;131;1179;115;6.804734;93;7.888041;1.083307;1.159199;75;57.251908
NEW_MODE;52;01,03,05,17,25,33,39,43,45,66,76,83,89;43;1;DISCOVERY;131;1179;110;6.508876;100;8.481764;1.972888;1.303107;71;54.198473
NEW_MODE;52;01,03,05,17,25,33,39,43,45,66,76,83,89;45;8;DISCOVERY;131;1179;133;7.869822;106;8.99067;1.120848;1.142423;78;59.541985
NEW_MODE;52;01,03,05,17,25,33,39,43,45,66,76,83,89;66;6;DISCOVERY;131;1179;116;6.863905;95;8.057676;1.193771;1.17392;68;51.908397
NEW_MODE;52;01,03,05,17,25,33,39,43,45,66,76,83,89;76;5;DISCOVERY;131;1179;105;6.213018;92;7.803223;1.590205;1.255947;72;54.961832
NEW_MODE;52;01,03,05,17,25,33,39,43,45,66,76,83,89;83;7;DISCOVERY;131;1179;127;7.514793;102;8.651399;1.136607;1.151249;75;57.251908
NEW_MODE;52;01,03,05,17,25,33,39,43,45,66,76,83,89;89;12;DISCOVERY;131;1179;109;6.449704;88;7.463953;1.014248;1.157255;65;49.618321
NEW_MODE;52;01,03,05,17,25,33,39,43,45,66,76,83,89;1;4;VALIDATION;44;396;34;6.028369;25;6.313131;0.284763;1.047237;20;45.454545
NEW_MODE;52;01,03,05,17,25,33,39,43,45,66,76,83,89;3;3;VALIDATION;44;396;35;6.205674;22;5.555556;-0.650118;0.895238;15;34.090909
NEW_MODE;52;01,03,05,17,25,33,39,43,45,66,76,83,89;5;13;VALIDATION;44;396;41;7.269504;23;5.808081;-1.461423;0.798965;17;38.636364
NEW_MODE;52;01,03,05,17,25,33,39,43,45,66,76,83,89;17;11;VALIDATION;44;396;32;5.673759;21;5.30303;-0.370729;0.934659;16;36.363636
NEW_MODE;52;01,03,05,17,25,33,39,43,45,66,76,83,89;25;2;VALIDATION;44;396;46;8.156028;36;9.090909;0.934881;1.114625;22;50.0
NEW_MODE;52;01,03,05,17,25,33,39,43,45,66,76,83,89;33;9;VALIDATION;44;396;32;5.673759;21;5.30303;-0.370729;0.934659;16;36.363636
NEW_MODE;52;01,03,05,17,25,33,39,43,45,66,76,83,89;39;10;VALIDATION;44;396;47;8.333333;30;7.575758;-0.757576;0.909091;23;52.272727
NEW_MODE;52;01,03,05,17,25,33,39,43,45,66,76,83,89;43;1;VALIDATION;44;396;39;6.914894;27;6.818182;-0.096712;0.986014;21;47.727273
NEW_MODE;52;01,03,05,17,25,33,39,43,45,66,76,83,89;45;8;VALIDATION;44;396;40;7.092199;23;5.808081;-1.284118;0.818939;20;45.454545
NEW_MODE;52;01,03,05,17,25,33,39,43,45,66,76,83,89;66;6;VALIDATION;44;396;44;7.801418;27;6.818182;-0.983237;0.873967;19;43.181818
NEW_MODE;52;01,03,05,17,25,33,39,43,45,66,76,83,89;76;5;VALIDATION;44;396;42;7.446809;24;6.060606;-1.386202;0.813853;20;45.454545
NEW_MODE;52;01,03,05,17,25,33,39,43,45,66,76,83,89;83;7;VALIDATION;44;396;34;6.028369;23;5.808081;-0.220288;0.963458;20;45.454545
NEW_MODE;52;01,03,05,17,25,33,39,43,45,66,76,83,89;89;12;VALIDATION;44;396;42;7.446809;38;9.59596;2.149151;1.2886;29;65.909091
NEW_MODE;52;01,03,05,17,25,33,39,43,45,66,76,83,89;1;4;TEST;38;342;40;7.092199;24;7.017544;-0.074655;0.989474;16;42.105263
NEW_MODE;52;01,03,05,17,25,33,39,43,45,66,76,83,89;3;3;TEST;38;342;35;6.205674;21;6.140351;-0.065323;0.989474;18;47.368421
NEW_MODE;52;01,03,05,17,25,33,39,43,45,66,76,83,89;5;13;TEST;38;342;41;7.269504;19;5.555556;-1.713948;0.764228;18;47.368421
NEW_MODE;52;01,03,05,17,25,33,39,43,45,66,76,83,89;17;11;TEST;38;342;37;6.560284;22;6.432749;-0.127535;0.98056;17;44.736842
NEW_MODE;52;01,03,05,17,25,33,39,43,45,66,76,83,89;25;2;TEST;38;342;35;6.205674;17;4.97076;-1.234914;0.801003;13;34.210526
NEW_MODE;52;01,03,05,17,25,33,39,43,45,66,76,83,89;33;9;TEST;38;342;40;7.092199;26;7.602339;0.510141;1.07193;22;57.894737
NEW_MODE;52;01,03,05,17,25,33,39,43,45,66,76,83,89;39;10;TEST;38;342;36;6.382979;21;6.140351;-0.242628;0.961988;19;50.0
NEW_MODE;52;01,03,05,17,25,33,39,43,45,66,76,83,89;43;1;TEST;38;342;46;8.156028;26;7.602339;-0.553689;0.932113;21;55.263158
NEW_MODE;52;01,03,05,17,25,33,39,43,45,66,76,83,89;45;8;TEST;38;342;41;7.269504;19;5.555556;-1.713948;0.764228;17;44.736842
NEW_MODE;52;01,03,05,17,25,33,39,43,45,66,76,83,89;66;6;TEST;38;342;35;6.205674;22;6.432749;0.227075;1.036591;19;50.0
NEW_MODE;52;01,03,05,17,25,33,39,43,45,66,76,83,89;76;5;TEST;38;342;32;5.673759;23;6.725146;1.051387;1.185307;18;47.368421
NEW_MODE;52;01,03,05,17,25,33,39,43,45,66,76,83,89;83;7;TEST;38;342;47;8.333333;32;9.356725;1.023392;1.122807;24;63.157895
NEW_MODE;52;01,03,05,17,25,33,39,43,45,66,76,83,89;89;12;TEST;38;342;36;6.382979;22;6.432749;0.04977;1.007797;15;39.473684
NEW_MODE;53;16,21,23,24,41,55,56,62,73,81,82,84,88;16;12;DISCOVERY;91;819;117;6.923077;63;7.692308;0.769231;1.111111;46;50.549451
NEW_MODE;53;16,21,23,24,41,55,56,62,73,81,82,84,88;21;3;DISCOVERY;91;819;122;7.218935;71;8.669109;1.450174;1.200885;51;56.043956
NEW_MODE;53;16,21,23,24,41,55,56,62,73,81,82,84,88;23;4;DISCOVERY;91;819;98;5.798817;59;7.203907;1.405091;1.242306;43;47.252747
NEW_MODE;53;16,21,23,24,41,55,56,62,73,81,82,84,88;24;7;DISCOVERY;91;819;108;6.390533;62;7.570208;1.179675;1.184597;46;50.549451
NEW_MODE;53;16,21,23,24,41,55,56,62,73,81,82,84,88;41;9;DISCOVERY;91;819;119;7.04142;65;7.936508;0.895088;1.127118;50;54.945055
NEW_MODE;53;16,21,23,24,41,55,56,62,73,81,82,84,88;55;10;DISCOVERY;91;819;122;7.218935;66;8.058608;0.839673;1.116315;49;53.846154
NEW_MODE;53;16,21,23,24,41,55,56,62,73,81,82,84,88;56;5;DISCOVERY;91;819;123;7.278107;71;8.669109;1.391002;1.191121;53;58.241758
NEW_MODE;53;16,21,23,24,41,55,56,62,73,81,82,84,88;62;13;DISCOVERY;91;819;113;6.686391;61;7.448107;0.761717;1.11392;50;54.945055
NEW_MODE;53;16,21,23,24,41,55,56,62,73,81,82,84,88;73;2;DISCOVERY;91;819;93;5.502959;57;6.959707;1.456748;1.264721;49;53.846154
NEW_MODE;53;16,21,23,24,41,55,56,62,73,81,82,84,88;81;6;DISCOVERY;91;819;114;6.745562;66;8.058608;1.313046;1.194653;52;57.142857
NEW_MODE;53;16,21,23,24,41,55,56,62,73,81,82,84,88;82;8;DISCOVERY;91;819;125;7.39645;70;8.547009;1.150559;1.155556;50;54.945055
NEW_MODE;53;16,21,23,24,41,55,56,62,73,81,82,84,88;84;11;DISCOVERY;91;819;114;6.745562;62;7.570208;0.824645;1.12225;51;56.043956
NEW_MODE;53;16,21,23,24,41,55,56,62,73,81,82,84,88;88;1;DISCOVERY;91;819;104;6.153846;65;7.936508;1.782662;1.289683;51;56.043956
NEW_MODE;53;16,21,23,24,41,55,56,62,73,81,82,84,88;16;12;VALIDATION;35;315;31;5.496454;14;4.444444;-1.052009;0.808602;10;28.571429
NEW_MODE;53;16,21,23,24,41,55,56,62,73,81,82,84,88;21;3;VALIDATION;35;315;40;7.092199;19;6.031746;-1.060453;0.850476;14;40.0
NEW_MODE;53;16,21,23,24,41,55,56,62,73,81,82,84,88;23;4;VALIDATION;35;315;36;6.382979;20;6.349206;-0.033772;0.994709;15;42.857143
NEW_MODE;53;16,21,23,24,41,55,56,62,73,81,82,84,88;24;7;VALIDATION;35;315;34;6.028369;15;4.761905;-1.266464;0.789916;11;31.428571
NEW_MODE;53;16,21,23,24,41,55,56,62,73,81,82,84,88;41;9;VALIDATION;35;315;48;8.510638;35;11.111111;2.600473;1.305556;21;60.0
NEW_MODE;53;16,21,23,24,41,55,56,62,73,81,82,84,88;55;10;VALIDATION;35;315;41;7.269504;34;10.793651;3.524147;1.484785;24;68.571429
NEW_MODE;53;16,21,23,24,41,55,56,62,73,81,82,84,88;56;5;VALIDATION;35;315;39;6.914894;28;8.888889;1.973995;1.28547;20;57.142857
NEW_MODE;53;16,21,23,24,41,55,56,62,73,81,82,84,88;62;13;VALIDATION;35;315;40;7.092199;12;3.809524;-3.282675;0.537143;12;34.285714
NEW_MODE;53;16,21,23,24,41,55,56,62,73,81,82,84,88;73;2;VALIDATION;35;315;44;7.801418;24;7.619048;-0.182371;0.976623;17;48.571429
NEW_MODE;53;16,21,23,24,41,55,56,62,73,81,82,84,88;81;6;VALIDATION;35;315;42;7.446809;27;8.571429;1.12462;1.15102;21;60.0
NEW_MODE;53;16,21,23,24,41,55,56,62,73,81,82,84,88;82;8;VALIDATION;35;315;31;5.496454;18;5.714286;0.217832;1.039631;14;40.0
NEW_MODE;53;16,21,23,24,41,55,56,62,73,81,82,84,88;84;11;VALIDATION;35;315;32;5.673759;15;4.761905;-0.911854;0.839286;13;37.142857
NEW_MODE;53;16,21,23,24,41,55,56,62,73,81,82,84,88;88;1;VALIDATION;35;315;33;5.851064;19;6.031746;0.180682;1.03088;15;42.857143
NEW_MODE;53;16,21,23,24,41,55,56,62,73,81,82,84,88;16;12;TEST;35;315;37;6.560284;15;4.761905;-1.798379;0.725869;13;37.142857
NEW_MODE;53;16,21,23,24,41,55,56,62,73,81,82,84,88;21;3;TEST;35;315;36;6.382979;19;6.031746;-0.351233;0.944974;15;42.857143
NEW_MODE;53;16,21,23,24,41,55,56,62,73,81,82,84,88;23;4;TEST;35;315;44;7.801418;22;6.984127;-0.817291;0.895238;16;45.714286
NEW_MODE;53;16,21,23,24,41,55,56,62,73,81,82,84,88;24;7;TEST;35;315;32;5.673759;24;7.619048;1.945289;1.342857;18;51.428571
NEW_MODE;53;16,21,23,24,41,55,56,62,73,81,82,84,88;41;9;TEST;35;315;38;6.737589;18;5.714286;-1.023303;0.84812;14;40.0
NEW_MODE;53;16,21,23,24,41,55,56,62,73,81,82,84,88;55;10;TEST;35;315;39;6.914894;19;6.031746;-0.883148;0.872283;13;37.142857
NEW_MODE;53;16,21,23,24,41,55,56,62,73,81,82,84,88;56;5;TEST;35;315;36;6.382979;20;6.349206;-0.033772;0.994709;15;42.857143
NEW_MODE;53;16,21,23,24,41,55,56,62,73,81,82,84,88;62;13;TEST;35;315;38;6.737589;25;7.936508;1.198919;1.177945;19;54.285714
NEW_MODE;53;16,21,23,24,41,55,56,62,73,81,82,84,88;73;2;TEST;35;315;47;8.333333;24;7.619048;-0.714286;0.914286;19;54.285714
NEW_MODE;53;16,21,23,24,41,55,56,62,73,81,82,84,88;81;6;TEST;35;315;38;6.737589;26;8.253968;1.51638;1.225063;20;57.142857
NEW_MODE;53;16,21,23,24,41,55,56,62,73,81,82,84,88;82;8;TEST;35;315;36;6.382979;21;6.666667;0.283688;1.044444;20;57.142857
NEW_MODE;53;16,21,23,24,41,55,56,62,73,81,82,84,88;84;11;TEST;35;315;35;6.205674;22;6.984127;0.778453;1.125442;16;45.714286
NEW_MODE;53;16,21,23,24,41,55,56,62,73,81,82,84,88;88;1;TEST;35;315;41;7.269504;22;6.984127;-0.285377;0.960743;15;42.857143
NEW_MODE;54;05,10,19,22,25,39,47,49,67,68,69,75,85;5;13;DISCOVERY;129;1161;99;5.857988;76;6.546081;0.688093;1.117462;61;47.286822
NEW_MODE;54;05,10,19,22,25,39,47,49,67,68,69,75,85;10;1;DISCOVERY;129;1161;109;6.449704;94;8.096469;1.646764;1.255324;71;55.03876
NEW_MODE;54;05,10,19,22,25,39,47,49,67,68,69,75,85;19;12;DISCOVERY;129;1161;125;7.39645;94;8.096469;0.700019;1.094643;68;52.713178
NEW_MODE;54;05,10,19,22,25,39,47,49,67,68,69,75,85;22;11;DISCOVERY;129;1161;110;6.508876;84;7.235142;0.726266;1.111581;66;51.162791
NEW_MODE;54;05,10,19,22,25,39,47,49,67,68,69,75,85;25;4;DISCOVERY;129;1161;117;6.923077;95;8.182601;1.259524;1.181931;66;51.162791
NEW_MODE;54;05,10,19,22,25,39,47,49,67,68,69,75,85;39;8;DISCOVERY;129;1161;115;6.804734;90;7.751938;0.947204;1.139198;68;52.713178
NEW_MODE;54;05,10,19,22,25,39,47,49,67,68,69,75,85;47;6;DISCOVERY;129;1161;125;7.39645;100;8.613264;1.216815;1.164513;73;56.589147
NEW_MODE;54;05,10,19,22,25,39,47,49,67,68,69,75,85;49;7;DISCOVERY;129;1161;125;7.39645;99;8.527132;1.130682;1.152868;74;57.364341
NEW_MODE;54;05,10,19,22,25,39,47,49,67,68,69,75,85;67;10;DISCOVERY;129;1161;120;7.100592;91;7.838071;0.737479;1.103862;73;56.589147
NEW_MODE;54;05,10,19,22,25,39,47,49,67,68,69,75,85;68;3;DISCOVERY;129;1161;119;7.04142;97;8.354866;1.313446;1.186531;69;53.488372
NEW_MODE;54;05,10,19,22,25,39,47,49,67,68,69,75,85;69;2;DISCOVERY;129;1161;115;6.804734;95;8.182601;1.377867;1.202487;68;52.713178
NEW_MODE;54;05,10,19,22,25,39,47,49,67,68,69,75,85;75;9;DISCOVERY;129;1161;128;7.573964;97;8.354866;0.780902;1.103103;74;57.364341
NEW_MODE;54;05,10,19,22,25,39,47,49,67,68,69,75,85;85;5;DISCOVERY;129;1161;132;7.810651;105;9.043928;1.233277;1.157897;76;58.914729
NEW_MODE;54;05,10,19,22,25,39,47,49,67,68,69,75,85;5;13;VALIDATION;33;297;41;7.269504;23;7.744108;0.474604;1.065287;18;54.545455
NEW_MODE;54;05,10,19,22,25,39,47,49,67,68,69,75,85;10;1;VALIDATION;33;297;41;7.269504;27;9.090909;1.821406;1.250554;19;57.575758
NEW_MODE;54;05,10,19,22,25,39,47,49,67,68,69,75,85;19;12;VALIDATION;33;297;41;7.269504;24;8.080808;0.811305;1.111604;19;57.575758
NEW_MODE;54;05,10,19,22,25,39,47,49,67,68,69,75,85;22;11;VALIDATION;33;297;42;7.446809;21;7.070707;-0.376101;0.949495;17;51.515152
NEW_MODE;54;05,10,19,22,25,39,47,49,67,68,69,75,85;25;4;VALIDATION;33;297;46;8.156028;29;9.76431;1.608281;1.197189;21;63.636364
NEW_MODE;54;05,10,19,22,25,39,47,49,67,68,69,75,85;39;8;VALIDATION;33;297;47;8.333333;27;9.090909;0.757576;1.090909;16;48.484848
NEW_MODE;54;05,10,19,22,25,39,47,49,67,68,69,75,85;47;6;VALIDATION;33;297;38;6.737589;15;5.050505;-1.687084;0.749601;12;36.363636
NEW_MODE;54;05,10,19,22,25,39,47,49,67,68,69,75,85;49;7;VALIDATION;33;297;47;8.333333;18;6.060606;-2.272727;0.727273;16;48.484848
NEW_MODE;54;05,10,19,22,25,39,47,49,67,68,69,75,85;67;10;VALIDATION;33;297;36;6.382979;14;4.713805;-1.669174;0.738496;14;42.424242
NEW_MODE;54;05,10,19,22,25,39,47,49,67,68,69,75,85;68;3;VALIDATION;33;297;47;8.333333;29;9.76431;1.430976;1.171717;20;60.606061
NEW_MODE;54;05,10,19,22,25,39,47,49,67,68,69,75,85;69;2;VALIDATION;33;297;37;6.560284;23;7.744108;1.183824;1.180453;19;57.575758
NEW_MODE;54;05,10,19,22,25,39,47,49,67,68,69,75,85;75;9;VALIDATION;33;297;33;5.851064;16;5.387205;-0.463858;0.920722;13;39.393939
NEW_MODE;54;05,10,19,22,25,39,47,49,67,68,69,75,85;85;5;VALIDATION;33;297;28;4.964539;14;4.713805;-0.250734;0.949495;11;33.333333
NEW_MODE;54;05,10,19,22,25,39,47,49,67,68,69,75,85;5;13;TEST;37;333;41;7.269504;19;5.705706;-1.563798;0.784882;16;43.243243
NEW_MODE;54;05,10,19,22,25,39,47,49,67,68,69,75,85;10;1;TEST;37;333;40;7.092199;21;6.306306;-0.785892;0.889189;16;43.243243
NEW_MODE;54;05,10,19,22,25,39,47,49,67,68,69,75,85;19;12;TEST;37;333;38;6.737589;18;5.405405;-1.332183;0.802276;12;32.432432
NEW_MODE;54;05,10,19,22,25,39,47,49,67,68,69,75,85;22;11;TEST;37;333;34;6.028369;19;5.705706;-0.322663;0.946476;18;48.648649
NEW_MODE;54;05,10,19,22,25,39,47,49,67,68,69,75,85;25;4;TEST;37;333;35;6.205674;20;6.006006;-0.199668;0.967825;16;43.243243
NEW_MODE;54;05,10,19,22,25,39,47,49,67,68,69,75,85;39;8;TEST;37;333;36;6.382979;23;6.906907;0.523928;1.082082;17;45.945946
NEW_MODE;54;05,10,19,22,25,39,47,49,67,68,69,75,85;47;6;TEST;37;333;41;7.269504;20;6.006006;-1.263498;0.826192;18;48.648649
NEW_MODE;54;05,10,19,22,25,39,47,49,67,68,69,75,85;49;7;TEST;37;333;42;7.446809;22;6.606607;-0.840202;0.887173;20;54.054054
NEW_MODE;54;05,10,19,22,25,39,47,49,67,68,69,75,85;67;10;TEST;37;333;28;4.964539;12;3.603604;-1.360935;0.725869;10;27.027027
NEW_MODE;54;05,10,19,22,25,39,47,49,67,68,69,75,85;68;3;TEST;37;333;42;7.446809;23;6.906907;-0.539902;0.927499;21;56.756757
NEW_MODE;54;05,10,19,22,25,39,47,49,67,68,69,75,85;69;2;TEST;37;333;36;6.382979;16;4.804805;-1.578174;0.752753;13;35.135135
NEW_MODE;54;05,10,19,22,25,39,47,49,67,68,69,75,85;75;9;TEST;37;333;37;6.560284;23;6.906907;0.346623;1.052837;18;48.648649
NEW_MODE;54;05,10,19,22,25,39,47,49,67,68,69,75,85;85;5;TEST;37;333;53;9.397163;40;12.012012;2.614849;1.278259;28;75.675676
NEW_MODE;55;11,18,23,32,41,44,47,57,62,72,80,87,88;11;4;DISCOVERY;121;1089;120;7.100592;92;8.448118;1.347526;1.189777;66;54.545455
NEW_MODE;55;11,18,23,32,41,44,47,57,62,72,80,87,88;18;7;DISCOVERY;121;1089;97;5.739645;74;6.795225;1.05558;1.18391;51;42.14876
NEW_MODE;55;11,18,23,32,41,44,47,57,62,72,80,87,88;23;3;DISCOVERY;121;1089;98;5.798817;80;7.346189;1.547373;1.266843;62;51.239669
NEW_MODE;55;11,18,23,32,41,44,47,57,62,72,80,87,88;32;8;DISCOVERY;121;1089;131;7.751479;95;8.7236;0.97212;1.125411;65;53.719008
NEW_MODE;55;11,18,23,32,41,44,47,57,62,72,80,87,88;41;13;DISCOVERY;121;1089;119;7.04142;85;7.805326;0.763906;1.108487;67;55.371901
NEW_MODE;55;11,18,23,32,41,44,47,57,62,72,80,87,88;44;10;DISCOVERY;121;1089;101;5.976331;75;6.887052;0.910721;1.152388;53;43.801653
NEW_MODE;55;11,18,23,32,41,44,47,57,62,72,80,87,88;47;12;DISCOVERY;121;1089;125;7.39645;89;8.172635;0.776186;1.10494;63;52.066116
NEW_MODE;55;11,18,23,32,41,44,47,57,62,72,80,87,88;57;2;DISCOVERY;121;1089;116;6.863905;95;8.7236;1.859694;1.270938;72;59.504132
NEW_MODE;55;11,18,23,32,41,44,47,57,62,72,80,87,88;62;5;DISCOVERY;121;1089;113;6.686391;87;7.988981;1.30259;1.194812;67;55.371901
NEW_MODE;55;11,18,23,32,41,44,47,57,62,72,80,87,88;72;1;DISCOVERY;121;1089;109;6.449704;93;8.539945;2.090241;1.324083;65;53.719008
NEW_MODE;55;11,18,23,32,41,44,47,57,62,72,80,87,88;80;9;DISCOVERY;121;1089;110;6.508876;81;7.438017;0.929141;1.14275;59;48.760331
NEW_MODE;55;11,18,23,32,41,44,47,57,62,72,80,87,88;87;6;DISCOVERY;121;1089;112;6.627219;84;7.713499;1.08628;1.163912;62;51.239669
NEW_MODE;55;11,18,23,32,41,44,47,57,62,72,80,87,88;88;11;DISCOVERY;121;1089;104;6.153846;76;6.97888;0.825034;1.134068;57;47.107438
NEW_MODE;55;11,18,23,32,41,44,47,57,62,72,80,87,88;11;4;VALIDATION;41;369;27;4.787234;18;4.878049;0.090815;1.01897;15;36.585366
NEW_MODE;55;11,18,23,32,41,44,47,57,62,72,80,87,88;18;7;VALIDATION;41;369;32;5.673759;23;6.233062;0.559303;1.098577;16;39.02439
NEW_MODE;55;11,18,23,32,41,44,47,57,62,72,80,87,88;23;3;VALIDATION;41;369;36;6.382979;21;5.691057;-0.691922;0.891599;16;39.02439
NEW_MODE;55;11,18,23,32,41,44,47,57,62,72,80,87,88;32;8;VALIDATION;41;369;38;6.737589;27;7.317073;0.579485;1.086008;18;43.902439
NEW_MODE;55;11,18,23,32,41,44,47,57,62,72,80,87,88;41;13;VALIDATION;41;369;48;8.510638;32;8.672087;0.161448;1.01897;25;60.97561
NEW_MODE;55;11,18,23,32,41,44,47,57,62,72,80,87,88;44;10;VALIDATION;41;369;36;6.382979;20;5.420054;-0.962925;0.849142;16;39.02439
NEW_MODE;55;11,18,23,32,41,44,47,57,62,72,80,87,88;47;12;VALIDATION;41;369;38;6.737589;18;4.878049;-1.85954;0.724005;16;39.02439
NEW_MODE;55;11,18,23,32,41,44,47,57,62,72,80,87,88;57;2;VALIDATION;41;369;34;6.028369;23;6.233062;0.204694;1.033955;17;41.463415
NEW_MODE;55;11,18,23,32,41,44,47,57,62,72,80,87,88;62;5;VALIDATION;41;369;40;7.092199;19;5.149051;-1.943147;0.726016;17;41.463415
NEW_MODE;55;11,18,23,32,41,44,47,57,62,72,80,87,88;72;1;VALIDATION;41;369;39;6.914894;16;4.336043;-2.57885;0.627059;13;31.707317
NEW_MODE;55;11,18,23,32,41,44,47,57,62,72,80,87,88;80;9;VALIDATION;41;369;42;7.446809;27;7.317073;-0.129735;0.982578;17;41.463415
NEW_MODE;55;11,18,23,32,41,44,47,57,62,72,80,87,88;87;6;VALIDATION;41;369;40;7.092199;24;6.504065;-0.588134;0.917073;17;41.463415
NEW_MODE;55;11,18,23,32,41,44,47,57,62,72,80,87,88;88;11;VALIDATION;41;369;33;5.851064;19;5.149051;-0.702012;0.88002;14;34.146341
NEW_MODE;55;11,18,23,32,41,44,47,57,62,72,80,87,88;11;4;TEST;39;351;42;7.446809;18;5.128205;-2.318603;0.688645;15;38.461538
NEW_MODE;55;11,18,23,32,41,44,47,57,62,72,80,87,88;18;7;TEST;39;351;42;7.446809;29;8.262108;0.8153;1.109483;21;53.846154
NEW_MODE;55;11,18,23,32,41,44,47,57,62,72,80,87,88;23;3;TEST;39;351;44;7.801418;22;6.267806;-1.533612;0.803419;17;43.589744
NEW_MODE;55;11,18,23,32,41,44,47,57,62,72,80,87,88;32;8;TEST;39;351;29;5.141844;16;4.558405;-0.583439;0.886531;13;33.333333
NEW_MODE;55;11,18,23,32,41,44,47,57,62,72,80,87,88;41;13;TEST;39;351;38;6.737589;16;4.558405;-2.179184;0.676563;13;33.333333
NEW_MODE;55;11,18,23,32,41,44,47,57,62,72,80,87,88;44;10;TEST;39;351;35;6.205674;22;6.267806;0.062133;1.010012;16;41.025641
NEW_MODE;55;11,18,23,32,41,44,47,57,62,72,80,87,88;47;12;TEST;39;351;41;7.269504;21;5.982906;-1.286598;0.823014;17;43.589744
NEW_MODE;55;11,18,23,32,41,44,47,57,62,72,80,87,88;57;2;TEST;39;351;34;6.028369;17;4.843305;-1.185064;0.803419;12;30.769231
NEW_MODE;55;11,18,23,32,41,44,47,57,62,72,80,87,88;62;5;TEST;39;351;38;6.737589;21;5.982906;-0.754683;0.887989;17;43.589744
NEW_MODE;55;11,18,23,32,41,44,47,57,62,72,80,87,88;72;1;TEST;39;351;40;7.092199;28;7.977208;0.885009;1.124786;20;51.282051
NEW_MODE;55;11,18,23,32,41,44,47,57,62,72,80,87,88;80;9;TEST;39;351;46;8.156028;29;8.262108;0.10608;1.013006;25;64.102564
NEW_MODE;55;11,18,23,32,41,44,47,57,62,72,80,87,88;87;6;TEST;39;351;33;5.851064;20;5.698006;-0.153058;0.973841;13;33.333333
NEW_MODE;55;11,18,23,32,41,44,47,57,62,72,80,87,88;88;11;TEST;39;351;41;7.269504;23;6.552707;-0.716797;0.901397;18;46.153846
NEW_MODE;56;07,27,28,31,36,38,44,45,73,74,77,81,86;7;3;DISCOVERY;123;1107;96;5.680473;76;6.865402;1.184929;1.208597;63;51.219512
NEW_MODE;56;07,27,28,31,36,38,44,45,73,74,77,81,86;27;5;DISCOVERY;123;1107;99;5.857988;77;6.955736;1.097748;1.187393;55;44.715447
NEW_MODE;56;07,27,28,31,36,38,44,45,73,74,77,81,86;28;1;DISCOVERY;123;1107;103;6.094675;85;7.67841;1.583736;1.259856;66;53.658537
NEW_MODE;56;07,27,28,31,36,38,44,45,73,74,77,81,86;31;12;DISCOVERY;123;1107;108;6.390533;79;7.136405;0.745872;1.116715;59;47.96748
NEW_MODE;56;07,27,28,31,36,38,44,45,73,74,77,81,86;36;11;DISCOVERY;123;1107;98;5.798817;73;6.594399;0.795583;1.137197;56;45.528455
NEW_MODE;56;07,27,28,31,36,38,44,45,73,74,77,81,86;38;6;DISCOVERY;123;1107;120;7.100592;90;8.130081;1.02949;1.144986;72;58.536585
NEW_MODE;56;07,27,28,31,36,38,44,45,73,74,77,81,86;44;7;DISCOVERY;123;1107;101;5.976331;76;6.865402;0.889071;1.148765;56;45.528455
NEW_MODE;56;07,27,28,31,36,38,44,45,73,74,77,81,86;45;13;DISCOVERY;123;1107;133;7.869822;95;8.581752;0.71193;1.090463;75;60.97561
NEW_MODE;56;07,27,28,31,36,38,44,45,73,74,77,81,86;73;9;DISCOVERY;123;1107;93;5.502959;70;6.323397;0.820438;1.14909;55;44.715447
NEW_MODE;56;07,27,28,31,36,38,44,45,73,74,77,81,86;74;8;DISCOVERY;123;1107;122;7.218935;89;8.039747;0.820812;1.113703;61;49.593496
NEW_MODE;56;07,27,28,31,36,38,44,45,73,74,77,81,86;77;10;DISCOVERY;123;1107;127;7.514793;92;8.31075;0.795957;1.105919;71;57.723577
NEW_MODE;56;07,27,28,31,36,38,44,45,73,74,77,81,86;81;4;DISCOVERY;123;1107;114;6.745562;87;7.859079;1.113516;1.165074;64;52.03252
NEW_MODE;56;07,27,28,31,36,38,44,45,73,74,77,81,86;86;2;DISCOVERY;123;1107;125;7.39645;96;8.672087;1.275637;1.172466;69;56.097561
NEW_MODE;56;07,27,28,31,36,38,44,45,73,74,77,81,86;7;3;VALIDATION;38;342;40;7.092199;24;7.017544;-0.074655;0.989474;19;50.0
NEW_MODE;56;07,27,28,31,36,38,44,45,73,74,77,81,86;27;5;VALIDATION;38;342;37;6.560284;18;5.263158;-1.297126;0.802276;15;39.473684
NEW_MODE;56;07,27,28,31,36,38,44,45,73,74,77,81,86;28;1;VALIDATION;38;342;42;7.446809;31;9.064327;1.617519;1.21721;21;55.263158
NEW_MODE;56;07,27,28,31,36,38,44,45,73,74,77,81,86;31;12;VALIDATION;38;342;35;6.205674;20;5.847953;-0.357721;0.942356;18;47.368421
NEW_MODE;56;07,27,28,31,36,38,44,45,73,74,77,81,86;36;11;VALIDATION;38;342;26;4.609929;16;4.678363;0.068433;1.014845;14;36.842105
NEW_MODE;56;07,27,28,31,36,38,44,45,73,74,77,81,86;38;6;VALIDATION;38;342;47;8.333333;32;9.356725;1.023392;1.122807;24;63.157895
NEW_MODE;56;07,27,28,31,36,38,44,45,73,74,77,81,86;44;7;VALIDATION;38;342;36;6.382979;24;7.017544;0.634565;1.099415;17;44.736842
NEW_MODE;56;07,27,28,31,36,38,44,45,73,74,77,81,86;45;13;VALIDATION;38;342;40;7.092199;25;7.309942;0.217743;1.030702;18;47.368421
NEW_MODE;56;07,27,28,31,36,38,44,45,73,74,77,81,86;73;9;VALIDATION;38;342;44;7.801418;27;7.894737;0.093318;1.011962;22;57.894737
NEW_MODE;56;07,27,28,31,36,38,44,45,73,74,77,81,86;74;8;VALIDATION;38;342;34;6.028369;28;8.187135;2.158766;1.358101;22;57.894737
NEW_MODE;56;07,27,28,31,36,38,44,45,73,74,77,81,86;77;10;VALIDATION;38;342;40;7.092199;21;6.140351;-0.951848;0.865789;16;42.105263
NEW_MODE;56;07,27,28,31,36,38,44,45,73,74,77,81,86;81;4;VALIDATION;38;342;42;7.446809;21;6.140351;-1.306458;0.824561;17;44.736842
NEW_MODE;56;07,27,28,31,36,38,44,45,73,74,77,81,86;86;2;VALIDATION;38;342;45;7.978723;26;7.602339;-0.376384;0.952827;22;57.894737
NEW_MODE;56;07,27,28,31,36,38,44,45,73,74,77,81,86;7;3;TEST;35;315;39;6.914894;24;7.619048;0.704154;1.101832;17;48.571429
NEW_MODE;56;07,27,28,31,36,38,44,45,73,74,77,81,86;27;5;TEST;35;315;37;6.560284;17;5.396825;-1.163458;0.822651;14;40.0
NEW_MODE;56;07,27,28,31,36,38,44,45,73,74,77,81,86;28;1;TEST;35;315;44;7.801418;20;6.349206;-1.452212;0.813853;18;51.428571
NEW_MODE;56;07,27,28,31,36,38,44,45,73,74,77,81,86;31;12;TEST;35;315;41;7.269504;24;7.619048;0.349544;1.048084;21;60.0
NEW_MODE;56;07,27,28,31,36,38,44,45,73,74,77,81,86;36;11;TEST;35;315;34;6.028369;18;5.714286;-0.314083;0.947899;14;40.0
NEW_MODE;56;07,27,28,31,36,38,44,45,73,74,77,81,86;38;6;TEST;35;315;30;5.319149;20;6.349206;1.030057;1.193651;14;40.0
NEW_MODE;56;07,27,28,31,36,38,44,45,73,74,77,81,86;44;7;TEST;35;315;35;6.205674;23;7.301587;1.095914;1.176599;19;54.285714
NEW_MODE;56;07,27,28,31,36,38,44,45,73,74,77,81,86;45;13;TEST;35;315;41;7.269504;21;6.666667;-0.602837;0.917073;18;51.428571
NEW_MODE;56;07,27,28,31,36,38,44,45,73,74,77,81,86;73;9;TEST;35;315;47;8.333333;32;10.15873;1.825397;1.219048;20;57.142857
NEW_MODE;56;07,27,28,31,36,38,44,45,73,74,77,81,86;74;8;TEST;35;315;37;6.560284;22;6.984127;0.423843;1.064607;16;45.714286
NEW_MODE;56;07,27,28,31,36,38,44,45,73,74,77,81,86;77;10;TEST;35;315;30;5.319149;10;3.174603;-2.144546;0.596825;9;25.714286
NEW_MODE;56;07,27,28,31,36,38,44,45,73,74,77,81,86;81;4;TEST;35;315;38;6.737589;19;6.031746;-0.705843;0.895238;18;51.428571
NEW_MODE;56;07,27,28,31,36,38,44,45,73,74,77,81,86;86;2;TEST;35;315;35;6.205674;25;7.936508;1.730834;1.278912;21;60.0
NEW_MODE;57;02,16,19,20,35,36,42,65,66,74,75,79,83;2;8;DISCOVERY;116;1044;100;5.91716;73;6.992337;1.075177;1.181705;55;47.413793
NEW_MODE;57;02,16,19,20,35,36,42,65,66,74,75,79,83;16;9;DISCOVERY;116;1044;117;6.923077;83;7.950192;1.027115;1.148361;57;49.137931
NEW_MODE;57;02,16,19,20,35,36,42,65,66,74,75,79,83;19;2;DISCOVERY;116;1044;125;7.39645;96;9.195402;1.798953;1.243218;69;59.482759
NEW_MODE;57;02,16,19,20,35,36,42,65,66,74,75,79,83;20;12;DISCOVERY;116;1044;112;6.627219;77;7.375479;0.74826;1.112907;58;50.0
NEW_MODE;57;02,16,19,20,35,36,42,65,66,74,75,79,83;35;3;DISCOVERY;116;1044;111;6.568047;83;7.950192;1.382144;1.210435;62;53.448276
NEW_MODE;57;02,16,19,20,35,36,42,65,66,74,75,79,83;36;7;DISCOVERY;116;1044;98;5.798817;72;6.896552;1.097735;1.189303;54;46.551724
NEW_MODE;57;02,16,19,20,35,36,42,65,66,74,75,79,83;42;6;DISCOVERY;116;1044;104;6.153846;77;7.375479;1.221633;1.198515;59;50.862069
NEW_MODE;57;02,16,19,20,35,36,42,65,66,74,75,79,83;65;13;DISCOVERY;116;1044;122;7.218935;83;7.950192;0.731257;1.101297;62;53.448276
NEW_MODE;57;02,16,19,20,35,36,42,65,66,74,75,79,83;66;4;DISCOVERY;116;1044;116;6.863905;86;8.237548;1.373643;1.200126;66;56.896552
NEW_MODE;57;02,16,19,20,35,36,42,65,66,74,75,79,83;74;1;DISCOVERY;116;1044;122;7.218935;95;9.099617;1.880682;1.260521;67;57.758621
NEW_MODE;57;02,16,19,20,35,36,42,65,66,74,75,79,83;75;11;DISCOVERY;116;1044;128;7.573964;87;8.333333;0.759369;1.10026;63;54.310345
NEW_MODE;57;02,16,19,20,35,36,42,65,66,74,75,79,83;79;5;DISCOVERY;116;1044;130;7.692308;94;9.003831;1.311524;1.170498;71;61.206897
NEW_MODE;57;02,16,19,20,35,36,42,65,66,74,75,79,83;83;10;DISCOVERY;116;1044;127;7.514793;88;8.429119;0.914326;1.12167;66;56.896552
NEW_MODE;57;02,16,19,20,35,36,42,65,66,74,75,79,83;2;8;VALIDATION;34;306;25;4.432624;13;4.248366;-0.184258;0.958431;13;38.235294
NEW_MODE;57;02,16,19,20,35,36,42,65,66,74,75,79,83;16;9;VALIDATION;34;306;31;5.496454;19;6.20915;0.712696;1.129665;16;47.058824
NEW_MODE;57;02,16,19,20,35,36,42,65,66,74,75,79,83;19;2;VALIDATION;34;306;41;7.269504;21;6.862745;-0.406758;0.944046;16;47.058824
NEW_MODE;57;02,16,19,20,35,36,42,65,66,74,75,79,83;20;12;VALIDATION;34;306;37;6.560284;25;8.169935;1.609651;1.245363;19;55.882353
NEW_MODE;57;02,16,19,20,35,36,42,65,66,74,75,79,83;35;3;VALIDATION;34;306;40;7.092199;18;5.882353;-1.209846;0.829412;11;32.352941
NEW_MODE;57;02,16,19,20,35,36,42,65,66,74,75,79,83;36;7;VALIDATION;34;306;26;4.609929;12;3.921569;-0.68836;0.850679;10;29.411765
NEW_MODE;57;02,16,19,20,35,36,42,65,66,74,75,79,83;42;6;VALIDATION;34;306;45;7.978723;29;9.477124;1.498401;1.1878;23;67.647059
NEW_MODE;57;02,16,19,20,35,36,42,65,66,74,75,79,83;65;13;VALIDATION;34;306;43;7.624113;24;7.843137;0.219024;1.028728;20;58.823529
NEW_MODE;57;02,16,19,20,35,36,42,65,66,74,75,79,83;66;4;VALIDATION;34;306;44;7.801418;19;6.20915;-1.592268;0.7959;17;50.0
NEW_MODE;57;02,16,19,20,35,36,42,65,66,74,75,79,83;74;1;VALIDATION;34;306;34;6.028369;15;4.901961;-1.126408;0.813149;11;32.352941
NEW_MODE;57;02,16,19,20,35,36,42,65,66,74,75,79,83;75;11;VALIDATION;34;306;33;5.851064;15;4.901961;-0.949103;0.83779;12;35.294118
NEW_MODE;57;02,16,19,20,35,36,42,65,66,74,75,79,83;79;5;VALIDATION;34;306;35;6.205674;21;6.862745;0.657071;1.105882;19;55.882353
NEW_MODE;57;02,16,19,20,35,36,42,65,66,74,75,79,83;83;10;VALIDATION;34;306;34;6.028369;18;5.882353;-0.146016;0.975779;17;50.0
NEW_MODE;57;02,16,19,20,35,36,42,65,66,74,75,79,83;2;8;TEST;34;306;44;7.801418;16;5.228758;-2.57266;0.670232;15;44.117647
NEW_MODE;57;02,16,19,20,35,36,42,65,66,74,75,79,83;16;9;TEST;34;306;37;6.560284;21;6.862745;0.302461;1.046105;16;47.058824
NEW_MODE;57;02,16,19,20,35,36,42,65,66,74,75,79,83;19;2;TEST;34;306;38;6.737589;14;4.575163;-2.162425;0.679051;12;35.294118
NEW_MODE;57;02,16,19,20,35,36,42,65,66,74,75,79,83;20;12;TEST;34;306;42;7.446809;21;6.862745;-0.584063;0.921569;15;44.117647
NEW_MODE;57;02,16,19,20,35,36,42,65,66,74,75,79,83;35;3;TEST;34;306;32;5.673759;15;4.901961;-0.771798;0.863971;15;44.117647
NEW_MODE;57;02,16,19,20,35,36,42,65,66,74,75,79,83;36;7;TEST;34;306;34;6.028369;19;6.20915;0.180782;1.029988;16;47.058824
NEW_MODE;57;02,16,19,20,35,36,42,65,66,74,75,79,83;42;6;TEST;34;306;45;7.978723;31;10.130719;2.151996;1.269717;25;73.529412
NEW_MODE;57;02,16,19,20,35,36,42,65,66,74,75,79,83;65;13;TEST;34;306;29;5.141844;7;2.287582;-2.854262;0.444895;6;17.647059
NEW_MODE;57;02,16,19,20,35,36,42,65,66,74,75,79,83;66;4;TEST;34;306;35;6.205674;16;5.228758;-0.976916;0.842577;16;47.058824
NEW_MODE;57;02,16,19,20,35,36,42,65,66,74,75,79,83;74;1;TEST;34;306;37;6.560284;18;5.882353;-0.677931;0.896661;13;38.235294
NEW_MODE;57;02,16,19,20,35,36,42,65,66,74,75,79,83;75;11;TEST;34;306;37;6.560284;21;6.862745;0.302461;1.046105;17;50.0
NEW_MODE;57;02,16,19,20,35,36,42,65,66,74,75,79,83;79;5;TEST;34;306;46;8.156028;30;9.803922;1.647893;1.202046;17;50.0
NEW_MODE;57;02,16,19,20,35,36,42,65,66,74,75,79,83;83;10;TEST;34;306;47;8.333333;28;9.150327;0.816993;1.098039;20;58.823529
NEW_MODE;58;02,07,19,25,33,44,45,74,76,80,83,87,90;2;2;DISCOVERY;110;990;100;5.91716;72;7.272727;1.355568;1.229091;56;50.909091
NEW_MODE;58;02,07,19,25,33,44,45,74,76,80,83,87,90;7;13;DISCOVERY;110;990;96;5.680473;63;6.363636;0.683163;1.120265;53;48.181818
NEW_MODE;58;02,07,19,25,33,44,45,74,76,80,83,87,90;19;12;DISCOVERY;110;990;125;7.39645;80;8.080808;0.684358;1.092525;66;60.0
NEW_MODE;58;02,07,19,25,33,44,45,74,76,80,83,87,90;25;1;DISCOVERY;110;990;117;6.923077;83;8.383838;1.460761;1.210999;68;61.818182
NEW_MODE;58;02,07,19,25,33,44,45,74,76,80,83,87,90;33;8;DISCOVERY;110;990;115;6.804734;75;7.575758;0.771024;1.113307;54;49.090909
NEW_MODE;58;02,07,19,25,33,44,45,74,76,80,83,87,90;44;11;DISCOVERY;110;990;101;5.976331;66;6.666667;0.690335;1.115512;52;47.272727
NEW_MODE;58;02,07,19,25,33,44,45,74,76,80,83,87,90;45;6;DISCOVERY;110;990;133;7.869822;88;8.888889;1.019066;1.12949;66;60.0
NEW_MODE;58;02,07,19,25,33,44,45,74,76,80,83,87,90;74;3;DISCOVERY;110;990;122;7.218935;84;8.484848;1.265914;1.17536;60;54.545455
NEW_MODE;58;02,07,19,25,33,44,45,74,76,80,83,87,90;76;9;DISCOVERY;110;990;105;6.213018;69;6.969697;0.756679;1.121789;51;46.363636
NEW_MODE;58;02,07,19,25,33,44,45,74,76,80,83,87,90;80;4;DISCOVERY;110;990;110;6.508876;75;7.575758;1.066882;1.163912;49;44.545455
NEW_MODE;58;02,07,19,25,33,44,45,74,76,80,83,87,90;83;7;DISCOVERY;110;990;127;7.514793;83;8.383838;0.869045;1.115645;63;57.272727
NEW_MODE;58;02,07,19,25,33,44,45,74,76,80,83,87,90;87;10;DISCOVERY;110;990;112;6.627219;73;7.373737;0.746518;1.112644;56;50.909091
NEW_MODE;58;02,07,19,25,33,44,45,74,76,80,83,87,90;90;5;DISCOVERY;110;990;129;7.633136;86;8.686869;1.053733;1.138047;59;53.636364
NEW_MODE;58;02,07,19,25,33,44,45,74,76,80,83,87,90;2;2;VALIDATION;42;378;25;4.432624;11;2.910053;-1.522571;0.656508;11;26.190476
NEW_MODE;58;02,07,19,25,33,44,45,74,76,80,83,87,90;7;13;VALIDATION;42;378;40;7.092199;28;7.407407;0.315209;1.044444;21;50.0
NEW_MODE;58;02,07,19,25,33,44,45,74,76,80,83,87,90;19;12;VALIDATION;42;378;41;7.269504;29;7.671958;0.402454;1.055362;19;45.238095
NEW_MODE;58;02,07,19,25,33,44,45,74,76,80,83,87,90;25;1;VALIDATION;42;378;46;8.156028;27;7.142857;-1.013171;0.875776;18;42.857143
NEW_MODE;58;02,07,19,25,33,44,45,74,76,80,83,87,90;33;8;VALIDATION;42;378;32;5.673759;22;5.820106;0.146347;1.025794;17;40.47619
NEW_MODE;58;02,07,19,25,33,44,45,74,76,80,83,87,90;44;11;VALIDATION;42;378;36;6.382979;22;5.820106;-0.562873;0.911817;16;38.095238
NEW_MODE;58;02,07,19,25,33,44,45,74,76,80,83,87,90;45;6;VALIDATION;42;378;40;7.092199;32;8.465608;1.37341;1.193651;25;59.52381
NEW_MODE;58;02,07,19,25,33,44,45,74,76,80,83,87,90;74;3;VALIDATION;42;378;34;6.028369;24;6.349206;0.320838;1.053221;18;42.857143
NEW_MODE;58;02,07,19,25,33,44,45,74,76,80,83,87,90;76;9;VALIDATION;42;378;42;7.446809;27;7.142857;-0.303951;0.959184;20;47.619048
NEW_MODE;58;02,07,19,25,33,44,45,74,76,80,83,87,90;80;4;VALIDATION;42;378;42;7.446809;26;6.878307;-0.568502;0.923658;19;45.238095
NEW_MODE;58;02,07,19,25,33,44,45,74,76,80,83,87,90;83;7;VALIDATION;42;378;34;6.028369;27;7.142857;1.114488;1.184874;25;59.52381
NEW_MODE;58;02,07,19,25,33,44,45,74,76,80,83,87,90;87;10;VALIDATION;42;378;40;7.092199;30;7.936508;0.844309;1.119048;23;54.761905
NEW_MODE;58;02,07,19,25,33,44,45,74,76,80,83,87,90;90;5;VALIDATION;42;378;29;5.141844;18;4.761905;-0.379939;0.926108;16;38.095238
NEW_MODE;58;02,07,19,25,33,44,45,74,76,80,83,87,90;2;2;TEST;41;369;44;7.801418;27;7.317073;-0.484345;0.937916;23;56.097561
NEW_MODE;58;02,07,19,25,33,44,45,74,76,80,83,87,90;7;13;TEST;41;369;39;6.914894;27;7.317073;0.40218;1.058161;21;51.219512
NEW_MODE;58;02,07,19,25,33,44,45,74,76,80,83,87,90;19;12;TEST;41;369;38;6.737589;29;7.859079;1.12149;1.166453;23;56.097561
NEW_MODE;58;02,07,19,25,33,44,45,74,76,80,83,87,90;25;1;TEST;41;369;35;6.205674;31;8.401084;2.19541;1.353775;23;56.097561
NEW_MODE;58;02,07,19,25,33,44,45,74,76,80,83,87,90;33;8;TEST;41;369;40;7.092199;26;7.04607;-0.046128;0.993496;19;46.341463
NEW_MODE;58;02,07,19,25,33,44,45,74,76,80,83,87,90;44;11;TEST;41;369;35;6.205674;20;5.420054;-0.78562;0.873403;17;41.463415
NEW_MODE;58;02,07,19,25,33,44,45,74,76,80,83,87,90;45;6;TEST;41;369;41;7.269504;31;8.401084;1.13158;1.155661;22;53.658537
NEW_MODE;58;02,07,19,25,33,44,45,74,76,80,83,87,90;74;3;TEST;41;369;37;6.560284;27;7.317073;0.756789;1.115359;21;51.219512
NEW_MODE;58;02,07,19,25,33,44,45,74,76,80,83,87,90;76;9;TEST;41;369;32;5.673759;13;3.523035;-2.150724;0.620935;13;31.707317
NEW_MODE;58;02,07,19,25,33,44,45,74,76,80,83,87,90;80;4;TEST;41;369;46;8.156028;27;7.317073;-0.838955;0.897137;22;53.658537
NEW_MODE;58;02,07,19,25,33,44,45,74,76,80,83,87,90;83;7;TEST;41;369;47;8.333333;26;7.04607;-1.287263;0.845528;21;51.219512
NEW_MODE;58;02,07,19,25,33,44,45,74,76,80,83,87,90;87;10;TEST;41;369;33;5.851064;21;5.691057;-0.160007;0.972653;19;46.341463
NEW_MODE;58;02,07,19,25,33,44,45,74,76,80,83,87,90;90;5;TEST;41;369;35;6.205674;23;6.233062;0.027389;1.004413;21;51.219512
NEW_MODE;59;11,12,15,28,38,43,56,61,62,67,79,82,84;11;13;DISCOVERY;106;954;120;7.100592;77;8.071279;0.970687;1.136705;53;50.0
NEW_MODE;59;11,12,15,28,38,43,56,61,62,67,79,82,84;12;9;DISCOVERY;106;954;115;6.804734;76;7.966457;1.161723;1.170723;61;57.54717
NEW_MODE;59;11,12,15,28,38,43,56,61,62,67,79,82,84;15;12;DISCOVERY;106;954;118;6.982249;76;7.966457;0.984209;1.140959;56;52.830189
NEW_MODE;59;11,12,15,28,38,43,56,61,62,67,79,82,84;28;5;DISCOVERY;106;954;103;6.094675;71;7.442348;1.347673;1.221123;53;50.0
NEW_MODE;59;11,12,15,28,38,43,56,61,62,67,79,82,84;38;10;DISCOVERY;106;954;120;7.100592;78;8.176101;1.075509;1.151468;59;55.660377
NEW_MODE;59;11,12,15,28,38,43,56,61,62,67,79,82,84;43;1;DISCOVERY;106;954;110;6.508876;82;8.595388;2.086512;1.320564;63;59.433962
NEW_MODE;59;11,12,15,28,38,43,56,61,62,67,79,82,84;56;3;DISCOVERY;106;954;123;7.278107;83;8.70021;1.422103;1.195395;56;52.830189
NEW_MODE;59;11,12,15,28,38,43,56,61,62,67,79,82,84;61;7;DISCOVERY;106;954;105;6.213018;71;7.442348;1.22933;1.197864;54;50.943396
NEW_MODE;59;11,12,15,28,38,43,56,61,62,67,79,82,84;62;4;DISCOVERY;106;954;113;6.686391;77;8.071279;1.384888;1.20712;59;55.660377
NEW_MODE;59;11,12,15,28,38,43,56,61,62,67,79,82,84;67;11;DISCOVERY;106;954;120;7.100592;78;8.176101;1.075509;1.151468;65;61.320755
NEW_MODE;59;11,12,15,28,38,43,56,61,62,67,79,82,84;79;6;DISCOVERY;106;954;130;7.692308;86;9.014675;1.322367;1.171908;65;61.320755
NEW_MODE;59;11,12,15,28,38,43,56,61,62,67,79,82,84;82;2;DISCOVERY;106;954;125;7.39645;88;9.224319;1.827869;1.247128;62;58.490566
NEW_MODE;59;11,12,15,28,38,43,56,61,62,67,79,82,84;84;8;DISCOVERY;106;954;114;6.745562;76;7.966457;1.220895;1.180992;63;59.433962
NEW_MODE;59;11,12,15,28,38,43,56,61,62,67,79,82,84;11;13;VALIDATION;37;333;27;4.787234;24;7.207207;2.419973;1.505506;18;48.648649
NEW_MODE;59;11,12,15,28,38,43,56,61,62,67,79,82,84;12;9;VALIDATION;37;333;28;4.964539;20;6.006006;1.041467;1.209781;16;43.243243
NEW_MODE;59;11,12,15,28,38,43,56,61,62,67,79,82,84;15;12;VALIDATION;37;333;44;7.801418;39;11.711712;3.910293;1.501229;27;72.972973
NEW_MODE;59;11,12,15,28,38,43,56,61,62,67,79,82,84;28;5;VALIDATION;37;333;42;7.446809;24;7.207207;-0.239601;0.967825;19;51.351351
NEW_MODE;59;11,12,15,28,38,43,56,61,62,67,79,82,84;38;10;VALIDATION;37;333;47;8.333333;27;8.108108;-0.225225;0.972973;22;59.459459
NEW_MODE;59;11,12,15,28,38,43,56,61,62,67,79,82,84;43;1;VALIDATION;37;333;39;6.914894;23;6.906907;-0.007987;0.998845;19;51.351351
NEW_MODE;59;11,12,15,28,38,43,56,61,62,67,79,82,84;56;3;VALIDATION;37;333;39;6.914894;20;6.006006;-0.908888;0.868561;17;45.945946
NEW_MODE;59;11,12,15,28,38,43,56,61,62,67,79,82,84;61;7;VALIDATION;37;333;35;6.205674;21;6.306306;0.100633;1.016216;16;43.243243
NEW_MODE;59;11,12,15,28,38,43,56,61,62,67,79,82,84;62;4;VALIDATION;37;333;40;7.092199;23;6.906907;-0.185292;0.973874;18;48.648649
NEW_MODE;59;11,12,15,28,38,43,56,61,62,67,79,82,84;67;11;VALIDATION;37;333;36;6.382979;22;6.606607;0.223628;1.035035;18;48.648649
NEW_MODE;59;11,12,15,28,38,43,56,61,62,67,79,82,84;79;6;VALIDATION;37;333;35;6.205674;24;7.207207;1.001533;1.16139;20;54.054054
NEW_MODE;59;11,12,15,28,38,43,56,61,62,67,79,82,84;82;2;VALIDATION;37;333;31;5.496454;16;4.804805;-0.691649;0.874164;14;37.837838
NEW_MODE;59;11,12,15,28,38,43,56,61,62,67,79,82,84;84;8;VALIDATION;37;333;32;5.673759;23;6.906907;1.233148;1.217342;19;51.351351
NEW_MODE;59;11,12,15,28,38,43,56,61,62,67,79,82,84;11;13;TEST;40;360;42;7.446809;22;6.111111;-1.335697;0.820635;14;35.0
NEW_MODE;59;11,12,15,28,38,43,56,61,62,67,79,82,84;12;9;TEST;40;360;25;4.432624;20;5.555556;1.122931;1.253333;16;40.0
NEW_MODE;59;11,12,15,28,38,43,56,61,62,67,79,82,84;15;12;TEST;40;360;29;5.141844;19;5.277778;0.135934;1.026437;17;42.5
NEW_MODE;59;11,12,15,28,38,43,56,61,62,67,79,82,84;28;5;TEST;40;360;44;7.801418;39;10.833333;3.031915;1.388636;30;75.0
NEW_MODE;59;11,12,15,28,38,43,56,61,62,67,79,82,84;38;10;TEST;40;360;30;5.319149;23;6.388889;1.06974;1.201111;18;45.0
NEW_MODE;59;11,12,15,28,38,43,56,61,62,67,79,82,84;43;1;TEST;40;360;46;8.156028;21;5.833333;-2.322695;0.715217;17;42.5
NEW_MODE;59;11,12,15,28,38,43,56,61,62,67,79,82,84;56;3;TEST;40;360;36;6.382979;25;6.944444;0.561466;1.087963;19;47.5
NEW_MODE;59;11,12,15,28,38,43,56,61,62,67,79,82,84;61;7;TEST;40;360;37;6.560284;19;5.277778;-1.282506;0.804505;16;40.0
NEW_MODE;59;11,12,15,28,38,43,56,61,62,67,79,82,84;62;4;TEST;40;360;38;6.737589;19;5.277778;-1.459811;0.783333;15;37.5
NEW_MODE;59;11,12,15,28,38,43,56,61,62,67,79,82,84;67;11;TEST;40;360;28;4.964539;18;5.0;0.035461;1.007143;13;32.5
NEW_MODE;59;11,12,15,28,38,43,56,61,62,67,79,82,84;79;6;TEST;40;360;46;8.156028;35;9.722222;1.566194;1.192029;22;55.0
NEW_MODE;59;11,12,15,28,38,43,56,61,62,67,79,82,84;82;2;TEST;40;360;36;6.382979;29;8.055556;1.672577;1.262037;22;55.0
NEW_MODE;59;11,12,15,28,38,43,56,61,62,67,79,82,84;84;8;TEST;40;360;35;6.205674;34;9.444444;3.238771;1.521905;24;60.0
NEW_MODE;60;05,23,29,37,41,48,50,56,74,77,78,81,90;5;2;DISCOVERY;90;810;99;5.857988;64;7.901235;2.043246;1.348797;47;52.222222
NEW_MODE;60;05,23,29,37,41,48,50,56,74,77,78,81,90;23;10;DISCOVERY;90;810;98;5.798817;56;6.91358;1.114764;1.19224;46;51.111111
NEW_MODE;60;05,23,29,37,41,48,50,56,74,77,78,81,90;29;4;DISCOVERY;90;810;112;6.627219;67;8.271605;1.644386;1.248126;48;53.333333
NEW_MODE;60;05,23,29,37,41,48,50,56,74,77,78,81,90;37;8;DISCOVERY;90;810;109;6.449704;63;7.777778;1.328074;1.205912;47;52.222222
NEW_MODE;60;05,23,29,37,41,48,50,56,74,77,78,81,90;41;7;DISCOVERY;90;810;119;7.04142;68;8.395062;1.353642;1.19224;48;53.333333
NEW_MODE;60;05,23,29,37,41,48,50,56,74,77,78,81,90;48;6;DISCOVERY;90;810;121;7.159763;70;8.641975;1.482212;1.20702;50;55.555556
NEW_MODE;60;05,23,29,37,41,48,50,56,74,77,78,81,90;50;9;DISCOVERY;90;810;103;6.094675;60;7.407407;1.312733;1.21539;44;48.888889
NEW_MODE;60;05,23,29,37,41,48,50,56,74,77,78,81,90;56;1;DISCOVERY;90;810;123;7.278107;77;9.506173;2.228066;1.306133;52;57.777778
NEW_MODE;60;05,23,29,37,41,48,50,56,74,77,78,81,90;74;13;DISCOVERY;90;810;122;7.218935;66;8.148148;0.929213;1.128719;45;50.0
NEW_MODE;60;05,23,29,37,41,48,50,56,74,77,78,81,90;77;3;DISCOVERY;90;810;127;7.514793;75;9.259259;1.744466;1.232138;56;62.222222
NEW_MODE;60;05,23,29,37,41,48,50,56,74,77,78,81,90;78;5;DISCOVERY;90;810;120;7.100592;70;8.641975;1.541384;1.217078;52;57.777778
NEW_MODE;60;05,23,29,37,41,48,50,56,74,77,78,81,90;81;11;DISCOVERY;90;810;114;6.745562;63;7.777778;1.032216;1.153021;49;54.444444
NEW_MODE;60;05,23,29,37,41,48,50,56,74,77,78,81,90;90;12;DISCOVERY;90;810;129;7.633136;70;8.641975;1.008839;1.132166;52;57.777778
NEW_MODE;60;05,23,29,37,41,48,50,56,74,77,78,81,90;5;2;VALIDATION;38;342;41;7.269504;22;6.432749;-0.836755;0.884895;18;47.368421
NEW_MODE;60;05,23,29,37,41,48,50,56,74,77,78,81,90;23;10;VALIDATION;38;342;36;6.382979;25;7.309942;0.926963;1.145224;18;47.368421
NEW_MODE;60;05,23,29,37,41,48,50,56,74,77,78,81,90;29;4;VALIDATION;38;342;30;5.319149;15;4.385965;-0.933184;0.824561;12;31.578947
NEW_MODE;60;05,23,29,37,41,48,50,56,74,77,78,81,90;37;8;VALIDATION;38;342;46;8.156028;27;7.894737;-0.261292;0.967963;22;57.894737
NEW_MODE;60;05,23,29,37,41,48,50,56,74,77,78,81,90;41;7;VALIDATION;38;342;48;8.510638;23;6.725146;-1.785492;0.790205;17;44.736842
NEW_MODE;60;05,23,29,37,41,48,50,56,74,77,78,81,90;48;6;VALIDATION;38;342;40;7.092199;28;8.187135;1.094936;1.154386;19;50.0
NEW_MODE;60;05,23,29,37,41,48,50,56,74,77,78,81,90;50;9;VALIDATION;38;342;27;4.787234;18;5.263158;0.475924;1.099415;15;39.473684
NEW_MODE;60;05,23,29,37,41,48,50,56,74,77,78,81,90;56;1;VALIDATION;38;342;39;6.914894;19;5.555556;-1.359338;0.803419;16;42.105263
NEW_MODE;60;05,23,29,37,41,48,50,56,74,77,78,81,90;74;13;VALIDATION;38;342;34;6.028369;16;4.678363;-1.350006;0.776058;15;39.473684
NEW_MODE;60;05,23,29,37,41,48,50,56,74,77,78,81,90;77;3;VALIDATION;38;342;40;7.092199;27;7.894737;0.802538;1.113158;18;47.368421
NEW_MODE;60;05,23,29,37,41,48,50,56,74,77,78,81,90;78;5;VALIDATION;38;342;35;6.205674;19;5.555556;-0.650118;0.895238;19;50.0
NEW_MODE;60;05,23,29,37,41,48,50,56,74,77,78,81,90;81;11;VALIDATION;38;342;42;7.446809;31;9.064327;1.617519;1.21721;20;52.631579
NEW_MODE;60;05,23,29,37,41,48,50,56,74,77,78,81,90;90;12;VALIDATION;38;342;29;5.141844;10;2.923977;-2.217867;0.568663;9;23.684211
NEW_MODE;60;05,23,29,37,41,48,50,56,74,77,78,81,90;5;2;TEST;43;387;41;7.269504;26;6.718346;-0.551157;0.924182;24;55.813953
NEW_MODE;60;05,23,29,37,41,48,50,56,74,77,78,81,90;23;10;TEST;43;387;44;7.801418;33;8.527132;0.725713;1.093023;20;46.511628
NEW_MODE;60;05,23,29,37,41,48,50,56,74,77,78,81,90;29;4;TEST;43;387;36;6.382979;19;4.909561;-1.473418;0.769165;16;37.209302
NEW_MODE;60;05,23,29,37,41,48,50,56,74,77,78,81,90;37;8;TEST;43;387;28;4.964539;14;3.617571;-1.346968;0.728682;11;25.581395
NEW_MODE;60;05,23,29,37,41,48,50,56,74,77,78,81,90;41;7;TEST;43;387;38;6.737589;22;5.684755;-1.052834;0.843737;21;48.837209
NEW_MODE;60;05,23,29,37,41,48,50,56,74,77,78,81,90;48;6;TEST;43;387;31;5.496454;21;5.426357;-0.070097;0.987247;18;41.860465
NEW_MODE;60;05,23,29,37,41,48,50,56,74,77,78,81,90;50;9;TEST;43;387;27;4.787234;22;5.684755;0.89752;1.187482;17;39.534884
NEW_MODE;60;05,23,29,37,41,48,50,56,74,77,78,81,90;56;1;TEST;43;387;36;6.382979;30;7.751938;1.368959;1.21447;21;48.837209
NEW_MODE;60;05,23,29,37,41,48,50,56,74,77,78,81,90;74;13;TEST;43;387;37;6.560284;24;6.20155;-0.358733;0.945317;22;51.162791
NEW_MODE;60;05,23,29,37,41,48,50,56,74,77,78,81,90;77;3;TEST;43;387;30;5.319149;22;5.684755;0.365606;1.068734;17;39.534884
NEW_MODE;60;05,23,29,37,41,48,50,56,74,77,78,81,90;78;5;TEST;43;387;29;5.141844;23;5.943152;0.801308;1.155841;21;48.837209
NEW_MODE;60;05,23,29,37,41,48,50,56,74,77,78,81,90;81;11;TEST;43;387;38;6.737589;31;8.010336;1.272747;1.188902;25;58.139535
NEW_MODE;60;05,23,29,37,41,48,50,56,74,77,78,81,90;90;12;TEST;43;387;35;6.205674;19;4.909561;-1.296113;0.791141;14;32.55814
NEW_MODE;61;04,15,30,31,45,52,57,58,64,70,77,78,84;4;1;DISCOVERY;103;927;100;5.91716;69;7.443366;1.526206;1.257929;53;51.456311
NEW_MODE;61;04,15,30,31,45,52,57,58,64,70,77,78,84;15;12;DISCOVERY;103;927;118;6.982249;72;7.76699;0.784742;1.112391;54;52.427184
NEW_MODE;61;04,15,30,31,45,52,57,58,64,70,77,78,84;30;11;DISCOVERY;103;927;101;5.976331;63;6.796117;0.819785;1.137172;50;48.543689
NEW_MODE;61;04,15,30,31,45,52,57,58,64,70,77,78,84;31;2;DISCOVERY;103;927;108;6.390533;73;7.874865;1.484333;1.232271;53;51.456311
NEW_MODE;61;04,15,30,31,45,52,57,58,64,70,77,78,84;45;7;DISCOVERY;103;927;133;7.869822;83;8.953614;1.083791;1.137715;60;58.252427
NEW_MODE;61;04,15,30,31,45,52,57,58,64,70,77,78,84;52;3;DISCOVERY;103;927;131;7.751479;84;9.061489;1.310009;1.169001;56;54.368932
NEW_MODE;61;04,15,30,31,45,52,57,58,64,70,77,78,84;57;5;DISCOVERY;103;927;116;6.863905;75;8.090615;1.22671;1.178719;58;56.31068
NEW_MODE;61;04,15,30,31,45,52,57,58,64,70,77,78,84;58;8;DISCOVERY;103;927;110;6.508876;70;7.551241;1.042365;1.160145;54;52.427184
NEW_MODE;61;04,15,30,31,45,52,57,58,64,70,77,78,84;64;4;DISCOVERY;103;927;97;5.739645;65;7.011866;1.272221;1.221655;50;48.543689
NEW_MODE;61;04,15,30,31,45,52,57,58,64,70,77,78,84;70;13;DISCOVERY;103;927;98;5.798817;61;6.580367;0.78155;1.134778;46;44.660194
NEW_MODE;61;04,15,30,31,45,52,57,58,64,70,77,78,84;77;10;DISCOVERY;103;927;127;7.514793;79;8.522114;1.007321;1.134045;52;50.485437
NEW_MODE;61;04,15,30,31,45,52,57,58,64,70,77,78,84;78;6;DISCOVERY;103;927;120;7.100592;77;8.306365;1.205773;1.169813;59;57.281553
NEW_MODE;61;04,15,30,31,45,52,57,58,64,70,77,78,84;84;9;DISCOVERY;103;927;114;6.745562;72;7.76699;1.021428;1.151422;61;59.223301
NEW_MODE;61;04,15,30,31,45,52,57,58,64,70,77,78,84;4;1;VALIDATION;35;315;34;6.028369;21;6.666667;0.638298;1.105882;15;42.857143
NEW_MODE;61;04,15,30,31,45,52,57,58,64,70,77,78,84;15;12;VALIDATION;35;315;44;7.801418;27;8.571429;0.77001;1.098701;20;57.142857
NEW_MODE;61;04,15,30,31,45,52,57,58,64,70,77,78,84;30;11;VALIDATION;35;315;36;6.382979;21;6.666667;0.283688;1.044444;17;48.571429
NEW_MODE;61;04,15,30,31,45,52,57,58,64,70,77,78,84;31;2;VALIDATION;35;315;35;6.205674;15;4.761905;-1.443769;0.767347;15;42.857143
NEW_MODE;61;04,15,30,31,45,52,57,58,64,70,77,78,84;45;7;VALIDATION;35;315;40;7.092199;19;6.031746;-1.060453;0.850476;17;48.571429
NEW_MODE;61;04,15,30,31,45,52,57,58,64,70,77,78,84;52;3;VALIDATION;35;315;47;8.333333;26;8.253968;-0.079365;0.990476;18;51.428571
NEW_MODE;61;04,15,30,31,45,52,57,58,64,70,77,78,84;57;5;VALIDATION;35;315;34;6.028369;23;7.301587;1.273219;1.211204;17;48.571429
NEW_MODE;61;04,15,30,31,45,52,57,58,64,70,77,78,84;58;8;VALIDATION;35;315;43;7.624113;19;6.031746;-1.592367;0.791141;17;48.571429
NEW_MODE;61;04,15,30,31,45,52,57,58,64,70,77,78,84;64;4;VALIDATION;35;315;39;6.914894;21;6.666667;-0.248227;0.964103;14;40.0
NEW_MODE;61;04,15,30,31,45,52,57,58,64,70,77,78,84;70;13;VALIDATION;35;315;31;5.496454;23;7.301587;1.805133;1.328418;19;54.285714
NEW_MODE;61;04,15,30,31,45,52,57,58,64,70,77,78,84;77;10;VALIDATION;35;315;40;7.092199;16;5.079365;-2.012834;0.71619;11;31.428571
NEW_MODE;61;04,15,30,31,45,52,57,58,64,70,77,78,84;78;6;VALIDATION;35;315;35;6.205674;22;6.984127;0.778453;1.125442;16;45.714286
NEW_MODE;61;04,15,30,31,45,52,57,58,64,70,77,78,84;84;9;VALIDATION;35;315;32;5.673759;17;5.396825;-0.276933;0.95119;14;40.0
NEW_MODE;61;04,15,30,31,45,52,57,58,64,70,77,78,84;4;1;TEST;35;315;40;7.092199;22;6.984127;-0.108072;0.984762;17;48.571429
NEW_MODE;61;04,15,30,31,45,52,57,58,64,70,77,78,84;15;12;TEST;35;315;29;5.141844;10;3.174603;-1.967241;0.617406;8;22.857143
NEW_MODE;61;04,15,30,31,45,52,57,58,64,70,77,78,84;30;11;TEST;35;315;39;6.914894;22;6.984127;0.069233;1.010012;17;48.571429
NEW_MODE;61;04,15,30,31,45,52,57,58,64,70,77,78,84;31;2;TEST;35;315;41;7.269504;22;6.984127;-0.285377;0.960743;16;45.714286
NEW_MODE;61;04,15,30,31,45,52,57,58,64,70,77,78,84;45;7;TEST;35;315;41;7.269504;21;6.666667;-0.602837;0.917073;18;51.428571
NEW_MODE;61;04,15,30,31,45,52,57,58,64,70,77,78,84;52;3;TEST;35;315;38;6.737589;23;7.301587;0.563999;1.083709;17;48.571429
NEW_MODE;61;04,15,30,31,45,52,57,58,64,70,77,78,84;57;5;TEST;35;315;34;6.028369;15;4.761905;-1.266464;0.789916;9;25.714286
NEW_MODE;61;04,15,30,31,45,52,57,58,64,70,77,78,84;58;8;TEST;35;315;42;7.446809;26;8.253968;0.80716;1.10839;22;62.857143
NEW_MODE;61;04,15,30,31,45,52,57,58,64,70,77,78,84;64;4;TEST;35;315;35;6.205674;26;8.253968;2.048294;1.330068;19;54.285714
NEW_MODE;61;04,15,30,31,45,52,57,58,64,70,77,78,84;70;13;TEST;35;315;26;4.609929;20;6.349206;1.739277;1.377289;17;48.571429
NEW_MODE;61;04,15,30,31,45,52,57,58,64,70,77,78,84;77;10;TEST;35;315;30;5.319149;13;4.126984;-1.192165;0.775873;10;28.571429
NEW_MODE;61;04,15,30,31,45,52,57,58,64,70,77,78,84;78;6;TEST;35;315;29;5.141844;22;6.984127;1.842283;1.358292;19;54.285714
NEW_MODE;61;04,15,30,31,45,52,57,58,64,70,77,78,84;84;9;TEST;35;315;35;6.205674;21;6.666667;0.460993;1.074286;16;45.714286
NEW_MODE;62;13,19,24,26,32,36,45,51,52,63,64,70,83;13;9;DISCOVERY;112;1008;97;5.739645;66;6.547619;0.807974;1.140771;56;50.0
NEW_MODE;62;13,19,24,26,32,36,45,51,52,63,64,70,83;19;8;DISCOVERY;112;1008;125;7.39645;83;8.234127;0.837677;1.113254;61;54.464286
NEW_MODE;62;13,19,24,26,32,36,45,51,52,63,64,70,83;24;4;DISCOVERY;112;1008;108;6.390533;77;7.638889;1.248356;1.195345;55;49.107143
NEW_MODE;62;13,19,24,26,32,36,45,51,52,63,64,70,83;26;5;DISCOVERY;112;1008;118;6.982249;80;7.936508;0.954259;1.136669;57;50.892857
NEW_MODE;62;13,19,24,26,32,36,45,51,52,63,64,70,83;32;6;DISCOVERY;112;1008;131;7.751479;87;8.630952;0.879473;1.113459;62;55.357143
NEW_MODE;62;13,19,24,26,32,36,45,51,52,63,64,70,83;36;11;DISCOVERY;112;1008;98;5.798817;66;6.547619;0.748802;1.12913;54;48.214286
NEW_MODE;62;13,19,24,26,32,36,45,51,52,63,64,70,83;45;1;DISCOVERY;112;1008;133;7.869822;96;9.52381;1.653987;1.210168;67;59.821429
NEW_MODE;62;13,19,24,26,32,36,45,51,52,63,64,70,83;51;12;DISCOVERY;112;1008;120;7.100592;79;7.837302;0.73671;1.103753;55;49.107143
NEW_MODE;62;13,19,24,26,32,36,45,51,52,63,64,70,83;52;10;DISCOVERY;112;1008;131;7.751479;86;8.531746;0.780267;1.10066;64;57.142857
NEW_MODE;62;13,19,24,26,32,36,45,51,52,63,64,70,83;63;3;DISCOVERY;112;1008;109;6.449704;79;7.837302;1.387597;1.215141;60;53.571429
NEW_MODE;62;13,19,24,26,32,36,45,51,52,63,64,70,83;64;13;DISCOVERY;112;1008;97;5.739645;65;6.448413;0.708768;1.123486;53;47.321429
NEW_MODE;62;13,19,24,26,32,36,45,51,52,63,64,70,83;70;7;DISCOVERY;112;1008;98;5.798817;67;6.646825;0.848009;1.146238;51;45.535714
NEW_MODE;62;13,19,24,26,32,36,45,51,52,63,64,70,83;83;2;DISCOVERY;112;1008;127;7.514793;90;8.928571;1.413779;1.188133;69;61.607143
NEW_MODE;62;13,19,24,26,32,36,45,51,52,63,64,70,83;13;9;VALIDATION;37;333;32;5.673759;16;4.804805;-0.868954;0.846847;13;35.135135
NEW_MODE;62;13,19,24,26,32,36,45,51,52,63,64,70,83;19;8;VALIDATION;37;333;41;7.269504;25;7.507508;0.238004;1.03274;17;45.945946
NEW_MODE;62;13,19,24,26,32,36,45,51,52,63,64,70,83;24;4;VALIDATION;37;333;34;6.028369;15;4.504505;-1.523864;0.747218;12;32.432432
NEW_MODE;62;13,19,24,26,32,36,45,51,52,63,64,70,83;26;5;VALIDATION;37;333;28;4.964539;29;8.708709;3.74417;1.754183;19;51.351351
NEW_MODE;62;13,19,24,26,32,36,45,51,52,63,64,70,83;32;6;VALIDATION;37;333;38;6.737589;21;6.306306;-0.431282;0.935989;19;51.351351
NEW_MODE;62;13,19,24,26,32,36,45,51,52,63,64,70,83;36;11;VALIDATION;37;333;26;4.609929;19;5.705706;1.095777;1.237699;13;35.135135
NEW_MODE;62;13,19,24,26,32,36,45,51,52,63,64,70,83;45;1;VALIDATION;37;333;40;7.092199;27;8.108108;1.01591;1.143243;19;51.351351
NEW_MODE;62;13,19,24,26,32,36,45,51,52,63,64,70,83;51;12;VALIDATION;37;333;35;6.205674;22;6.606607;0.400933;1.064607;16;43.243243
NEW_MODE;62;13,19,24,26,32,36,45,51,52,63,64,70,83;52;10;VALIDATION;37;333;47;8.333333;20;6.006006;-2.327327;0.720721;17;45.945946
NEW_MODE;62;13,19,24,26,32,36,45,51,52,63,64,70,83;63;3;VALIDATION;37;333;34;6.028369;21;6.306306;0.277938;1.046105;17;45.945946
NEW_MODE;62;13,19,24,26,32,36,45,51,52,63,64,70,83;64;13;VALIDATION;37;333;39;6.914894;21;6.306306;-0.608587;0.911989;17;45.945946
NEW_MODE;62;13,19,24,26,32,36,45,51,52,63,64,70,83;70;7;VALIDATION;37;333;31;5.496454;17;5.105105;-0.391349;0.9288;17;45.945946
NEW_MODE;62;13,19,24,26,32,36,45,51,52,63,64,70,83;83;2;VALIDATION;37;333;34;6.028369;26;7.807808;1.779439;1.295178;22;59.459459
NEW_MODE;62;13,19,24,26,32,36,45,51,52,63,64,70,83;13;9;TEST;37;333;41;7.269504;20;6.006006;-1.263498;0.826192;15;40.540541
NEW_MODE;62;13,19,24,26,32,36,45,51,52,63,64,70,83;19;8;TEST;37;333;38;6.737589;23;6.906907;0.169318;1.02513;20;54.054054
NEW_MODE;62;13,19,24,26,32,36,45,51,52,63,64,70,83;24;4;TEST;37;333;32;5.673759;16;4.804805;-0.868954;0.846847;15;40.540541
NEW_MODE;62;13,19,24,26,32,36,45,51,52,63,64,70,83;26;5;TEST;37;333;31;5.496454;16;4.804805;-0.691649;0.874164;12;32.432432
NEW_MODE;62;13,19,24,26,32,36,45,51,52,63,64,70,83;32;6;TEST;37;333;29;5.141844;20;6.006006;0.864162;1.168065;17;45.945946
NEW_MODE;62;13,19,24,26,32,36,45,51,52,63,64,70,83;36;11;TEST;37;333;34;6.028369;17;5.105105;-0.923264;0.846847;14;37.837838
NEW_MODE;62;13,19,24,26,32,36,45,51,52,63,64,70,83;45;1;TEST;37;333;41;7.269504;30;9.009009;1.739505;1.239288;23;62.162162
NEW_MODE;62;13,19,24,26,32,36,45,51,52,63,64,70,83;51;12;TEST;37;333;36;6.382979;26;7.807808;1.424829;1.223223;21;56.756757
NEW_MODE;62;13,19,24,26,32,36,45,51,52,63,64,70,83;52;10;TEST;37;333;38;6.737589;25;7.507508;0.769919;1.114272;18;48.648649
NEW_MODE;62;13,19,24,26,32,36,45,51,52,63,64,70,83;63;3;TEST;37;333;47;8.333333;40;12.012012;3.678679;1.441441;26;70.27027
NEW_MODE;62;13,19,24,26,32,36,45,51,52,63,64,70,83;64;13;TEST;37;333;35;6.205674;22;6.606607;0.400933;1.064607;16;43.243243
NEW_MODE;62;13,19,24,26,32,36,45,51,52,63,64,70,83;70;7;TEST;37;333;26;4.609929;13;3.903904;-0.706025;0.846847;12;32.432432
NEW_MODE;62;13,19,24,26,32,36,45,51,52,63,64,70,83;83;2;TEST;37;333;47;8.333333;31;9.309309;0.975976;1.117117;22;59.459459
NEW_MODE;63;15,16,25,26,32,34,35,53,60,70,74,85,90;15;5;DISCOVERY;109;981;118;6.982249;80;8.154944;1.172695;1.167954;63;57.798165
NEW_MODE;63;15,16,25,26,32,34,35,53,60,70,74,85,90;16;3;DISCOVERY;109;981;117;6.923077;82;8.358818;1.435741;1.207385;56;51.376147
NEW_MODE;63;15,16,25,26,32,34,35,53,60,70,74,85,90;25;1;DISCOVERY;109;981;117;6.923077;86;8.766565;1.843488;1.266282;60;55.045872
NEW_MODE;63;15,16,25,26,32,34,35,53,60,70,74,85,90;26;12;DISCOVERY;109;981;118;6.982249;76;7.747197;0.764948;1.109556;58;53.211009
NEW_MODE;63;15,16,25,26,32,34,35,53,60,70,74,85,90;32;8;DISCOVERY;109;981;131;7.751479;87;8.868502;1.117022;1.144104;59;54.12844
NEW_MODE;63;15,16,25,26,32,34,35,53,60,70,74,85,90;34;4;DISCOVERY;109;981;121;7.159763;83;8.460754;1.300991;1.181709;63;57.798165
NEW_MODE;63;15,16,25,26,32,34,35,53,60,70,74,85,90;35;11;DISCOVERY;109;981;111;6.568047;73;7.441386;0.873339;1.132968;53;48.623853
NEW_MODE;63;15,16,25,26,32,34,35,53,60,70,74,85,90;53;6;DISCOVERY;109;981;91;5.384615;64;6.523955;1.13934;1.211592;49;44.954128
NEW_MODE;63;15,16,25,26,32,34,35,53,60,70,74,85,90;60;2;DISCOVERY;109;981;91;5.384615;67;6.829766;1.44515;1.268385;52;47.706422
NEW_MODE;63;15,16,25,26,32,34,35,53,60,70,74,85,90;70;7;DISCOVERY;109;981;98;5.798817;68;6.931702;1.132886;1.195365;55;50.458716
NEW_MODE;63;15,16,25,26,32,34,35,53,60,70,74,85,90;74;10;DISCOVERY;109;981;122;7.218935;80;8.154944;0.936009;1.12966;54;49.541284
NEW_MODE;63;15,16,25,26,32,34,35,53,60,70,74,85,90;85;13;DISCOVERY;109;981;132;7.810651;84;8.562691;0.75204;1.096284;60;55.045872
NEW_MODE;63;15,16,25,26,32,34,35,53,60,70,74,85,90;90;9;DISCOVERY;109;981;129;7.633136;85;8.664628;1.031492;1.135133;57;52.293578
NEW_MODE;63;15,16,25,26,32,34,35,53,60,70,74,85,90;15;5;VALIDATION;32;288;44;7.801418;12;4.166667;-3.634752;0.534091;12;37.5
NEW_MODE;63;15,16,25,26,32,34,35,53,60,70,74,85,90;16;3;VALIDATION;32;288;31;5.496454;12;4.166667;-1.329787;0.758065;11;34.375
NEW_MODE;63;15,16,25,26,32,34,35,53,60,70,74,85,90;25;1;VALIDATION;32;288;46;8.156028;20;6.944444;-1.211584;0.851449;15;46.875
NEW_MODE;63;15,16,25,26,32,34,35,53,60,70,74,85,90;26;12;VALIDATION;32;288;28;4.964539;14;4.861111;-0.103428;0.979167;10;31.25
NEW_MODE;63;15,16,25,26,32,34,35,53,60,70,74,85,90;32;8;VALIDATION;32;288;38;6.737589;20;6.944444;0.206856;1.030702;17;53.125
NEW_MODE;63;15,16,25,26,32,34,35,53,60,70,74,85,90;34;4;VALIDATION;32;288;33;5.851064;16;5.555556;-0.295508;0.949495;14;43.75
NEW_MODE;63;15,16,25,26,32,34,35,53,60,70,74,85,90;35;11;VALIDATION;32;288;40;7.092199;19;6.597222;-0.494976;0.930208;12;37.5
NEW_MODE;63;15,16,25,26,32,34,35,53,60,70,74,85,90;53;6;VALIDATION;32;288;35;6.205674;20;6.944444;0.738771;1.119048;14;43.75
NEW_MODE;63;15,16,25,26,32,34,35,53,60,70,74,85,90;60;2;VALIDATION;32;288;39;6.914894;24;8.333333;1.41844;1.205128;15;46.875
NEW_MODE;63;15,16,25,26,32,34,35,53,60,70,74,85,90;70;7;VALIDATION;32;288;31;5.496454;9;3.125;-2.371454;0.568548;8;25.0
NEW_MODE;63;15,16,25,26,32,34,35,53,60,70,74,85,90;74;10;VALIDATION;32;288;34;6.028369;16;5.555556;-0.472813;0.921569;14;43.75
NEW_MODE;63;15,16,25,26,32,34,35,53,60,70,74,85,90;85;13;VALIDATION;32;288;28;4.964539;13;4.513889;-0.45065;0.909226;13;40.625
NEW_MODE;63;15,16,25,26,32,34,35,53,60,70,74,85,90;90;9;VALIDATION;32;288;29;5.141844;14;4.861111;-0.280733;0.945402;12;37.5
NEW_MODE;63;15,16,25,26,32,34,35,53,60,70,74,85,90;15;5;TEST;46;414;29;5.141844;23;5.555556;0.413712;1.08046;16;34.782609
NEW_MODE;63;15,16,25,26,32,34,35,53,60,70,74,85,90;16;3;TEST;46;414;37;6.560284;29;7.004831;0.444547;1.067763;23;50.0
NEW_MODE;63;15,16,25,26,32,34,35,53,60,70,74,85,90;25;1;TEST;46;414;35;6.205674;33;7.971014;1.765341;1.284472;26;56.521739
NEW_MODE;63;15,16,25,26,32,34,35,53,60,70,74,85,90;26;12;TEST;46;414;31;5.496454;33;7.971014;2.474561;1.45021;20;43.478261
NEW_MODE;63;15,16,25,26,32,34,35,53,60,70,74,85,90;32;8;TEST;46;414;29;5.141844;21;5.072464;-0.06938;0.986507;19;41.304348
NEW_MODE;63;15,16,25,26,32,34,35,53,60,70,74,85,90;34;4;TEST;46;414;42;7.446809;36;8.695652;1.248844;1.167702;23;50.0
NEW_MODE;63;15,16,25,26,32,34,35,53,60,70,74,85,90;35;11;TEST;46;414;32;5.673759;30;7.246377;1.572618;1.277174;25;54.347826
NEW_MODE;63;15,16,25,26,32,34,35,53,60,70,74,85,90;53;6;TEST;46;414;36;6.382979;31;7.487923;1.104944;1.173108;19;41.304348
NEW_MODE;63;15,16,25,26,32,34,35,53,60,70,74,85,90;60;2;TEST;46;414;43;7.624113;22;5.31401;-2.310104;0.697;17;36.956522
NEW_MODE;63;15,16,25,26,32,34,35,53,60,70,74,85,90;70;7;TEST;46;414;26;4.609929;17;4.10628;-0.503649;0.890747;15;32.608696
NEW_MODE;63;15,16,25,26,32,34,35,53,60,70,74,85,90;74;10;TEST;46;414;37;6.560284;27;6.521739;-0.038545;0.994125;23;50.0
NEW_MODE;63;15,16,25,26,32,34,35,53,60,70,74,85,90;85;13;TEST;46;414;53;9.397163;36;8.695652;-0.701511;0.925349;24;52.173913
NEW_MODE;63;15,16,25,26,32,34,35,53,60,70,74,85,90;90;9;TEST;46;414;35;6.205674;29;7.004831;0.799157;1.128778;24;52.173913
NEW_MODE;64;03,14,25,33,46,48,52,58,68,69,76,81,85;3;5;DISCOVERY;97;873;93;5.502959;58;6.643757;1.140799;1.207306;48;49.484536
NEW_MODE;64;03,14,25,33,46,48,52,58,68,69,76,81,85;14;2;DISCOVERY;97;873;99;5.857988;62;7.101947;1.243959;1.212353;48;49.484536
NEW_MODE;64;03,14,25,33,46,48,52,58,68,69,76,81,85;25;9;DISCOVERY;97;873;117;6.923077;69;7.90378;0.980703;1.141657;54;55.670103
NEW_MODE;64;03,14,25,33,46,48,52,58,68,69,76,81,85;33;13;DISCOVERY;97;873;115;6.804734;66;7.560137;0.755404;1.111012;47;48.453608
NEW_MODE;64;03,14,25,33,46,48,52,58,68,69,76,81,85;46;12;DISCOVERY;97;873;110;6.508876;64;7.331042;0.822167;1.126315;49;50.515464
NEW_MODE;64;03,14,25,33,46,48,52,58,68,69,76,81,85;48;3;DISCOVERY;97;873;121;7.159763;73;8.36197;1.202207;1.167912;55;56.701031
NEW_MODE;64;03,14,25,33,46,48,52,58,68,69,76,81,85;52;11;DISCOVERY;97;873;131;7.751479;75;8.591065;0.839586;1.108313;54;55.670103
NEW_MODE;64;03,14,25,33,46,48,52,58,68,69,76,81,85;58;6;DISCOVERY;97;873;110;6.508876;66;7.560137;1.051262;1.161512;47;48.453608
NEW_MODE;64;03,14,25,33,46,48,52,58,68,69,76,81,85;68;10;DISCOVERY;97;873;119;7.04142;70;8.018328;0.976907;1.138737;54;55.670103
NEW_MODE;64;03,14,25,33,46,48,52,58,68,69,76,81,85;69;8;DISCOVERY;97;873;115;6.804734;68;7.789233;0.984499;1.144679;49;50.515464
NEW_MODE;64;03,14,25,33,46,48,52,58,68,69,76,81,85;76;1;DISCOVERY;97;873;105;6.213018;67;7.674685;1.461667;1.235259;49;50.515464
NEW_MODE;64;03,14,25,33,46,48,52,58,68,69,76,81,85;81;4;DISCOVERY;97;873;114;6.745562;69;7.90378;1.158218;1.171701;55;56.701031
NEW_MODE;64;03,14,25,33,46,48,52,58,68,69,76,81,85;85;7;DISCOVERY;97;873;132;7.810651;77;8.82016;1.009509;1.129248;56;57.731959
NEW_MODE;64;03,14,25,33,46,48,52,58,68,69,76,81,85;3;5;VALIDATION;38;342;35;6.205674;23;6.725146;0.519472;1.083709;19;50.0
NEW_MODE;64;03,14,25,33,46,48,52,58,68,69,76,81,85;14;2;VALIDATION;38;342;36;6.382979;22;6.432749;0.04977;1.007797;14;36.842105
NEW_MODE;64;03,14,25,33,46,48,52,58,68,69,76,81,85;25;9;VALIDATION;38;342;46;8.156028;23;6.725146;-1.430882;0.824561;15;39.473684
NEW_MODE;64;03,14,25,33,46,48,52,58,68,69,76,81,85;33;13;VALIDATION;38;342;32;5.673759;17;4.97076;-0.702999;0.876096;13;34.210526
NEW_MODE;64;03,14,25,33,46,48,52,58,68,69,76,81,85;46;12;VALIDATION;38;342;36;6.382979;17;4.97076;-1.412218;0.778752;15;39.473684
NEW_MODE;64;03,14,25,33,46,48,52,58,68,69,76,81,85;48;3;VALIDATION;38;342;40;7.092199;23;6.725146;-0.367052;0.948246;18;47.368421
NEW_MODE;64;03,14,25,33,46,48,52,58,68,69,76,81,85;52;11;VALIDATION;38;342;47;8.333333;32;9.356725;1.023392;1.122807;22;57.894737
NEW_MODE;64;03,14,25,33,46,48,52,58,68,69,76,81,85;58;6;VALIDATION;38;342;43;7.624113;18;5.263158;-2.360956;0.69033;15;39.473684
NEW_MODE;64;03,14,25,33,46,48,52,58,68,69,76,81,85;68;10;VALIDATION;38;342;47;8.333333;24;7.017544;-1.315789;0.842105;21;55.263158
NEW_MODE;64;03,14,25,33,46,48,52,58,68,69,76,81,85;69;8;VALIDATION;38;342;37;6.560284;27;7.894737;1.334453;1.203414;21;55.263158
NEW_MODE;64;03,14,25,33,46,48,52,58,68,69,76,81,85;76;1;VALIDATION;38;342;42;7.446809;35;10.233918;2.78711;1.374269;21;55.263158
NEW_MODE;64;03,14,25,33,46,48,52,58,68,69,76,81,85;81;4;VALIDATION;38;342;42;7.446809;18;5.263158;-2.183651;0.706767;15;39.473684
NEW_MODE;64;03,14,25,33,46,48,52,58,68,69,76,81,85;85;7;VALIDATION;38;342;28;4.964539;12;3.508772;-1.455767;0.706767;11;28.947368
NEW_MODE;64;03,14,25,33,46,48,52,58,68,69,76,81,85;3;5;TEST;35;315;35;6.205674;28;8.888889;2.683215;1.432381;22;62.857143
NEW_MODE;64;03,14,25,33,46,48,52,58,68,69,76,81,85;14;2;TEST;35;315;39;6.914894;30;9.52381;2.608916;1.377289;19;54.285714
NEW_MODE;64;03,14,25,33,46,48,52,58,68,69,76,81,85;25;9;TEST;35;315;35;6.205674;16;5.079365;-1.126309;0.818503;14;40.0
NEW_MODE;64;03,14,25,33,46,48,52,58,68,69,76,81,85;33;13;TEST;35;315;40;7.092199;19;6.031746;-1.060453;0.850476;16;45.714286
NEW_MODE;64;03,14,25,33,46,48,52,58,68,69,76,81,85;46;12;TEST;35;315;36;6.382979;27;8.571429;2.18845;1.342857;21;60.0
NEW_MODE;64;03,14,25,33,46,48,52,58,68,69,76,81,85;48;3;TEST;35;315;31;5.496454;18;5.714286;0.217832;1.039631;14;40.0
NEW_MODE;64;03,14,25,33,46,48,52,58,68,69,76,81,85;52;11;TEST;35;315;38;6.737589;23;7.301587;0.563999;1.083709;19;54.285714
NEW_MODE;64;03,14,25,33,46,48,52,58,68,69,76,81,85;58;6;TEST;35;315;42;7.446809;23;7.301587;-0.145221;0.980499;17;48.571429
NEW_MODE;64;03,14,25,33,46,48,52,58,68,69,76,81,85;68;10;TEST;35;315;42;7.446809;20;6.349206;-1.097602;0.852608;18;51.428571
NEW_MODE;64;03,14,25,33,46,48,52,58,68,69,76,81,85;69;8;TEST;35;315;36;6.382979;24;7.619048;1.236069;1.193651;19;54.285714
NEW_MODE;64;03,14,25,33,46,48,52,58,68,69,76,81,85;76;1;TEST;35;315;32;5.673759;13;4.126984;-1.546775;0.727381;12;34.285714
NEW_MODE;64;03,14,25,33,46,48,52,58,68,69,76,81,85;81;4;TEST;35;315;38;6.737589;22;6.984127;0.246538;1.036591;18;51.428571
NEW_MODE;64;03,14,25,33,46,48,52,58,68,69,76,81,85;85;7;TEST;35;315;53;9.397163;34;10.793651;1.396488;1.148607;26;74.285714
NEW_MODE;65;16,17,18,28,31,33,48,51,55,72,77,80,85;16;13;DISCOVERY;121;1089;117;6.923077;84;7.713499;0.790422;1.114172;60;49.586777
NEW_MODE;65;16,17,18,28,31,33,48,51,55,72,77,80,85;17;2;DISCOVERY;121;1089;118;6.982249;92;8.448118;1.465869;1.209942;72;59.504132
NEW_MODE;65;16,17,18,28,31,33,48,51,55,72,77,80,85;18;5;DISCOVERY;121;1089;97;5.739645;75;6.887052;1.147407;1.199909;60;49.586777
NEW_MODE;65;16,17,18,28,31,33,48,51,55,72,77,80,85;28;8;DISCOVERY;121;1089;103;6.094675;77;7.070707;0.976033;1.160145;56;46.280992
NEW_MODE;65;16,17,18,28,31,33,48,51,55,72,77,80,85;31;9;DISCOVERY;121;1089;108;6.390533;80;7.346189;0.955657;1.149543;58;47.933884
NEW_MODE;65;16,17,18,28,31,33,48,51,55,72,77,80,85;33;3;DISCOVERY;121;1089;115;6.804734;90;8.264463;1.459729;1.214517;61;50.413223
NEW_MODE;65;16,17,18,28,31,33,48,51,55,72,77,80,85;48;10;DISCOVERY;121;1089;121;7.159763;88;8.080808;0.921045;1.128642;62;51.239669
NEW_MODE;65;16,17,18,28,31,33,48,51,55,72,77,80,85;51;12;DISCOVERY;121;1089;120;7.100592;86;7.897153;0.796562;1.112182;61;50.413223
NEW_MODE;65;16,17,18,28,31,33,48,51,55,72,77,80,85;55;6;DISCOVERY;121;1089;122;7.218935;90;8.264463;1.045528;1.144831;67;55.371901
NEW_MODE;65;16,17,18,28,31,33,48,51,55,72,77,80,85;72;7;DISCOVERY;121;1089;109;6.449704;81;7.438017;0.988312;1.153234;57;47.107438
NEW_MODE;65;16,17,18,28,31,33,48,51,55,72,77,80,85;77;11;DISCOVERY;121;1089;127;7.514793;91;8.35629;0.841497;1.111979;66;54.545455
NEW_MODE;65;16,17,18,28,31,33,48,51,55,72,77,80,85;80;4;DISCOVERY;121;1089;110;6.508876;86;7.897153;1.388278;1.21329;64;52.892562
NEW_MODE;65;16,17,18,28,31,33,48,51,55,72,77,80,85;85;1;DISCOVERY;121;1089;132;7.810651;105;9.641873;1.831222;1.234452;75;61.983471
NEW_MODE;65;16,17,18,28,31,33,48,51,55,72,77,80,85;16;13;VALIDATION;43;387;31;5.496454;22;5.684755;0.188301;1.034259;18;41.860465
NEW_MODE;65;16,17,18,28,31,33,48,51,55,72,77,80,85;17;2;VALIDATION;43;387;32;5.673759;18;4.651163;-1.022596;0.819767;15;34.883721
NEW_MODE;65;16,17,18,28,31,33,48,51,55,72,77,80,85;18;5;VALIDATION;43;387;32;5.673759;24;6.20155;0.527792;1.093023;19;44.186047
NEW_MODE;65;16,17,18,28,31,33,48,51,55,72,77,80,85;28;8;VALIDATION;43;387;42;7.446809;34;8.78553;1.338721;1.179771;28;65.116279
NEW_MODE;65;16,17,18,28,31,33,48,51,55,72,77,80,85;31;9;VALIDATION;43;387;35;6.205674;34;8.78553;2.579856;1.415725;23;53.488372
NEW_MODE;65;16,17,18,28,31,33,48,51,55,72,77,80,85;33;3;VALIDATION;43;387;32;5.673759;23;5.943152;0.269394;1.047481;18;41.860465
NEW_MODE;65;16,17,18,28,31,33,48,51,55,72,77,80,85;48;10;VALIDATION;43;387;40;7.092199;32;8.268734;1.176535;1.165891;21;48.837209
NEW_MODE;65;16,17,18,28,31,33,48,51,55,72,77,80,85;51;12;VALIDATION;43;387;35;6.205674;21;5.426357;-0.779317;0.874419;17;39.534884
NEW_MODE;65;16,17,18,28,31,33,48,51,55,72,77,80,85;55;6;VALIDATION;43;387;41;7.269504;28;7.235142;-0.034361;0.995273;22;51.162791
NEW_MODE;65;16,17,18,28,31,33,48,51,55,72,77,80,85;72;7;VALIDATION;43;387;39;6.914894;26;6.718346;-0.196547;0.971576;19;44.186047
NEW_MODE;65;16,17,18,28,31,33,48,51,55,72,77,80,85;77;11;VALIDATION;43;387;40;7.092199;25;6.459948;-0.63225;0.910853;19;44.186047
NEW_MODE;65;16,17,18,28,31,33,48,51,55,72,77,80,85;80;4;VALIDATION;43;387;42;7.446809;24;6.20155;-1.245258;0.83278;15;34.883721
NEW_MODE;65;16,17,18,28,31,33,48,51,55,72,77,80,85;85;1;VALIDATION;43;387;28;4.964539;20;5.167959;0.20342;1.040975;15;34.883721
NEW_MODE;65;16,17,18,28,31,33,48,51,55,72,77,80,85;16;13;TEST;29;261;37;6.560284;22;8.429119;1.868835;1.284871;15;51.724138
NEW_MODE;65;16,17,18,28,31,33,48,51,55,72,77,80,85;17;2;TEST;29;261;37;6.560284;22;8.429119;1.868835;1.284871;17;58.62069
NEW_MODE;65;16,17,18,28,31,33,48,51,55,72,77,80,85;18;5;TEST;29;261;42;7.446809;15;5.747126;-1.699682;0.771757;13;44.827586
NEW_MODE;65;16,17,18,28,31,33,48,51,55,72,77,80,85;28;8;TEST;29;261;44;7.801418;21;8.045977;0.244559;1.031348;16;55.172414
NEW_MODE;65;16,17,18,28,31,33,48,51,55,72,77,80,85;31;9;TEST;29;261;41;7.269504;25;9.578544;2.309041;1.317634;18;62.068966
NEW_MODE;65;16,17,18,28,31,33,48,51,55,72,77,80,85;33;3;TEST;29;261;40;7.092199;17;6.51341;-0.578789;0.918391;13;44.827586
NEW_MODE;65;16,17,18,28,31,33,48,51,55,72,77,80,85;48;10;TEST;29;261;31;5.496454;11;4.214559;-1.281895;0.766778;10;34.482759
NEW_MODE;65;16,17,18,28,31,33,48,51,55,72,77,80,85;51;12;TEST;29;261;36;6.382979;14;5.363985;-1.018994;0.840358;13;44.827586
NEW_MODE;65;16,17,18,28,31,33,48,51,55,72,77,80,85;55;6;TEST;29;261;39;6.914894;11;4.214559;-2.700334;0.60949;10;34.482759
NEW_MODE;65;16,17,18,28,31,33,48,51,55,72,77,80,85;72;7;TEST;29;261;40;7.092199;12;4.597701;-2.494497;0.648276;9;31.034483
NEW_MODE;65;16,17,18,28,31,33,48,51,55,72,77,80,85;77;11;TEST;29;261;30;5.319149;11;4.214559;-1.10459;0.792337;10;34.482759
NEW_MODE;65;16,17,18,28,31,33,48,51,55,72,77,80,85;80;4;TEST;29;261;46;8.156028;15;5.747126;-2.408902;0.704648;11;37.931034
NEW_MODE;65;16,17,18,28,31,33,48,51,55,72,77,80,85;85;1;TEST;29;261;53;9.397163;19;7.279693;-2.11747;0.774669;17;58.62069
NEW_MODE;66;10,11,22,30,34,35,36,39,42,70,73,86,89;10;1;DISCOVERY;114;1026;109;6.449704;83;8.089669;1.639964;1.25427;60;52.631579
NEW_MODE;66;10,11,22,30,34,35,36,39,42,70,73,86,89;11;11;DISCOVERY;114;1026;120;7.100592;82;7.992203;0.891611;1.125569;62;54.385965
NEW_MODE;66;10,11,22,30,34,35,36,39,42,70,73,86,89;22;6;DISCOVERY;114;1026;110;6.508876;78;7.602339;1.093463;1.167996;64;56.140351
NEW_MODE;66;10,11,22,30,34,35,36,39,42,70,73,86,89;30;8;DISCOVERY;114;1026;101;5.976331;71;6.920078;0.943747;1.157914;53;46.491228
NEW_MODE;66;10,11,22,30,34,35,36,39,42,70,73,86,89;34;2;DISCOVERY;114;1026;121;7.159763;90;8.77193;1.612167;1.22517;65;57.017544
NEW_MODE;66;10,11,22,30,34,35,36,39,42,70,73,86,89;35;13;DISCOVERY;114;1026;111;6.568047;76;7.407407;0.83936;1.127794;55;48.245614
NEW_MODE;66;10,11,22,30,34,35,36,39,42,70,73,86,89;36;5;DISCOVERY;114;1026;98;5.798817;71;6.920078;1.121261;1.19336;60;52.631579
NEW_MODE;66;10,11,22,30,34,35,36,39,42,70,73,86,89;39;10;DISCOVERY;114;1026;115;6.804734;79;7.699805;0.895071;1.131537;57;50.0
NEW_MODE;66;10,11,22,30,34,35,36,39,42,70,73,86,89;42;4;DISCOVERY;114;1026;104;6.153846;76;7.407407;1.253561;1.203704;49;42.982456
NEW_MODE;66;10,11,22,30,34,35,36,39,42,70,73,86,89;70;3;DISCOVERY;114;1026;98;5.798817;73;7.11501;1.316193;1.226976;56;49.122807
NEW_MODE;66;10,11,22,30,34,35,36,39,42,70,73,86,89;73;9;DISCOVERY;114;1026;93;5.502959;66;6.432749;0.92979;1.168962;54;47.368421
NEW_MODE;66;10,11,22,30,34,35,36,39,42,70,73,86,89;86;7;DISCOVERY;114;1026;125;7.39645;87;8.479532;1.083082;1.146433;65;57.017544
NEW_MODE;66;10,11,22,30,34,35,36,39,42,70,73,86,89;89;12;DISCOVERY;114;1026;109;6.449704;75;7.309942;0.860237;1.133376;56;49.122807
NEW_MODE;66;10,11,22,30,34,35,36,39,42,70,73,86,89;10;1;VALIDATION;44;396;41;7.269504;24;6.060606;-1.208897;0.833703;21;47.727273
NEW_MODE;66;10,11,22,30,34,35,36,39,42,70,73,86,89;11;11;VALIDATION;44;396;27;4.787234;22;5.555556;0.768322;1.160494;17;38.636364
NEW_MODE;66;10,11,22,30,34,35,36,39,42,70,73,86,89;22;6;VALIDATION;44;396;42;7.446809;28;7.070707;-0.376101;0.949495;21;47.727273
NEW_MODE;66;10,11,22,30,34,35,36,39,42,70,73,86,89;30;8;VALIDATION;44;396;36;6.382979;28;7.070707;0.687728;1.107744;25;56.818182
NEW_MODE;66;10,11,22,30,34,35,36,39,42,70,73,86,89;34;2;VALIDATION;44;396;33;5.851064;27;6.818182;0.967118;1.165289;24;54.545455
NEW_MODE;66;10,11,22,30,34,35,36,39,42,70,73,86,89;35;13;VALIDATION;44;396;40;7.092199;28;7.070707;-0.021492;0.99697;20;45.454545
NEW_MODE;66;10,11,22,30,34,35,36,39,42,70,73,86,89;36;5;VALIDATION;44;396;26;4.609929;17;4.292929;-0.317;0.931235;14;31.818182
NEW_MODE;66;10,11,22,30,34,35,36,39,42,70,73,86,89;39;10;VALIDATION;44;396;47;8.333333;32;8.080808;-0.252525;0.969697;25;56.818182
NEW_MODE;66;10,11,22,30,34,35,36,39,42,70,73,86,89;42;4;VALIDATION;44;396;45;7.978723;40;10.10101;2.122287;1.265993;27;61.363636
NEW_MODE;66;10,11,22,30,34,35,36,39,42,70,73,86,89;70;3;VALIDATION;44;396;31;5.496454;18;4.545455;-0.950999;0.826979;17;38.636364
NEW_MODE;66;10,11,22,30,34,35,36,39,42,70,73,86,89;73;9;VALIDATION;44;396;44;7.801418;31;7.828283;0.026864;1.003444;25;56.818182
NEW_MODE;66;10,11,22,30,34,35,36,39,42,70,73,86,89;86;7;VALIDATION;44;396;45;7.978723;33;8.333333;0.35461;1.044444;25;56.818182
NEW_MODE;66;10,11,22,30,34,35,36,39,42,70,73,86,89;89;12;VALIDATION;44;396;42;7.446809;31;7.828283;0.381474;1.051227;24;54.545455
NEW_MODE;66;10,11,22,30,34,35,36,39,42,70,73,86,89;10;1;TEST;35;315;40;7.092199;15;4.761905;-2.330294;0.671429;11;31.428571
NEW_MODE;66;10,11,22,30,34,35,36,39,42,70,73,86,89;11;11;TEST;35;315;42;7.446809;27;8.571429;1.12462;1.15102;17;48.571429
NEW_MODE;66;10,11,22,30,34,35,36,39,42,70,73,86,89;22;6;TEST;35;315;34;6.028369;22;6.984127;0.955758;1.158543;20;57.142857
NEW_MODE;66;10,11,22,30,34,35,36,39,42,70,73,86,89;30;8;TEST;35;315;39;6.914894;33;10.47619;3.561297;1.515018;26;74.285714
NEW_MODE;66;10,11,22,30,34,35,36,39,42,70,73,86,89;34;2;TEST;35;315;42;7.446809;27;8.571429;1.12462;1.15102;17;48.571429
NEW_MODE;66;10,11,22,30,34,35,36,39,42,70,73,86,89;35;13;TEST;35;315;32;5.673759;13;4.126984;-1.546775;0.727381;11;31.428571
NEW_MODE;66;10,11,22,30,34,35,36,39,42,70,73,86,89;36;5;TEST;35;315;34;6.028369;25;7.936508;1.908139;1.316527;19;54.285714
NEW_MODE;66;10,11,22,30,34,35,36,39,42,70,73,86,89;39;10;TEST;35;315;36;6.382979;22;6.984127;0.601148;1.09418;18;51.428571
NEW_MODE;66;10,11,22,30,34,35,36,39,42,70,73,86,89;42;4;TEST;35;315;45;7.978723;24;7.619048;-0.359676;0.954921;18;51.428571
NEW_MODE;66;10,11,22,30,34,35,36,39,42,70,73,86,89;70;3;TEST;35;315;26;4.609929;8;2.539683;-2.070247;0.550916;8;22.857143
NEW_MODE;66;10,11,22,30,34,35,36,39,42,70,73,86,89;73;9;TEST;35;315;47;8.333333;22;6.984127;-1.349206;0.838095;17;48.571429
NEW_MODE;66;10,11,22,30,34,35,36,39,42,70,73,86,89;86;7;TEST;35;315;35;6.205674;14;4.444444;-1.761229;0.71619;14;40.0
NEW_MODE;66;10,11,22,30,34,35,36,39,42,70,73,86,89;89;12;TEST;35;315;36;6.382979;16;5.079365;-1.303614;0.795767;10;28.571429
NEW_MODE;67;13,23,28,34,39,43,49,54,65,75,79,83,84;13;11;DISCOVERY;120;1080;97;5.739645;71;6.574074;0.834429;1.14538;57;47.5
NEW_MODE;67;13,23,28,34,39,43,49,54,65,75,79,83,84;23;1;DISCOVERY;120;1080;98;5.798817;79;7.314815;1.515998;1.261432;62;51.666667
NEW_MODE;67;13,23,28,34,39,43,49,54,65,75,79,83,84;28;9;DISCOVERY;120;1080;103;6.094675;76;7.037037;0.942362;1.154621;53;44.166667
NEW_MODE;67;13,23,28,34,39,43,49,54,65,75,79,83,84;34;10;DISCOVERY;120;1080;121;7.159763;87;8.055556;0.895792;1.125115;67;55.833333
NEW_MODE;67;13,23,28,34,39,43,49,54,65,75,79,83,84;39;3;DISCOVERY;120;1080;115;6.804734;88;8.148148;1.343414;1.197424;66;55.0
NEW_MODE;67;13,23,28,34,39,43,49,54,65,75,79,83,84;43;12;DISCOVERY;120;1080;110;6.508876;79;7.314815;0.805939;1.123822;64;53.333333
NEW_MODE;67;13,23,28,34,39,43,49,54,65,75,79,83,84;49;8;DISCOVERY;120;1080;125;7.39645;91;8.425926;1.029476;1.139185;67;55.833333
NEW_MODE;67;13,23,28,34,39,43,49,54,65,75,79,83,84;54;5;DISCOVERY;120;1080;130;7.692308;96;8.888889;1.196581;1.155556;70;58.333333
NEW_MODE;67;13,23,28,34,39,43,49,54,65,75,79,83,84;65;4;DISCOVERY;120;1080;122;7.218935;92;8.518519;1.299584;1.180024;72;60.0
NEW_MODE;67;13,23,28,34,39,43,49,54,65,75,79,83,84;75;2;DISCOVERY;120;1080;128;7.573964;97;8.981481;1.407517;1.185836;66;55.0
NEW_MODE;67;13,23,28,34,39,43,49,54,65,75,79,83,84;79;13;DISCOVERY;120;1080;130;7.692308;91;8.425926;0.733618;1.09537;69;57.5
NEW_MODE;67;13,23,28,34,39,43,49,54,65,75,79,83,84;83;6;DISCOVERY;120;1080;127;7.514793;94;8.703704;1.188911;1.158209;70;58.333333
NEW_MODE;67;13,23,28,34,39,43,49,54,65,75,79,83,84;84;7;DISCOVERY;120;1080;114;6.745562;85;7.87037;1.124808;1.166748;65;54.166667
NEW_MODE;67;13,23,28,34,39,43,49,54,65,75,79,83,84;13;11;VALIDATION;36;324;32;5.673759;18;5.555556;-0.118203;0.979167;15;41.666667
NEW_MODE;67;13,23,28,34,39,43,49,54,65,75,79,83,84;23;1;VALIDATION;36;324;36;6.382979;17;5.246914;-1.136065;0.822016;14;38.888889
NEW_MODE;67;13,23,28,34,39,43,49,54,65,75,79,83,84;28;9;VALIDATION;36;324;42;7.446809;25;7.716049;0.269241;1.036155;20;55.555556
NEW_MODE;67;13,23,28,34,39,43,49,54,65,75,79,83,84;34;10;VALIDATION;36;324;33;5.851064;24;7.407407;1.556344;1.265993;21;58.333333
NEW_MODE;67;13,23,28,34,39,43,49,54,65,75,79,83,84;39;3;VALIDATION;36;324;47;8.333333;25;7.716049;-0.617284;0.925926;19;52.777778
NEW_MODE;67;13,23,28,34,39,43,49,54,65,75,79,83,84;43;12;VALIDATION;36;324;39;6.914894;23;7.098765;0.183872;1.026591;19;52.777778
NEW_MODE;67;13,23,28,34,39,43,49,54,65,75,79,83,84;49;8;VALIDATION;36;324;47;8.333333;30;9.259259;0.925926;1.111111;21;58.333333
NEW_MODE;67;13,23,28,34,39,43,49,54,65,75,79,83,84;54;5;VALIDATION;36;324;33;5.851064;13;4.012346;-1.838718;0.685746;13;36.111111
NEW_MODE;67;13,23,28,34,39,43,49,54,65,75,79,83,84;65;4;VALIDATION;36;324;43;7.624113;21;6.481481;-1.142632;0.850129;18;50.0
NEW_MODE;67;13,23,28,34,39,43,49,54,65,75,79,83,84;75;2;VALIDATION;36;324;33;5.851064;19;5.864198;0.013134;1.002245;16;44.444444
NEW_MODE;67;13,23,28,34,39,43,49,54,65,75,79,83,84;79;13;VALIDATION;36;324;35;6.205674;20;6.17284;-0.032834;0.994709;18;50.0
NEW_MODE;67;13,23,28,34,39,43,49,54,65,75,79,83,84;83;6;VALIDATION;36;324;34;6.028369;18;5.555556;-0.472813;0.921569;16;44.444444
NEW_MODE;67;13,23,28,34,39,43,49,54,65,75,79,83,84;84;7;VALIDATION;36;324;32;5.673759;15;4.62963;-1.044129;0.815972;13;36.111111
NEW_MODE;67;13,23,28,34,39,43,49,54,65,75,79,83,84;13;11;TEST;28;252;41;7.269504;18;7.142857;-0.126646;0.982578;15;53.571429
NEW_MODE;67;13,23,28,34,39,43,49,54,65,75,79,83,84;23;1;TEST;28;252;44;7.801418;28;11.111111;3.309693;1.424242;20;71.428571
NEW_MODE;67;13,23,28,34,39,43,49,54,65,75,79,83,84;28;9;TEST;28;252;44;7.801418;22;8.730159;0.92874;1.119048;17;60.714286
NEW_MODE;67;13,23,28,34,39,43,49,54,65,75,79,83,84;34;10;TEST;28;252;42;7.446809;14;5.555556;-1.891253;0.746032;11;39.285714
NEW_MODE;67;13,23,28,34,39,43,49,54,65,75,79,83,84;39;3;TEST;28;252;36;6.382979;22;8.730159;2.34718;1.367725;17;60.714286
NEW_MODE;67;13,23,28,34,39,43,49,54,65,75,79,83,84;43;12;TEST;28;252;46;8.156028;17;6.746032;-1.409997;0.827122;14;50.0
NEW_MODE;67;13,23,28,34,39,43,49,54,65,75,79,83,84;49;8;TEST;28;252;42;7.446809;16;6.349206;-1.097602;0.852608;14;50.0
NEW_MODE;67;13,23,28,34,39,43,49,54,65,75,79,83,84;54;5;TEST;28;252;38;6.737589;22;8.730159;1.99257;1.295739;16;57.142857
NEW_MODE;67;13,23,28,34,39,43,49,54,65,75,79,83,84;65;4;TEST;28;252;29;5.141844;13;5.15873;0.016886;1.003284;10;35.714286
NEW_MODE;67;13,23,28,34,39,43,49,54,65,75,79,83,84;75;2;TEST;28;252;37;6.560284;17;6.746032;0.185748;1.028314;13;46.428571
NEW_MODE;67;13,23,28,34,39,43,49,54,65,75,79,83,84;79;13;TEST;28;252;46;8.156028;24;9.52381;1.367781;1.167702;15;53.571429
NEW_MODE;67;13,23,28,34,39,43,49,54,65,75,79,83,84;83;6;TEST;28;252;47;8.333333;15;5.952381;-2.380952;0.714286;14;50.0
NEW_MODE;67;13,23,28,34,39,43,49,54,65,75,79,83,84;84;7;TEST;28;252;35;6.205674;27;10.714286;4.508612;1.726531;17;60.714286
NEW_MODE;68;07,18,22,23,29,30,33,45,46,55,56,65,67;7;6;DISCOVERY;118;1062;96;5.680473;71;6.685499;1.005026;1.176926;57;48.305085
NEW_MODE;68;07,18,22,23,29,30,33,45,46,55,56,65,67;18;9;DISCOVERY;118;1062;97;5.739645;71;6.685499;0.945854;1.164793;52;44.067797
NEW_MODE;68;07,18,22,23,29,30,33,45,46,55,56,65,67;22;10;DISCOVERY;118;1062;110;6.508876;79;7.438795;0.929919;1.142869;63;53.389831
NEW_MODE;68;07,18,22,23,29,30,33,45,46,55,56,65,67;23;1;DISCOVERY;118;1062;98;5.798817;78;7.344633;1.545816;1.266574;62;52.542373
NEW_MODE;68;07,18,22,23,29,30,33,45,46,55,56,65,67;29;7;DISCOVERY;118;1062;112;6.627219;81;7.627119;0.9999;1.150878;60;50.847458
NEW_MODE;68;07,18,22,23,29,30,33,45,46,55,56,65,67;30;13;DISCOVERY;118;1062;101;5.976331;73;6.873823;0.897492;1.150174;53;44.915254
NEW_MODE;68;07,18,22,23,29,30,33,45,46,55,56,65,67;33;11;DISCOVERY;118;1062;115;6.804734;82;7.721281;0.916547;1.134693;63;53.389831
NEW_MODE;68;07,18,22,23,29,30,33,45,46,55,56,65,67;45;5;DISCOVERY;118;1062;133;7.869822;96;9.039548;1.169726;1.148634;73;61.864407
NEW_MODE;68;07,18,22,23,29,30,33,45,46,55,56,65,67;46;4;DISCOVERY;118;1062;110;6.508876;83;7.815443;1.306567;1.200736;56;47.457627
NEW_MODE;68;07,18,22,23,29,30,33,45,46,55,56,65,67;55;8;DISCOVERY;118;1062;122;7.218935;87;8.19209;0.973155;1.134806;60;50.847458
NEW_MODE;68;07,18,22,23,29,30,33,45,46,55,56,65,67;56;12;DISCOVERY;118;1062;123;7.278107;87;8.19209;0.913984;1.12558;65;55.084746
NEW_MODE;68;07,18,22,23,29,30,33,45,46,55,56,65,67;65;2;DISCOVERY;118;1062;122;7.218935;92;8.6629;1.443965;1.200025;63;53.389831
NEW_MODE;68;07,18,22,23,29,30,33,45,46,55,56,65,67;67;3;DISCOVERY;118;1062;120;7.100592;90;8.474576;1.373985;1.193503;67;56.779661
NEW_MODE;68;07,18,22,23,29,30,33,45,46,55,56,65,67;7;6;VALIDATION;46;414;40;7.092199;32;7.729469;0.63727;1.089855;27;58.695652
NEW_MODE;68;07,18,22,23,29,30,33,45,46,55,56,65,67;18;9;VALIDATION;46;414;32;5.673759;20;4.830918;-0.842841;0.851449;16;34.782609
NEW_MODE;68;07,18,22,23,29,30,33,45,46,55,56,65,67;22;10;VALIDATION;46;414;42;7.446809;34;8.21256;0.765752;1.10283;25;54.347826
NEW_MODE;68;07,18,22,23,29,30,33,45,46,55,56,65,67;23;1;VALIDATION;46;414;36;6.382979;26;6.280193;-0.102785;0.983897;21;45.652174
NEW_MODE;68;07,18,22,23,29,30,33,45,46,55,56,65,67;29;7;VALIDATION;46;414;30;5.319149;25;6.038647;0.719498;1.135266;21;45.652174
NEW_MODE;68;07,18,22,23,29,30,33,45,46,55,56,65,67;30;13;VALIDATION;46;414;36;6.382979;27;6.521739;0.13876;1.021739;22;47.826087
NEW_MODE;68;07,18,22,23,29,30,33,45,46,55,56,65,67;33;11;VALIDATION;46;414;32;5.673759;27;6.521739;0.84798;1.149457;15;32.608696
NEW_MODE;68;07,18,22,23,29,30,33,45,46,55,56,65,67;45;5;VALIDATION;46;414;40;7.092199;24;5.797101;-1.295097;0.817391;22;47.826087
NEW_MODE;68;07,18,22,23,29,30,33,45,46,55,56,65,67;46;4;VALIDATION;46;414;36;6.382979;24;5.797101;-0.585877;0.908213;22;47.826087
NEW_MODE;68;07,18,22,23,29,30,33,45,46,55,56,65,67;55;8;VALIDATION;46;414;41;7.269504;24;5.797101;-1.472402;0.797455;22;47.826087
NEW_MODE;68;07,18,22,23,29,30,33,45,46,55,56,65,67;56;12;VALIDATION;46;414;39;6.914894;27;6.521739;-0.393154;0.943144;25;54.347826
NEW_MODE;68;07,18,22,23,29,30,33,45,46,55,56,65,67;65;2;VALIDATION;46;414;43;7.624113;36;8.695652;1.071539;1.140546;30;65.217391
NEW_MODE;68;07,18,22,23,29,30,33,45,46,55,56,65,67;67;3;VALIDATION;46;414;36;6.382979;20;4.830918;-1.552061;0.756844;19;41.304348
NEW_MODE;68;07,18,22,23,29,30,33,45,46,55,56,65,67;7;6;TEST;42;378;39;6.914894;30;7.936508;1.021614;1.147741;25;59.52381
NEW_MODE;68;07,18,22,23,29,30,33,45,46,55,56,65,67;18;9;TEST;42;378;42;7.446809;26;6.878307;-0.568502;0.923658;17;40.47619
NEW_MODE;68;07,18,22,23,29,30,33,45,46,55,56,65,67;22;10;TEST;42;378;34;6.028369;27;7.142857;1.114488;1.184874;25;59.52381
NEW_MODE;68;07,18,22,23,29,30,33,45,46,55,56,65,67;23;1;TEST;42;378;44;7.801418;31;8.201058;0.39964;1.051227;20;47.619048
NEW_MODE;68;07,18,22,23,29,30,33,45,46,55,56,65,67;29;7;TEST;42;378;36;6.382979;27;7.142857;0.759878;1.119048;23;54.761905
NEW_MODE;68;07,18,22,23,29,30,33,45,46,55,56,65,67;30;13;TEST;42;378;39;6.914894;27;7.142857;0.227964;1.032967;23;54.761905
NEW_MODE;68;07,18,22,23,29,30,33,45,46,55,56,65,67;33;11;TEST;42;378;40;7.092199;31;8.201058;1.10886;1.156349;24;57.142857
NEW_MODE;68;07,18,22,23,29,30,33,45,46,55,56,65,67;45;5;TEST;42;378;41;7.269504;25;6.613757;-0.655747;0.909795;19;45.238095
NEW_MODE;68;07,18,22,23,29,30,33,45,46,55,56,65,67;46;4;TEST;42;378;36;6.382979;21;5.555556;-0.827423;0.87037;19;45.238095
NEW_MODE;68;07,18,22,23,29,30,33,45,46,55,56,65,67;55;8;TEST;42;378;39;6.914894;24;6.349206;-0.565687;0.918193;20;47.619048
NEW_MODE;68;07,18,22,23,29,30,33,45,46,55,56,65,67;56;12;TEST;42;378;36;6.382979;31;8.201058;1.818079;1.284832;20;47.619048
NEW_MODE;68;07,18,22,23,29,30,33,45,46,55,56,65,67;65;2;TEST;42;378;29;5.141844;14;3.703704;-1.43814;0.720307;13;30.952381
NEW_MODE;68;07,18,22,23,29,30,33,45,46,55,56,65,67;67;3;TEST;42;378;28;4.964539;20;5.291005;0.326466;1.06576;13;30.952381
NEW_MODE;69;01,13,23,24,39,41,48,55,67,68,74,80,88;1;5;DISCOVERY;114;1026;112;6.627219;78;7.602339;0.97512;1.147139;64;56.140351
NEW_MODE;69;01,13,23,24,39,41,48,55,67,68,74,80,88;13;3;DISCOVERY;114;1026;97;5.739645;75;7.309942;1.570297;1.273588;57;50.0
NEW_MODE;69;01,13,23,24,39,41,48,55,67,68,74,80,88;23;11;DISCOVERY;114;1026;98;5.798817;67;6.530214;0.731398;1.126129;52;45.614035
NEW_MODE;69;01,13,23,24,39,41,48,55,67,68,74,80,88;24;12;DISCOVERY;114;1026;108;6.390533;73;7.11501;0.724477;1.113367;54;47.368421
NEW_MODE;69;01,13,23,24,39,41,48,55,67,68,74,80,88;39;2;DISCOVERY;114;1026;115;6.804734;86;8.382066;1.577333;1.231799;61;53.508772
NEW_MODE;69;01,13,23,24,39,41,48,55,67,68,74,80,88;41;1;DISCOVERY;114;1026;119;7.04142;92;8.966862;1.925441;1.273445;65;57.017544
NEW_MODE;69;01,13,23,24,39,41,48,55,67,68,74,80,88;48;10;DISCOVERY;114;1026;121;7.159763;81;7.894737;0.734974;1.102653;59;51.754386
NEW_MODE;69;01,13,23,24,39,41,48,55,67,68,74,80,88;55;7;DISCOVERY;114;1026;122;7.218935;82;7.992203;0.773268;1.107117;63;55.263158
NEW_MODE;69;01,13,23,24,39,41,48,55,67,68,74,80,88;67;4;DISCOVERY;114;1026;120;7.100592;86;8.382066;1.281475;1.180474;67;58.77193
NEW_MODE;69;01,13,23,24,39,41,48,55,67,68,74,80,88;68;9;DISCOVERY;114;1026;119;7.04142;80;7.797271;0.755851;1.107344;64;56.140351
NEW_MODE;69;01,13,23,24,39,41,48,55,67,68,74,80,88;74;8;DISCOVERY;114;1026;122;7.218935;82;7.992203;0.773268;1.107117;59;51.754386
NEW_MODE;69;01,13,23,24,39,41,48,55,67,68,74,80,88;80;13;DISCOVERY;114;1026;110;6.508876;74;7.212476;0.7036;1.108099;56;49.122807
NEW_MODE;69;01,13,23,24,39,41,48,55,67,68,74,80,88;88;6;DISCOVERY;114;1026;104;6.153846;72;7.017544;0.863698;1.140351;58;50.877193
NEW_MODE;69;01,13,23,24,39,41,48,55,67,68,74,80,88;1;5;VALIDATION;35;315;34;6.028369;20;6.349206;0.320838;1.053221;15;42.857143
NEW_MODE;69;01,13,23,24,39,41,48,55,67,68,74,80,88;13;3;VALIDATION;35;315;32;5.673759;22;6.984127;1.310368;1.230952;17;48.571429
NEW_MODE;69;01,13,23,24,39,41,48,55,67,68,74,80,88;23;11;VALIDATION;35;315;36;6.382979;15;4.761905;-1.621074;0.746032;13;37.142857
NEW_MODE;69;01,13,23,24,39,41,48,55,67,68,74,80,88;24;12;VALIDATION;35;315;34;6.028369;16;5.079365;-0.949004;0.842577;12;34.285714
NEW_MODE;69;01,13,23,24,39,41,48,55,67,68,74,80,88;39;2;VALIDATION;35;315;47;8.333333;29;9.206349;0.873016;1.104762;22;62.857143
NEW_MODE;69;01,13,23,24,39,41,48,55,67,68,74,80,88;41;1;VALIDATION;35;315;48;8.510638;28;8.888889;0.378251;1.044444;20;57.142857
NEW_MODE;69;01,13,23,24,39,41,48,55,67,68,74,80,88;48;10;VALIDATION;35;315;40;7.092199;16;5.079365;-2.012834;0.71619;14;40.0
NEW_MODE;69;01,13,23,24,39,41,48,55,67,68,74,80,88;55;7;VALIDATION;35;315;41;7.269504;24;7.619048;0.349544;1.048084;19;54.285714
NEW_MODE;69;01,13,23,24,39,41,48,55,67,68,74,80,88;67;4;VALIDATION;35;315;36;6.382979;28;8.888889;2.50591;1.392593;23;65.714286
NEW_MODE;69;01,13,23,24,39,41,48,55,67,68,74,80,88;68;9;VALIDATION;35;315;47;8.333333;20;6.349206;-1.984127;0.761905;18;51.428571
NEW_MODE;69;01,13,23,24,39,41,48,55,67,68,74,80,88;74;8;VALIDATION;35;315;34;6.028369;19;6.031746;0.003377;1.00056;15;42.857143
NEW_MODE;69;01,13,23,24,39,41,48,55,67,68,74,80,88;80;13;VALIDATION;35;315;42;7.446809;21;6.666667;-0.780142;0.895238;13;37.142857
NEW_MODE;69;01,13,23,24,39,41,48,55,67,68,74,80,88;88;6;VALIDATION;35;315;33;5.851064;19;6.031746;0.180682;1.03088;14;40.0
NEW_MODE;69;01,13,23,24,39,41,48,55,67,68,74,80,88;1;5;TEST;36;324;40;7.092199;25;7.716049;0.623851;1.087963;17;47.222222
NEW_MODE;69;01,13,23,24,39,41,48,55,67,68,74,80,88;13;3;TEST;36;324;41;7.269504;26;8.024691;0.755188;1.103884;21;58.333333
NEW_MODE;69;01,13,23,24,39,41,48,55,67,68,74,80,88;23;11;TEST;36;324;44;7.801418;28;8.641975;0.840557;1.107744;20;55.555556
NEW_MODE;69;01,13,23,24,39,41,48,55,67,68,74,80,88;24;12;TEST;36;324;32;5.673759;17;5.246914;-0.426845;0.924769;15;41.666667
NEW_MODE;69;01,13,23,24,39,41,48,55,67,68,74,80,88;39;2;TEST;36;324;36;6.382979;19;5.864198;-0.518781;0.918724;16;44.444444
NEW_MODE;69;01,13,23,24,39,41,48,55,67,68,74,80,88;41;1;TEST;36;324;38;6.737589;21;6.481481;-0.256107;0.961988;18;50.0
NEW_MODE;69;01,13,23,24,39,41,48,55,67,68,74,80,88;48;10;TEST;36;324;31;5.496454;11;3.395062;-2.101392;0.617682;10;27.777778
NEW_MODE;69;01,13,23,24,39,41,48,55,67,68,74,80,88;55;7;TEST;36;324;39;6.914894;34;10.493827;3.578934;1.517569;24;66.666667
NEW_MODE;69;01,13,23,24,39,41,48,55,67,68,74,80,88;67;4;TEST;36;324;28;4.964539;16;4.938272;-0.026267;0.994709;12;33.333333
NEW_MODE;69;01,13,23,24,39,41,48,55,67,68,74,80,88;68;9;TEST;36;324;42;7.446809;25;7.716049;0.269241;1.036155;21;58.333333
NEW_MODE;69;01,13,23,24,39,41,48,55,67,68,74,80,88;74;8;TEST;36;324;37;6.560284;19;5.864198;-0.696086;0.893894;14;38.888889
NEW_MODE;69;01,13,23,24,39,41,48,55,67,68,74,80,88;80;13;TEST;36;324;46;8.156028;28;8.641975;0.485947;1.059581;20;55.555556
NEW_MODE;69;01,13,23,24,39,41,48,55,67,68,74,80,88;88;6;TEST;36;324;41;7.269504;18;5.555556;-1.713948;0.764228;13;36.111111
NEW_MODE;70;03,13,18,24,45,48,57,77,78,81,82,83,87;3;6;DISCOVERY;97;873;93;5.502959;61;6.9874;1.484441;1.269753;47;48.453608
NEW_MODE;70;03,13,18,24,45,48,57,77,78,81,82,83,87;13;10;DISCOVERY;97;873;97;5.739645;62;7.101947;1.362302;1.23735;48;49.484536
NEW_MODE;70;03,13,18,24,45,48,57,77,78,81,82,83,87;18;3;DISCOVERY;97;873;97;5.739645;67;7.674685;1.93504;1.337136;50;51.546392
NEW_MODE;70;03,13,18,24,45,48,57,77,78,81,82,83,87;24;4;DISCOVERY;97;873;108;6.390533;72;8.247423;1.85689;1.290569;52;53.608247
NEW_MODE;70;03,13,18,24,45,48,57,77,78,81,82,83,87;45;9;DISCOVERY;97;873;133;7.869822;81;9.278351;1.408528;1.178978;60;61.85567
NEW_MODE;70;03,13,18,24,45,48,57,77,78,81,82,83,87;48;7;DISCOVERY;97;873;121;7.159763;75;8.591065;1.431302;1.199909;54;55.670103
NEW_MODE;70;03,13,18,24,45,48,57,77,78,81,82,83,87;57;13;DISCOVERY;97;873;116;6.863905;70;8.018328;1.154422;1.168187;56;57.731959
NEW_MODE;70;03,13,18,24,45,48,57,77,78,81,82,83,87;77;1;DISCOVERY;97;873;127;7.514793;83;9.507446;1.992653;1.265164;58;59.793814
NEW_MODE;70;03,13,18,24,45,48,57,77,78,81,82,83,87;78;11;DISCOVERY;97;873;120;7.100592;73;8.36197;1.261379;1.177644;49;50.515464
NEW_MODE;70;03,13,18,24,45,48,57,77,78,81,82,83,87;81;12;DISCOVERY;97;873;114;6.745562;69;7.90378;1.158218;1.171701;54;55.670103
NEW_MODE;70;03,13,18,24,45,48,57,77,78,81,82,83,87;82;8;DISCOVERY;97;873;125;7.39645;77;8.82016;1.423711;1.192486;58;59.793814
NEW_MODE;70;03,13,18,24,45,48,57,77,78,81,82,83,87;83;2;DISCOVERY;97;873;127;7.514793;83;9.507446;1.992653;1.265164;57;58.762887
NEW_MODE;70;03,13,18,24,45,48,57,77,78,81,82,83,87;87;5;DISCOVERY;97;873;112;6.627219;71;8.132875;1.505656;1.227193;53;54.639175
NEW_MODE;70;03,13,18,24,45,48,57,77,78,81,82,83,87;3;6;VALIDATION;29;261;35;6.205674;20;7.662835;1.457161;1.234811;16;55.172414
NEW_MODE;70;03,13,18,24,45,48,57,77,78,81,82,83,87;13;10;VALIDATION;29;261;32;5.673759;12;4.597701;-1.076058;0.810345;9;31.034483
NEW_MODE;70;03,13,18,24,45,48,57,77,78,81,82,83,87;18;3;VALIDATION;29;261;32;5.673759;14;5.363985;-0.309774;0.945402;11;37.931034
NEW_MODE;70;03,13,18,24,45,48,57,77,78,81,82,83,87;24;4;VALIDATION;29;261;34;6.028369;15;5.747126;-0.281242;0.953347;11;37.931034
NEW_MODE;70;03,13,18,24,45,48,57,77,78,81,82,83,87;45;9;VALIDATION;29;261;40;7.092199;18;6.896552;-0.195647;0.972414;14;48.275862
NEW_MODE;70;03,13,18,24,45,48,57,77,78,81,82,83,87;48;7;VALIDATION;29;261;40;7.092199;10;3.831418;-3.260781;0.54023;8;27.586207
NEW_MODE;70;03,13,18,24,45,48,57,77,78,81,82,83,87;57;13;VALIDATION;29;261;34;6.028369;21;8.045977;2.017608;1.334686;16;55.172414
NEW_MODE;70;03,13,18,24,45,48,57,77,78,81,82,83,87;77;1;VALIDATION;29;261;40;7.092199;16;6.130268;-0.96193;0.864368;10;34.482759
NEW_MODE;70;03,13,18,24,45,48,57,77,78,81,82,83,87;78;11;VALIDATION;29;261;35;6.205674;15;5.747126;-0.458547;0.926108;10;34.482759
NEW_MODE;70;03,13,18,24,45,48,57,77,78,81,82,83,87;81;12;VALIDATION;29;261;42;7.446809;18;6.896552;-0.550257;0.926108;14;48.275862
NEW_MODE;70;03,13,18,24,45,48,57,77,78,81,82,83,87;82;8;VALIDATION;29;261;31;5.496454;13;4.980843;-0.515611;0.906192;10;34.482759
NEW_MODE;70;03,13,18,24,45,48,57,77,78,81,82,83,87;83;2;VALIDATION;29;261;34;6.028369;13;4.980843;-1.047526;0.826234;12;41.37931
NEW_MODE;70;03,13,18,24,45,48,57,77,78,81,82,83,87;87;5;VALIDATION;29;261;40;7.092199;26;9.961686;2.869487;1.404598;20;68.965517
NEW_MODE;70;03,13,18,24,45,48,57,77,78,81,82,83,87;3;6;TEST;24;216;35;6.205674;13;6.018519;-0.187155;0.969841;12;50.0
NEW_MODE;70;03,13,18,24,45,48,57,77,78,81,82,83,87;13;10;TEST;24;216;41;7.269504;18;8.333333;1.06383;1.146341;13;54.166667
NEW_MODE;70;03,13,18,24,45,48,57,77,78,81,82,83,87;18;3;TEST;24;216;42;7.446809;14;6.481481;-0.965327;0.87037;12;50.0
NEW_MODE;70;03,13,18,24,45,48,57,77,78,81,82,83,87;24;4;TEST;24;216;32;5.673759;11;5.092593;-0.581166;0.897569;10;41.666667
NEW_MODE;70;03,13,18,24,45,48,57,77,78,81,82,83,87;45;9;TEST;24;216;41;7.269504;18;8.333333;1.06383;1.146341;15;62.5
NEW_MODE;70;03,13,18,24,45,48,57,77,78,81,82,83,87;48;7;TEST;24;216;31;5.496454;10;4.62963;-0.866824;0.842294;9;37.5
NEW_MODE;70;03,13,18,24,45,48,57,77,78,81,82,83,87;57;13;TEST;24;216;34;6.028369;7;3.240741;-2.787628;0.537582;6;25.0
NEW_MODE;70;03,13,18,24,45,48,57,77,78,81,82,83,87;77;1;TEST;24;216;30;5.319149;15;6.944444;1.625296;1.305556;11;45.833333
NEW_MODE;70;03,13,18,24,45,48,57,77,78,81,82,83,87;78;11;TEST;24;216;29;5.141844;14;6.481481;1.339638;1.260536;12;50.0
NEW_MODE;70;03,13,18,24,45,48,57,77,78,81,82,83,87;81;12;TEST;24;216;38;6.737589;13;6.018519;-0.71907;0.893275;12;50.0
NEW_MODE;70;03,13,18,24,45,48,57,77,78,81,82,83,87;82;8;TEST;24;216;36;6.382979;12;5.555556;-0.827423;0.87037;12;50.0
NEW_MODE;70;03,13,18,24,45,48,57,77,78,81,82,83,87;83;2;TEST;24;216;47;8.333333;16;7.407407;-0.925926;0.888889;14;58.333333
NEW_MODE;70;03,13,18,24,45,48,57,77,78,81,82,83,87;87;5;TEST;24;216;33;5.851064;7;3.240741;-2.610323;0.553872;5;20.833333
NEW_MODE;71;12,24,43,45,46,58,64,67,74,75,85,86,89;12;13;DISCOVERY;99;891;115;6.804734;68;7.631874;0.827141;1.121554;50;50.505051
NEW_MODE;71;12,24,43,45,46,58,64,67,74,75,85,86,89;24;11;DISCOVERY;99;891;108;6.390533;65;7.295174;0.904641;1.14156;46;46.464646
NEW_MODE;71;12,24,43,45,46,58,64,67,74,75,85,86,89;43;10;DISCOVERY;99;891;110;6.508876;67;7.519641;1.010765;1.15529;52;52.525253
NEW_MODE;71;12,24,43,45,46,58,64,67,74,75,85,86,89;45;4;DISCOVERY;99;891;133;7.869822;82;9.203143;1.33332;1.169422;61;61.616162
NEW_MODE;71;12,24,43,45,46,58,64,67,74,75,85,86,89;46;3;DISCOVERY;99;891;110;6.508876;70;7.856341;1.347465;1.20702;50;50.505051
NEW_MODE;71;12,24,43,45,46,58,64,67,74,75,85,86,89;58;6;DISCOVERY;99;891;110;6.508876;69;7.744108;1.235232;1.189777;51;51.515152
NEW_MODE;71;12,24,43,45,46,58,64,67,74,75,85,86,89;64;12;DISCOVERY;99;891;97;5.739645;59;6.621773;0.882128;1.15369;51;51.515152
NEW_MODE;71;12,24,43,45,46,58,64,67,74,75,85,86,89;67;2;DISCOVERY;99;891;120;7.100592;76;8.529742;1.42915;1.201272;54;54.545455
NEW_MODE;71;12,24,43,45,46,58,64,67,74,75,85,86,89;74;7;DISCOVERY;99;891;122;7.218935;75;8.417508;1.198574;1.166032;50;50.505051
NEW_MODE;71;12,24,43,45,46,58,64,67,74,75,85,86,89;75;9;DISCOVERY;99;891;128;7.573964;77;8.641975;1.068011;1.141011;56;56.565657
NEW_MODE;71;12,24,43,45,46,58,64,67,74,75,85,86,89;85;5;DISCOVERY;99;891;132;7.810651;81;9.090909;1.280258;1.163912;55;55.555556
NEW_MODE;71;12,24,43,45,46,58,64,67,74,75,85,86,89;86;1;DISCOVERY;99;891;125;7.39645;86;9.652076;2.255627;1.304961;60;60.606061
NEW_MODE;71;12,24,43,45,46,58,64,67,74,75,85,86,89;89;8;DISCOVERY;99;891;109;6.449704;67;7.519641;1.069937;1.165889;49;49.494949
NEW_MODE;71;12,24,43,45,46,58,64,67,74,75,85,86,89;12;13;VALIDATION;42;378;28;4.964539;15;3.968254;-0.996285;0.79932;13;30.952381
NEW_MODE;71;12,24,43,45,46,58,64,67,74,75,85,86,89;24;11;VALIDATION;42;378;34;6.028369;20;5.291005;-0.737364;0.877684;13;30.952381
NEW_MODE;71;12,24,43,45,46,58,64,67,74,75,85,86,89;43;10;VALIDATION;42;378;39;6.914894;28;7.407407;0.492514;1.071225;21;50.0
NEW_MODE;71;12,24,43,45,46,58,64,67,74,75,85,86,89;45;4;VALIDATION;42;378;40;7.092199;31;8.201058;1.10886;1.156349;22;52.380952
NEW_MODE;71;12,24,43,45,46,58,64,67,74,75,85,86,89;46;3;VALIDATION;42;378;36;6.382979;24;6.349206;-0.033772;0.994709;20;47.619048
NEW_MODE;71;12,24,43,45,46,58,64,67,74,75,85,86,89;58;6;VALIDATION;42;378;43;7.624113;27;7.142857;-0.481256;0.936877;23;54.761905
NEW_MODE;71;12,24,43,45,46,58,64,67,74,75,85,86,89;64;12;VALIDATION;42;378;39;6.914894;22;5.820106;-1.094788;0.841677;21;50.0
NEW_MODE;71;12,24,43,45,46,58,64,67,74,75,85,86,89;67;2;VALIDATION;42;378;36;6.382979;23;6.084656;-0.298323;0.953263;16;38.095238
NEW_MODE;71;12,24,43,45,46,58,64,67,74,75,85,86,89;74;7;VALIDATION;42;378;34;6.028369;16;4.232804;-1.795565;0.702148;15;35.714286
NEW_MODE;71;12,24,43,45,46,58,64,67,74,75,85,86,89;75;9;VALIDATION;42;378;33;5.851064;24;6.349206;0.498143;1.085137;17;40.47619
NEW_MODE;71;12,24,43,45,46,58,64,67,74,75,85,86,89;85;5;VALIDATION;42;378;28;4.964539;23;6.084656;1.120117;1.225624;19;45.238095
NEW_MODE;71;12,24,43,45,46,58,64,67,74,75,85,86,89;86;1;VALIDATION;42;378;45;7.978723;27;7.142857;-0.835866;0.895238;21;50.0
NEW_MODE;71;12,24,43,45,46,58,64,67,74,75,85,86,89;89;8;VALIDATION;42;378;42;7.446809;28;7.407407;-0.039401;0.994709;19;45.238095
NEW_MODE;71;12,24,43,45,46,58,64,67,74,75,85,86,89;12;13;TEST;38;342;25;4.432624;19;5.555556;1.122931;1.253333;13;34.210526
NEW_MODE;71;12,24,43,45,46,58,64,67,74,75,85,86,89;24;11;TEST;38;342;32;5.673759;19;5.555556;-0.118203;0.979167;16;42.105263
NEW_MODE;71;12,24,43,45,46,58,64,67,74,75,85,86,89;43;10;TEST;38;342;46;8.156028;31;9.064327;0.908299;1.111365;21;55.263158
NEW_MODE;71;12,24,43,45,46,58,64,67,74,75,85,86,89;45;4;TEST;38;342;41;7.269504;17;4.97076;-2.298743;0.683783;16;42.105263
NEW_MODE;71;12,24,43,45,46,58,64,67,74,75,85,86,89;46;3;TEST;38;342;36;6.382979;24;7.017544;0.634565;1.099415;19;50.0
NEW_MODE;71;12,24,43,45,46,58,64,67,74,75,85,86,89;58;6;TEST;38;342;42;7.446809;20;5.847953;-1.598855;0.785297;19;50.0
NEW_MODE;71;12,24,43,45,46,58,64,67,74,75,85,86,89;64;12;TEST;38;342;35;6.205674;24;7.017544;0.81187;1.130827;17;44.736842
NEW_MODE;71;12,24,43,45,46,58,64,67,74,75,85,86,89;67;2;TEST;38;342;28;4.964539;8;2.339181;-2.625358;0.471178;7;18.421053
NEW_MODE;71;12,24,43,45,46,58,64,67,74,75,85,86,89;74;7;TEST;38;342;37;6.560284;24;7.017544;0.45726;1.069701;18;47.368421
NEW_MODE;71;12,24,43,45,46,58,64,67,74,75,85,86,89;75;9;TEST;38;342;37;6.560284;25;7.309942;0.749658;1.114272;19;50.0
NEW_MODE;71;12,24,43,45,46,58,64,67,74,75,85,86,89;85;5;TEST;38;342;53;9.397163;34;9.94152;0.544357;1.057928;22;57.894737
NEW_MODE;71;12,24,43,45,46,58,64,67,74,75,85,86,89;86;1;TEST;38;342;35;6.205674;15;4.385965;-1.819709;0.706767;14;36.842105
NEW_MODE;71;12,24,43,45,46,58,64,67,74,75,85,86,89;89;8;TEST;38;342;36;6.382979;25;7.309942;0.926963;1.145224;18;47.368421
NEW_MODE;72;10,16,23,29,35,41,44,47,50,57,68,75,79;10;3;DISCOVERY;109;981;109;6.449704;84;8.562691;2.112987;1.32761;59;54.12844
NEW_MODE;72;10,16,23,29,35,41,44,47,50,57,68,75,79;16;4;DISCOVERY;109;981;117;6.923077;86;8.766565;1.843488;1.266282;55;50.458716
NEW_MODE;72;10,16,23,29,35,41,44,47,50,57,68,75,79;23;10;DISCOVERY;109;981;98;5.798817;68;6.931702;1.132886;1.195365;52;47.706422
NEW_MODE;72;10,16,23,29,35,41,44,47,50,57,68,75,79;29;12;DISCOVERY;109;981;112;6.627219;75;7.64526;1.018041;1.153615;51;46.788991
NEW_MODE;72;10,16,23,29,35,41,44,47,50,57,68,75,79;35;2;DISCOVERY;109;981;111;6.568047;86;8.766565;2.198517;1.334729;66;60.550459
NEW_MODE;72;10,16,23,29,35,41,44,47,50,57,68,75,79;41;9;DISCOVERY;109;981;119;7.04142;81;8.256881;1.215461;1.172616;62;56.880734
NEW_MODE;72;10,16,23,29,35,41,44,47,50,57,68,75,79;44;8;DISCOVERY;109;981;101;5.976331;73;7.441386;1.465055;1.245143;50;45.87156
NEW_MODE;72;10,16,23,29,35,41,44,47,50,57,68,75,79;47;11;DISCOVERY;109;981;125;7.39645;83;8.460754;1.064305;1.143894;59;54.12844
NEW_MODE;72;10,16,23,29,35,41,44,47,50,57,68,75,79;50;6;DISCOVERY;109;981;103;6.094675;75;7.64526;1.550585;1.254416;52;47.706422
NEW_MODE;72;10,16,23,29,35,41,44,47,50,57,68,75,79;57;13;DISCOVERY;109;981;116;6.863905;77;7.849134;0.985228;1.143538;62;56.880734
NEW_MODE;72;10,16,23,29,35,41,44,47,50,57,68,75,79;68;1;DISCOVERY;109;981;119;7.04142;91;9.276249;2.234829;1.317383;64;58.715596
NEW_MODE;72;10,16,23,29,35,41,44,47,50,57,68,75,79;75;7;DISCOVERY;109;981;128;7.573964;89;9.072375;1.498411;1.197837;63;57.798165
NEW_MODE;72;10,16,23,29,35,41,44,47,50,57,68,75,79;79;5;DISCOVERY;109;981;130;7.692308;91;9.276249;1.583941;1.205912;67;61.46789
NEW_MODE;72;10,16,23,29,35,41,44,47,50,57,68,75,79;10;3;VALIDATION;39;351;41;7.269504;37;10.541311;3.271807;1.450073;26;66.666667
NEW_MODE;72;10,16,23,29,35,41,44,47,50,57,68,75,79;16;4;VALIDATION;39;351;31;5.496454;13;3.703704;-1.79275;0.673835;13;33.333333
NEW_MODE;72;10,16,23,29,35,41,44,47,50,57,68,75,79;23;10;VALIDATION;39;351;36;6.382979;17;4.843305;-1.539674;0.758784;16;41.025641
NEW_MODE;72;10,16,23,29,35,41,44,47,50,57,68,75,79;29;12;VALIDATION;39;351;30;5.319149;24;6.837607;1.518458;1.28547;20;51.282051
NEW_MODE;72;10,16,23,29,35,41,44,47,50,57,68,75,79;35;2;VALIDATION;39;351;40;7.092199;19;5.413105;-1.679093;0.763248;14;35.897436
NEW_MODE;72;10,16,23,29,35,41,44,47,50,57,68,75,79;41;9;VALIDATION;39;351;48;8.510638;34;9.68661;1.175971;1.138177;25;64.102564
NEW_MODE;72;10,16,23,29,35,41,44,47,50,57,68,75,79;44;8;VALIDATION;39;351;36;6.382979;33;9.401709;3.018731;1.472934;21;53.846154
NEW_MODE;72;10,16,23,29,35,41,44,47,50,57,68,75,79;47;11;VALIDATION;39;351;38;6.737589;17;4.843305;-1.894284;0.718848;14;35.897436
NEW_MODE;72;10,16,23,29,35,41,44,47,50,57,68,75,79;50;6;VALIDATION;39;351;27;4.787234;18;5.128205;0.340971;1.071225;18;46.153846
NEW_MODE;72;10,16,23,29,35,41,44,47,50,57,68,75,79;57;13;VALIDATION;39;351;34;6.028369;18;5.128205;-0.900164;0.850679;16;41.025641
NEW_MODE;72;10,16,23,29,35,41,44,47,50,57,68,75,79;68;1;VALIDATION;39;351;47;8.333333;38;10.826211;2.492877;1.299145;29;74.358974
NEW_MODE;72;10,16,23,29,35,41,44,47,50,57,68,75,79;75;7;VALIDATION;39;351;33;5.851064;23;6.552707;0.701643;1.119917;19;48.717949
NEW_MODE;72;10,16,23,29,35,41,44,47,50,57,68,75,79;79;5;VALIDATION;39;351;35;6.205674;28;7.977208;1.771534;1.28547;25;64.102564
NEW_MODE;72;10,16,23,29,35,41,44,47,50,57,68,75,79;10;3;TEST;39;351;40;7.092199;26;7.407407;0.315209;1.044444;17;43.589744
NEW_MODE;72;10,16,23,29,35,41,44,47,50,57,68,75,79;16;4;TEST;39;351;37;6.560284;24;6.837607;0.277323;1.042273;22;56.410256
NEW_MODE;72;10,16,23,29,35,41,44,47,50,57,68,75,79;23;10;TEST;39;351;44;7.801418;25;7.122507;-0.678911;0.912976;17;43.589744
NEW_MODE;72;10,16,23,29,35,41,44,47,50,57,68,75,79;29;12;TEST;39;351;36;6.382979;28;7.977208;1.594229;1.249763;22;56.410256
NEW_MODE;72;10,16,23,29,35,41,44,47,50,57,68,75,79;35;2;TEST;39;351;32;5.673759;26;7.407407;1.733649;1.305556;20;51.282051
NEW_MODE;72;10,16,23,29,35,41,44,47,50,57,68,75,79;41;9;TEST;39;351;38;6.737589;32;9.116809;2.37922;1.353126;22;56.410256
NEW_MODE;72;10,16,23,29,35,41,44,47,50,57,68,75,79;44;8;TEST;39;351;35;6.205674;16;4.558405;-1.647269;0.734554;14;35.897436
NEW_MODE;72;10,16,23,29,35,41,44,47,50,57,68,75,79;47;11;TEST;39;351;41;7.269504;33;9.401709;2.132206;1.293308;27;69.230769
NEW_MODE;72;10,16,23,29,35,41,44,47,50,57,68,75,79;50;6;TEST;39;351;27;4.787234;18;5.128205;0.340971;1.071225;14;35.897436
NEW_MODE;72;10,16,23,29,35,41,44,47,50,57,68,75,79;57;13;TEST;39;351;34;6.028369;18;5.128205;-0.900164;0.850679;14;35.897436
NEW_MODE;72;10,16,23,29,35,41,44,47,50,57,68,75,79;68;1;TEST;39;351;42;7.446809;18;5.128205;-2.318603;0.688645;16;41.025641
NEW_MODE;72;10,16,23,29,35,41,44,47,50,57,68,75,79;75;7;TEST;39;351;37;6.560284;21;5.982906;-0.577378;0.911989;19;48.717949
NEW_MODE;72;10,16,23,29,35,41,44,47,50,57,68,75,79;79;5;TEST;39;351;46;8.156028;28;7.977208;-0.17882;0.978075;19;48.717949
NEW_MODE;73;10,12,13,16,19,23,27,35,39,43,52,64,68;10;6;DISCOVERY;91;819;109;6.449704;64;7.814408;1.364704;1.211592;47;51.648352
NEW_MODE;73;10,12,13,16,19,23,27,35,39,43,52,64,68;12;3;DISCOVERY;91;819;115;6.804734;73;8.913309;2.108575;1.309869;57;62.637363
NEW_MODE;73;10,12,13,16,19,23,27,35,39,43,52,64,68;13;7;DISCOVERY;91;819;97;5.739645;58;7.081807;1.342162;1.233841;44;48.351648
NEW_MODE;73;10,12,13,16,19,23,27,35,39,43,52,64,68;16;12;DISCOVERY;91;819;117;6.923077;65;7.936508;1.013431;1.146384;48;52.747253
NEW_MODE;73;10,12,13,16,19,23,27,35,39,43,52,64,68;19;5;DISCOVERY;91;819;125;7.39645;75;9.157509;1.761059;1.238095;54;59.340659
NEW_MODE;73;10,12,13,16,19,23,27,35,39,43,52,64,68;23;8;DISCOVERY;91;819;98;5.798817;58;7.081807;1.282991;1.22125;48;52.747253
NEW_MODE;73;10,12,13,16,19,23,27,35,39,43,52,64,68;27;13;DISCOVERY;91;819;99;5.857988;56;6.837607;0.979619;1.167228;43;47.252747
NEW_MODE;73;10,12,13,16,19,23,27,35,39,43,52,64,68;35;9;DISCOVERY;91;819;111;6.568047;64;7.814408;1.24636;1.189761;46;50.549451
NEW_MODE;73;10,12,13,16,19,23,27,35,39,43,52,64,68;39;1;DISCOVERY;91;819;115;6.804734;74;9.035409;2.230675;1.327812;57;62.637363
NEW_MODE;73;10,12,13,16,19,23,27,35,39,43,52,64,68;43;4;DISCOVERY;91;819;110;6.508876;69;8.424908;1.916033;1.294372;49;53.846154
NEW_MODE;73;10,12,13,16,19,23,27,35,39,43,52,64,68;52;2;DISCOVERY;91;819;131;7.751479;81;9.89011;2.138631;1.2759;55;60.43956
NEW_MODE;73;10,12,13,16,19,23,27,35,39,43,52,64,68;64;11;DISCOVERY;91;819;97;5.739645;56;6.837607;1.097962;1.191294;49;53.846154
NEW_MODE;73;10,12,13,16,19,23,27,35,39,43,52,64,68;68;10;DISCOVERY;91;819;119;7.04142;67;8.180708;1.139288;1.161798;48;52.747253
NEW_MODE;73;10,12,13,16,19,23,27,35,39,43,52,64,68;10;6;VALIDATION;44;396;41;7.269504;34;8.585859;1.316355;1.181079;27;61.363636
NEW_MODE;73;10,12,13,16,19,23,27,35,39,43,52,64,68;12;3;VALIDATION;44;396;28;4.964539;14;3.535354;-1.429185;0.712121;13;29.545455
NEW_MODE;73;10,12,13,16,19,23,27,35,39,43,52,64,68;13;7;VALIDATION;44;396;32;5.673759;21;5.30303;-0.370729;0.934659;19;43.181818
NEW_MODE;73;10,12,13,16,19,23,27,35,39,43,52,64,68;16;12;VALIDATION;44;396;31;5.496454;21;5.30303;-0.193424;0.964809;19;43.181818
NEW_MODE;73;10,12,13,16,19,23,27,35,39,43,52,64,68;19;5;VALIDATION;44;396;41;7.269504;29;7.323232;0.053729;1.007391;22;50.0
NEW_MODE;73;10,12,13,16,19,23,27,35,39,43,52,64,68;23;8;VALIDATION;44;396;36;6.382979;20;5.050505;-1.332474;0.791246;16;36.363636
NEW_MODE;73;10,12,13,16,19,23,27,35,39,43,52,64,68;27;13;VALIDATION;44;396;37;6.560284;19;4.79798;-1.762304;0.731368;16;36.363636
NEW_MODE;73;10,12,13,16,19,23,27,35,39,43,52,64,68;35;9;VALIDATION;44;396;40;7.092199;31;7.828283;0.736084;1.103788;21;47.727273
NEW_MODE;73;10,12,13,16,19,23,27,35,39,43,52,64,68;39;1;VALIDATION;44;396;47;8.333333;26;6.565657;-1.767677;0.787879;18;40.909091
NEW_MODE;73;10,12,13,16,19,23,27,35,39,43,52,64,68;43;4;VALIDATION;44;396;39;6.914894;35;8.838384;1.92349;1.278166;23;52.272727
NEW_MODE;73;10,12,13,16,19,23,27,35,39,43,52,64,68;52;2;VALIDATION;44;396;47;8.333333;29;7.323232;-1.010101;0.878788;20;45.454545
NEW_MODE;73;10,12,13,16,19,23,27,35,39,43,52,64,68;64;11;VALIDATION;44;396;39;6.914894;29;7.323232;0.408339;1.059052;20;45.454545
NEW_MODE;73;10,12,13,16,19,23,27,35,39,43,52,64,68;68;10;VALIDATION;44;396;47;8.333333;36;9.090909;0.757576;1.090909;26;59.090909
NEW_MODE;73;10,12,13,16,19,23,27,35,39,43,52,64,68;10;6;TEST;47;423;40;7.092199;23;5.437352;-1.654846;0.766667;15;31.914894
NEW_MODE;73;10,12,13,16,19,23,27,35,39,43,52,64,68;12;3;TEST;47;423;25;4.432624;21;4.964539;0.531915;1.12;15;31.914894
NEW_MODE;73;10,12,13,16,19,23,27,35,39,43,52,64,68;13;7;TEST;47;423;41;7.269504;21;4.964539;-2.304965;0.682927;18;38.297872
NEW_MODE;73;10,12,13,16,19,23,27,35,39,43,52,64,68;16;12;TEST;47;423;37;6.560284;29;6.855792;0.295508;1.045045;22;46.808511
NEW_MODE;73;10,12,13,16,19,23,27,35,39,43,52,64,68;19;5;TEST;47;423;38;6.737589;27;6.382979;-0.35461;0.947368;19;40.425532
NEW_MODE;73;10,12,13,16,19,23,27,35,39,43,52,64,68;23;8;TEST;47;423;44;7.801418;47;11.111111;3.309693;1.424242;33;70.212766
NEW_MODE;73;10,12,13,16,19,23,27,35,39,43,52,64,68;27;13;TEST;47;423;37;6.560284;23;5.437352;-1.122931;0.828829;17;36.170213
NEW_MODE;73;10,12,13,16,19,23,27,35,39,43,52,64,68;35;9;TEST;47;423;32;5.673759;26;6.146572;0.472813;1.083333;20;42.553191
NEW_MODE;73;10,12,13,16,19,23,27,35,39,43,52,64,68;39;1;TEST;47;423;36;6.382979;21;4.964539;-1.41844;0.777778;18;38.297872
NEW_MODE;73;10,12,13,16,19,23,27,35,39,43,52,64,68;43;4;TEST;47;423;46;8.156028;39;9.219858;1.06383;1.130435;26;55.319149
NEW_MODE;73;10,12,13,16,19,23,27,35,39,43,52,64,68;52;2;TEST;47;423;38;6.737589;29;6.855792;0.118203;1.017544;20;42.553191
NEW_MODE;73;10,12,13,16,19,23,27,35,39,43,52,64,68;64;11;TEST;47;423;35;6.205674;23;5.437352;-0.768322;0.87619;18;38.297872
NEW_MODE;73;10,12,13,16,19,23,27,35,39,43,52,64,68;68;10;TEST;47;423;42;7.446809;32;7.565012;0.118203;1.015873;24;51.06383
NEW_MODE;74;03,05,06,08,13,14,25,40,49,62,67,70,75;3;4;DISCOVERY;121;1089;93;5.502959;73;6.703398;1.200439;1.218144;51;42.14876
NEW_MODE;74;03,05,06,08,13,14,25,40,49,62,67,70,75;5;2;DISCOVERY;121;1089;99;5.857988;79;7.254362;1.396374;1.238371;59;48.760331
NEW_MODE;74;03,05,06,08,13,14,25,40,49,62,67,70,75;6;7;DISCOVERY;121;1089;129;7.633136;94;8.631772;0.998636;1.130829;68;56.198347
NEW_MODE;74;03,05,06,08,13,14,25,40,49,62,67,70,75;8;12;DISCOVERY;121;1089;106;6.272189;77;7.070707;0.798518;1.127311;60;49.586777
NEW_MODE;74;03,05,06,08,13,14,25,40,49,62,67,70,75;13;8;DISCOVERY;121;1089;97;5.739645;73;6.703398;0.963753;1.167912;50;41.322314
NEW_MODE;74;03,05,06,08,13,14,25,40,49,62,67,70,75;14;5;DISCOVERY;121;1089;99;5.857988;75;6.887052;1.029064;1.175669;57;47.107438
NEW_MODE;74;03,05,06,08,13,14,25,40,49,62,67,70,75;25;10;DISCOVERY;121;1089;117;6.923077;85;7.805326;0.882249;1.127436;65;53.719008
NEW_MODE;74;03,05,06,08,13,14,25,40,49,62,67,70,75;40;6;DISCOVERY;121;1089;101;5.976331;76;6.97888;1.002548;1.167753;66;54.545455
NEW_MODE;74;03,05,06,08,13,14,25,40,49,62,67,70,75;49;13;DISCOVERY;121;1089;125;7.39645;89;8.172635;0.776186;1.10494;70;57.85124
NEW_MODE;74;03,05,06,08,13,14,25,40,49,62,67,70,75;62;1;DISCOVERY;121;1089;113;6.686391;98;8.999082;2.312691;1.34588;73;60.330579
NEW_MODE;74;03,05,06,08,13,14,25,40,49,62,67,70,75;67;3;DISCOVERY;121;1089;120;7.100592;91;8.35629;1.255698;1.176844;71;58.677686
NEW_MODE;74;03,05,06,08,13,14,25,40,49,62,67,70,75;70;9;DISCOVERY;121;1089;98;5.798817;73;6.703398;0.904581;1.155994;54;44.628099
NEW_MODE;74;03,05,06,08,13,14,25,40,49,62,67,70,75;75;11;DISCOVERY;121;1089;128;7.573964;92;8.448118;0.874153;1.115416;68;56.198347
NEW_MODE;74;03,05,06,08,13,14,25,40,49,62,67,70,75;3;4;VALIDATION;33;297;35;6.205674;24;8.080808;1.875134;1.302165;16;48.484848
NEW_MODE;74;03,05,06,08,13,14,25,40,49,62,67,70,75;5;2;VALIDATION;33;297;41;7.269504;26;8.754209;1.484705;1.204237;19;57.575758
NEW_MODE;74;03,05,06,08,13,14,25,40,49,62,67,70,75;6;7;VALIDATION;33;297;47;8.333333;26;8.754209;0.420875;1.050505;21;63.636364
NEW_MODE;74;03,05,06,08,13,14,25,40,49,62,67,70,75;8;12;VALIDATION;33;297;29;5.141844;14;4.713805;-0.428039;0.916754;14;42.424242
NEW_MODE;74;03,05,06,08,13,14,25,40,49,62,67,70,75;13;8;VALIDATION;33;297;32;5.673759;16;5.387205;-0.286553;0.949495;15;45.454545
NEW_MODE;74;03,05,06,08,13,14,25,40,49,62,67,70,75;14;5;VALIDATION;33;297;36;6.382979;17;5.723906;-0.659073;0.896745;13;39.393939
NEW_MODE;74;03,05,06,08,13,14,25,40,49,62,67,70,75;25;10;VALIDATION;33;297;46;8.156028;24;8.080808;-0.07522;0.990777;17;51.515152
NEW_MODE;74;03,05,06,08,13,14,25,40,49,62,67,70,75;40;6;VALIDATION;33;297;46;8.156028;23;7.744108;-0.411921;0.949495;20;60.606061
NEW_MODE;74;03,05,06,08,13,14,25,40,49,62,67,70,75;49;13;VALIDATION;33;297;47;8.333333;24;8.080808;-0.252525;0.969697;20;60.606061
NEW_MODE;74;03,05,06,08,13,14,25,40,49,62,67,70,75;62;1;VALIDATION;33;297;40;7.092199;16;5.387205;-1.704993;0.759596;14;42.424242
NEW_MODE;74;03,05,06,08,13,14,25,40,49,62,67,70,75;67;3;VALIDATION;33;297;36;6.382979;16;5.387205;-0.995773;0.843996;14;42.424242
NEW_MODE;74;03,05,06,08,13,14,25,40,49,62,67,70,75;70;9;VALIDATION;33;297;31;5.496454;9;3.030303;-2.466151;0.55132;9;27.272727
NEW_MODE;74;03,05,06,08,13,14,25,40,49,62,67,70,75;75;11;VALIDATION;33;297;33;5.851064;12;4.040404;-1.81066;0.690542;10;30.30303
NEW_MODE;74;03,05,06,08,13,14,25,40,49,62,67,70,75;3;4;TEST;35;315;35;6.205674;15;4.761905;-1.443769;0.767347;13;37.142857
NEW_MODE;74;03,05,06,08,13,14,25,40,49,62,67,70,75;5;2;TEST;35;315;41;7.269504;24;7.619048;0.349544;1.048084;21;60.0
NEW_MODE;74;03,05,06,08,13,14,25,40,49,62,67,70,75;6;7;TEST;35;315;45;7.978723;22;6.984127;-0.994596;0.875344;18;51.428571
NEW_MODE;74;03,05,06,08,13,14,25,40,49,62,67,70,75;8;12;TEST;35;315;42;7.446809;27;8.571429;1.12462;1.15102;19;54.285714
NEW_MODE;74;03,05,06,08,13,14,25,40,49,62,67,70,75;13;8;TEST;35;315;41;7.269504;21;6.666667;-0.602837;0.917073;15;42.857143
NEW_MODE;74;03,05,06,08,13,14,25,40,49,62,67,70,75;14;5;TEST;35;315;39;6.914894;17;5.396825;-1.518068;0.780464;13;37.142857
NEW_MODE;74;03,05,06,08,13,14,25,40,49,62,67,70,75;25;10;TEST;35;315;35;6.205674;17;5.396825;-0.808848;0.86966;17;48.571429
NEW_MODE;74;03,05,06,08,13,14,25,40,49,62,67,70,75;40;6;TEST;35;315;43;7.624113;26;8.253968;0.629855;1.082614;16;45.714286
NEW_MODE;74;03,05,06,08,13,14,25,40,49,62,67,70,75;49;13;TEST;35;315;42;7.446809;18;5.714286;-1.732523;0.767347;15;42.857143
NEW_MODE;74;03,05,06,08,13,14,25,40,49,62,67,70,75;62;1;TEST;35;315;38;6.737589;13;4.126984;-2.610605;0.612531;11;31.428571
NEW_MODE;74;03,05,06,08,13,14,25,40,49,62,67,70,75;67;3;TEST;35;315;28;4.964539;23;7.301587;2.337048;1.470748;15;42.857143
NEW_MODE;74;03,05,06,08,13,14,25,40,49,62,67,70,75;70;9;TEST;35;315;26;4.609929;16;5.079365;0.469436;1.101832;14;40.0
NEW_MODE;74;03,05,06,08,13,14,25,40,49,62,67,70,75;75;11;TEST;35;315;37;6.560284;16;5.079365;-1.480919;0.77426;14;40.0
NEW_MODE;75;01,10,19,20,33,42,54,57,65,66,69,77,78;1;5;DISCOVERY;127;1143;112;6.627219;91;7.961505;1.334286;1.201334;65;51.181102
NEW_MODE;75;01,10,19,20,33,42,54,57,65,66,69,77,78;10;9;DISCOVERY;127;1143;109;6.449704;87;7.611549;1.161844;1.180139;62;48.818898
NEW_MODE;75;01,10,19,20,33,42,54,57,65,66,69,77,78;19;12;DISCOVERY;127;1143;125;7.39645;96;8.39895;1.0025;1.135538;69;54.330709
NEW_MODE;75;01,10,19,20,33,42,54,57,65,66,69,77,78;20;1;DISCOVERY;127;1143;112;6.627219;103;9.011374;2.384155;1.359752;72;56.692913
NEW_MODE;75;01,10,19,20,33,42,54,57,65,66,69,77,78;33;11;DISCOVERY;127;1143;115;6.804734;90;7.874016;1.069282;1.157138;65;51.181102
NEW_MODE;75;01,10,19,20,33,42,54,57,65,66,69,77,78;42;4;DISCOVERY;127;1143;104;6.153846;89;7.786527;1.632681;1.265311;63;49.606299
NEW_MODE;75;01,10,19,20,33,42,54,57,65,66,69,77,78;54;2;DISCOVERY;127;1143;130;7.692308;110;9.623797;1.931489;1.251094;76;59.84252
NEW_MODE;75;01,10,19,20,33,42,54,57,65,66,69,77,78;57;8;DISCOVERY;127;1143;116;6.863905;92;8.048994;1.185089;1.172655;70;55.11811
NEW_MODE;75;01,10,19,20,33,42,54,57,65,66,69,77,78;65;10;DISCOVERY;127;1143;122;7.218935;95;8.311461;1.092526;1.151342;65;51.181102
NEW_MODE;75;01,10,19,20,33,42,54,57,65,66,69,77,78;66;13;DISCOVERY;127;1143;116;6.863905;89;7.786527;0.922621;1.134416;68;53.543307
NEW_MODE;75;01,10,19,20,33,42,54,57,65,66,69,77,78;69;6;DISCOVERY;127;1143;115;6.804734;92;8.048994;1.24426;1.182852;67;52.755906
NEW_MODE;75;01,10,19,20,33,42,54,57,65,66,69,77,78;77;7;DISCOVERY;127;1143;127;7.514793;100;8.748906;1.234113;1.164225;73;57.480315
NEW_MODE;75;01,10,19,20,33,42,54,57,65,66,69,77,78;78;3;DISCOVERY;127;1143;120;7.100592;100;8.748906;1.648315;1.232138;74;58.267717
NEW_MODE;75;01,10,19,20,33,42,54,57,65,66,69,77,78;1;5;VALIDATION;32;288;34;6.028369;16;5.555556;-0.472813;0.921569;12;37.5
NEW_MODE;75;01,10,19,20,33,42,54,57,65,66,69,77,78;10;9;VALIDATION;32;288;41;7.269504;23;7.986111;0.716608;1.098577;20;62.5
NEW_MODE;75;01,10,19,20,33,42,54,57,65,66,69,77,78;19;12;VALIDATION;32;288;41;7.269504;34;11.805556;4.536052;1.623984;22;68.75
NEW_MODE;75;01,10,19,20,33,42,54,57,65,66,69,77,78;20;1;VALIDATION;32;288;37;6.560284;21;7.291667;0.731383;1.111486;18;56.25
NEW_MODE;75;01,10,19,20,33,42,54,57,65,66,69,77,78;33;11;VALIDATION;32;288;32;5.673759;15;5.208333;-0.465426;0.917969;11;34.375
NEW_MODE;75;01,10,19,20,33,42,54,57,65,66,69,77,78;42;4;VALIDATION;32;288;45;7.978723;28;9.722222;1.743499;1.218519;17;53.125
NEW_MODE;75;01,10,19,20,33,42,54,57,65,66,69,77,78;54;2;VALIDATION;32;288;33;5.851064;19;6.597222;0.746158;1.127525;16;50.0
NEW_MODE;75;01,10,19,20,33,42,54,57,65,66,69,77,78;57;8;VALIDATION;32;288;34;6.028369;21;7.291667;1.263298;1.209559;16;50.0
NEW_MODE;75;01,10,19,20,33,42,54,57,65,66,69,77,78;65;10;VALIDATION;32;288;43;7.624113;20;6.944444;-0.679669;0.910853;16;50.0
NEW_MODE;75;01,10,19,20,33,42,54,57,65,66,69,77,78;66;13;VALIDATION;32;288;44;7.801418;16;5.555556;-2.245863;0.712121;13;40.625
NEW_MODE;75;01,10,19,20,33,42,54,57,65,66,69,77,78;69;6;VALIDATION;32;288;37;6.560284;17;5.902778;-0.657506;0.899775;14;43.75
NEW_MODE;75;01,10,19,20,33,42,54,57,65,66,69,77,78;77;7;VALIDATION;32;288;40;7.092199;20;6.944444;-0.147754;0.979167;13;40.625
NEW_MODE;75;01,10,19,20,33,42,54,57,65,66,69,77,78;78;3;VALIDATION;32;288;35;6.205674;17;5.902778;-0.302896;0.95119;12;37.5
NEW_MODE;75;01,10,19,20,33,42,54,57,65,66,69,77,78;1;5;TEST;36;324;40;7.092199;20;6.17284;-0.919359;0.87037;14;38.888889
NEW_MODE;75;01,10,19,20,33,42,54,57,65,66,69,77,78;10;9;TEST;36;324;40;7.092199;18;5.555556;-1.536643;0.783333;13;36.111111
NEW_MODE;75;01,10,19,20,33,42,54,57,65,66,69,77,78;19;12;TEST;36;324;38;6.737589;20;6.17284;-0.564749;0.916179;16;44.444444
NEW_MODE;75;01,10,19,20,33,42,54,57,65,66,69,77,78;20;1;TEST;36;324;42;7.446809;33;10.185185;2.738377;1.367725;24;66.666667
NEW_MODE;75;01,10,19,20,33,42,54,57,65,66,69,77,78;33;11;TEST;36;324;40;7.092199;17;5.246914;-1.845285;0.739815;14;38.888889
NEW_MODE;75;01,10,19,20,33,42,54,57,65,66,69,77,78;42;4;TEST;36;324;45;7.978723;29;8.950617;0.971894;1.121811;22;61.111111
NEW_MODE;75;01,10,19,20,33,42,54,57,65,66,69,77,78;54;2;TEST;36;324;38;6.737589;24;7.407407;0.669819;1.099415;16;44.444444
NEW_MODE;75;01,10,19,20,33,42,54,57,65,66,69,77,78;57;8;TEST;36;324;34;6.028369;12;3.703704;-2.324665;0.614379;10;27.777778
NEW_MODE;75;01,10,19,20,33,42,54,57,65,66,69,77,78;65;10;TEST;36;324;29;5.141844;18;5.555556;0.413712;1.08046;12;33.333333
NEW_MODE;75;01,10,19,20,33,42,54,57,65,66,69,77,78;66;13;TEST;36;324;35;6.205674;27;8.333333;2.12766;1.342857;19;52.777778
NEW_MODE;75;01,10,19,20,33,42,54,57,65,66,69,77,78;69;6;TEST;36;324;36;6.382979;26;8.024691;1.641713;1.257202;22;61.111111
NEW_MODE;75;01,10,19,20,33,42,54,57,65,66,69,77,78;77;7;TEST;36;324;30;5.319149;10;3.08642;-2.232729;0.580247;8;22.222222
NEW_MODE;75;01,10,19,20,33,42,54,57,65,66,69,77,78;78;3;TEST;36;324;29;5.141844;19;5.864198;0.722354;1.140485;18;50.0
NEW_MODE;76;05,16,18,31,39,42,57,59,70,74,82,87,89;5;10;DISCOVERY;104;936;99;5.857988;63;6.730769;0.872781;1.14899;51;49.038462
NEW_MODE;76;05,16,18,31,39,42,57,59,70,74,82,87,89;16;7;DISCOVERY;104;936;117;6.923077;77;8.226496;1.303419;1.188272;50;48.076923
NEW_MODE;76;05,16,18,31,39,42,57,59,70,74,82,87,89;18;9;DISCOVERY;104;936;97;5.739645;63;6.730769;0.991124;1.17268;49;47.115385
NEW_MODE;76;05,16,18,31,39,42,57,59,70,74,82,87,89;31;5;DISCOVERY;104;936;108;6.390533;73;7.799145;1.408613;1.220422;57;54.807692
NEW_MODE;76;05,16,18,31,39,42,57,59,70,74,82,87,89;39;3;DISCOVERY;104;936;115;6.804734;79;8.440171;1.635437;1.240338;60;57.692308
NEW_MODE;76;05,16,18,31,39,42,57,59,70,74,82,87,89;42;8;DISCOVERY;104;936;104;6.153846;69;7.371795;1.217949;1.197917;50;48.076923
NEW_MODE;76;05,16,18,31,39,42,57,59,70,74,82,87,89;57;1;DISCOVERY;104;936;116;6.863905;83;8.867521;2.003616;1.291906;61;58.653846
NEW_MODE;76;05,16,18,31,39,42,57,59,70,74,82,87,89;59;12;DISCOVERY;104;936;107;6.331361;67;7.15812;0.826759;1.130582;44;42.307692
NEW_MODE;76;05,16,18,31,39,42,57,59,70,74,82,87,89;70;13;DISCOVERY;104;936;98;5.798817;62;6.623932;0.825115;1.14229;48;46.153846
NEW_MODE;76;05,16,18,31,39,42,57,59,70,74,82,87,89;74;6;DISCOVERY;104;936;122;7.218935;80;8.547009;1.328074;1.183971;53;50.961538
NEW_MODE;76;05,16,18,31,39,42,57,59,70,74,82,87,89;82;4;DISCOVERY;104;936;125;7.39645;84;8.974359;1.577909;1.213333;54;51.923077
NEW_MODE;76;05,16,18,31,39,42,57,59,70,74,82,87,89;87;11;DISCOVERY;104;936;112;6.627219;70;7.478632;0.851414;1.128472;49;47.115385
NEW_MODE;76;05,16,18,31,39,42,57,59,70,74,82,87,89;89;2;DISCOVERY;104;936;109;6.449704;77;8.226496;1.776792;1.275484;53;50.961538
NEW_MODE;76;05,16,18,31,39,42,57,59,70,74,82,87,89;5;10;VALIDATION;40;360;41;7.269504;27;7.5;0.230496;1.031707;22;55.0
NEW_MODE;76;05,16,18,31,39,42,57,59,70,74,82,87,89;16;7;VALIDATION;40;360;31;5.496454;18;5.0;-0.496454;0.909677;16;40.0
NEW_MODE;76;05,16,18,31,39,42,57,59,70,74,82,87,89;18;9;VALIDATION;40;360;32;5.673759;23;6.388889;0.71513;1.126042;19;47.5
NEW_MODE;76;05,16,18,31,39,42,57,59,70,74,82,87,89;31;5;VALIDATION;40;360;35;6.205674;17;4.722222;-1.483452;0.760952;17;42.5
NEW_MODE;76;05,16,18,31,39,42,57,59,70,74,82,87,89;39;3;VALIDATION;40;360;47;8.333333;33;9.166667;0.833333;1.1;21;52.5
NEW_MODE;76;05,16,18,31,39,42,57,59,70,74,82,87,89;42;8;VALIDATION;40;360;45;7.978723;35;9.722222;1.743499;1.218519;23;57.5
NEW_MODE;76;05,16,18,31,39,42,57,59,70,74,82,87,89;57;1;VALIDATION;40;360;34;6.028369;23;6.388889;0.36052;1.059804;21;52.5
NEW_MODE;76;05,16,18,31,39,42,57,59,70,74,82,87,89;59;12;VALIDATION;40;360;38;6.737589;33;9.166667;2.429078;1.360526;27;67.5
NEW_MODE;76;05,16,18,31,39,42,57,59,70,74,82,87,89;70;13;VALIDATION;40;360;31;5.496454;21;5.833333;0.336879;1.06129;20;50.0
NEW_MODE;76;05,16,18,31,39,42,57,59,70,74,82,87,89;74;6;VALIDATION;40;360;34;6.028369;19;5.277778;-0.750591;0.87549;15;37.5
NEW_MODE;76;05,16,18,31,39,42,57,59,70,74,82,87,89;82;4;VALIDATION;40;360;31;5.496454;14;3.888889;-1.607565;0.707527;13;32.5
NEW_MODE;76;05,16,18,31,39,42,57,59,70,74,82,87,89;87;11;VALIDATION;40;360;40;7.092199;30;8.333333;1.241135;1.175;23;57.5
NEW_MODE;76;05,16,18,31,39,42,57,59,70,74,82,87,89;89;2;VALIDATION;40;360;42;7.446809;30;8.333333;0.886525;1.119048;26;65.0
NEW_MODE;76;05,16,18,31,39,42,57,59,70,74,82,87,89;5;10;TEST;30;270;41;7.269504;13;4.814815;-2.454689;0.662331;10;33.333333
NEW_MODE;76;05,16,18,31,39,42,57,59,70,74,82,87,89;16;7;TEST;30;270;37;6.560284;15;5.555556;-1.004728;0.846847;15;50.0
NEW_MODE;76;05,16,18,31,39,42,57,59,70,74,82,87,89;18;9;TEST;30;270;42;7.446809;21;7.777778;0.330969;1.044444;16;53.333333
NEW_MODE;76;05,16,18,31,39,42,57,59,70,74,82,87,89;31;5;TEST;30;270;41;7.269504;21;7.777778;0.508274;1.069919;17;56.666667
NEW_MODE;76;05,16,18,31,39,42,57,59,70,74,82,87,89;39;3;TEST;30;270;36;6.382979;13;4.814815;-1.568164;0.754321;12;40.0
NEW_MODE;76;05,16,18,31,39,42,57,59,70,74,82,87,89;42;8;TEST;30;270;45;7.978723;24;8.888889;0.910165;1.114074;18;60.0
NEW_MODE;76;05,16,18,31,39,42,57,59,70,74,82,87,89;57;1;TEST;30;270;34;6.028369;7;2.592593;-3.435776;0.430065;6;20.0
NEW_MODE;76;05,16,18,31,39,42,57,59,70,74,82,87,89;59;12;TEST;30;270;40;7.092199;12;4.444444;-2.647754;0.626667;11;36.666667
NEW_MODE;76;05,16,18,31,39,42,57,59,70,74,82,87,89;70;13;TEST;30;270;26;4.609929;10;3.703704;-0.906225;0.803419;9;30.0
NEW_MODE;76;05,16,18,31,39,42,57,59,70,74,82,87,89;74;6;TEST;30;270;37;6.560284;18;6.666667;0.106383;1.016216;11;36.666667
NEW_MODE;76;05,16,18,31,39,42,57,59,70,74,82,87,89;82;4;TEST;30;270;36;6.382979;14;5.185185;-1.197794;0.812346;13;43.333333
NEW_MODE;76;05,16,18,31,39,42,57,59,70,74,82,87,89;87;11;TEST;30;270;33;5.851064;12;4.444444;-1.406619;0.759596;10;33.333333
NEW_MODE;76;05,16,18,31,39,42,57,59,70,74,82,87,89;89;2;TEST;30;270;36;6.382979;11;4.074074;-2.308905;0.638272;8;26.666667
NEW_MODE;77;10,11,23,25,36,53,56,65,71,72,74,87,90;10;8;DISCOVERY;127;1143;109;6.449704;82;7.174103;0.724399;1.112315;66;51.968504
NEW_MODE;77;10,11,23,25,36,53,56,65,71,72,74,87,90;11;12;DISCOVERY;127;1143;120;7.100592;88;7.699038;0.598446;1.084281;65;51.181102
NEW_MODE;77;10,11,23,25,36,53,56,65,71,72,74,87,90;23;6;DISCOVERY;127;1143;98;5.798817;77;6.736658;0.937841;1.16173;57;44.88189
NEW_MODE;77;10,11,23,25,36,53,56,65,71,72,74,87,90;25;10;DISCOVERY;127;1143;117;6.923077;87;7.611549;0.688472;1.099446;67;52.755906
NEW_MODE;77;10,11,23,25,36,53,56,65,71,72,74,87,90;36;11;DISCOVERY;127;1143;98;5.798817;74;6.474191;0.675374;1.116468;59;46.456693
NEW_MODE;77;10,11,23,25,36,53,56,65,71,72,74,87,90;53;2;DISCOVERY;127;1143;91;5.384615;75;6.56168;1.177064;1.218598;54;42.519685
NEW_MODE;77;10,11,23,25,36,53,56,65,71,72,74,87,90;56;1;DISCOVERY;127;1143;123;7.278107;110;9.623797;2.345691;1.322294;76;59.84252
NEW_MODE;77;10,11,23,25,36,53,56,65,71,72,74,87,90;65;3;DISCOVERY;127;1143;122;7.218935;95;8.311461;1.092526;1.151342;69;54.330709
NEW_MODE;77;10,11,23,25,36,53,56,65,71,72,74,87,90;71;5;DISCOVERY;127;1143;100;5.91716;79;6.911636;0.994476;1.168066;63;49.606299
NEW_MODE;77;10,11,23,25,36,53,56,65,71,72,74,87,90;72;7;DISCOVERY;127;1143;109;6.449704;84;7.349081;0.899377;1.139445;59;46.456693
NEW_MODE;77;10,11,23,25,36,53,56,65,71,72,74,87,90;74;4;DISCOVERY;127;1143;122;7.218935;94;8.223972;1.005037;1.139222;62;48.818898
NEW_MODE;77;10,11,23,25,36,53,56,65,71,72,74,87,90;87;9;DISCOVERY;127;1143;112;6.627219;84;7.349081;0.721862;1.108924;63;49.606299
NEW_MODE;77;10,11,23,25,36,53,56,65,71,72,74,87,90;90;13;DISCOVERY;127;1143;129;7.633136;94;8.223972;0.590836;1.077404;69;54.330709
NEW_MODE;77;10,11,23,25,36,53,56,65,71,72,74,87,90;10;8;VALIDATION;40;360;41;7.269504;23;6.388889;-0.880615;0.878862;21;52.5
NEW_MODE;77;10,11,23,25,36,53,56,65,71,72,74,87,90;11;12;VALIDATION;40;360;27;4.787234;18;5.0;0.212766;1.044444;14;35.0
NEW_MODE;77;10,11,23,25,36,53,56,65,71,72,74,87,90;23;6;VALIDATION;40;360;36;6.382979;22;6.111111;-0.271868;0.957407;18;45.0
NEW_MODE;77;10,11,23,25,36,53,56,65,71,72,74,87,90;25;10;VALIDATION;40;360;46;8.156028;37;10.277778;2.121749;1.260145;21;52.5
NEW_MODE;77;10,11,23,25,36,53,56,65,71,72,74,87,90;36;11;VALIDATION;40;360;26;4.609929;13;3.611111;-0.998818;0.783333;11;27.5
NEW_MODE;77;10,11,23,25,36,53,56,65,71,72,74,87,90;53;2;VALIDATION;40;360;35;6.205674;18;5.0;-1.205674;0.805714;14;35.0
NEW_MODE;77;10,11,23,25,36,53,56,65,71,72,74,87,90;56;1;VALIDATION;40;360;39;6.914894;25;6.944444;0.029551;1.004274;21;52.5
NEW_MODE;77;10,11,23,25,36,53,56,65,71,72,74,87,90;65;3;VALIDATION;40;360;43;7.624113;27;7.5;-0.124113;0.983721;24;60.0
NEW_MODE;77;10,11,23,25,36,53,56,65,71,72,74,87,90;71;5;VALIDATION;40;360;42;7.446809;29;8.055556;0.608747;1.081746;22;55.0
NEW_MODE;77;10,11,23,25,36,53,56,65,71,72,74,87,90;72;7;VALIDATION;40;360;39;6.914894;31;8.611111;1.696217;1.245299;21;52.5
NEW_MODE;77;10,11,23,25,36,53,56,65,71,72,74,87,90;74;4;VALIDATION;40;360;34;6.028369;24;6.666667;0.638298;1.105882;16;40.0
NEW_MODE;77;10,11,23,25,36,53,56,65,71,72,74,87,90;87;9;VALIDATION;40;360;40;7.092199;25;6.944444;-0.147754;0.979167;17;42.5
NEW_MODE;77;10,11,23,25,36,53,56,65,71,72,74,87,90;90;13;VALIDATION;40;360;29;5.141844;19;5.277778;0.135934;1.026437;16;40.0
NEW_MODE;77;10,11,23,25,36,53,56,65,71,72,74,87,90;10;8;TEST;30;270;40;7.092199;15;5.555556;-1.536643;0.783333;9;30.0
NEW_MODE;77;10,11,23,25,36,53,56,65,71,72,74,87,90;11;12;TEST;30;270;42;7.446809;21;7.777778;0.330969;1.044444;14;46.666667
NEW_MODE;77;10,11,23,25,36,53,56,65,71,72,74,87,90;23;6;TEST;30;270;44;7.801418;16;5.925926;-1.875493;0.759596;14;46.666667
NEW_MODE;77;10,11,23,25,36,53,56,65,71,72,74,87,90;25;10;TEST;30;270;35;6.205674;18;6.666667;0.460993;1.074286;14;46.666667
NEW_MODE;77;10,11,23,25,36,53,56,65,71,72,74,87,90;36;11;TEST;30;270;34;6.028369;24;8.888889;2.86052;1.47451;15;50.0
NEW_MODE;77;10,11,23,25,36,53,56,65,71,72,74,87,90;53;2;TEST;30;270;36;6.382979;18;6.666667;0.283688;1.044444;14;46.666667
NEW_MODE;77;10,11,23,25,36,53,56,65,71,72,74,87,90;56;1;TEST;30;270;36;6.382979;21;7.777778;1.394799;1.218519;13;43.333333
NEW_MODE;77;10,11,23,25,36,53,56,65,71,72,74,87,90;65;3;TEST;30;270;29;5.141844;10;3.703704;-1.43814;0.720307;7;23.333333
NEW_MODE;77;10,11,23,25,36,53,56,65,71,72,74,87,90;71;5;TEST;30;270;38;6.737589;13;4.814815;-1.922774;0.71462;11;36.666667
NEW_MODE;77;10,11,23,25,36,53,56,65,71,72,74,87,90;72;7;TEST;30;270;40;7.092199;23;8.518519;1.42632;1.201111;15;50.0
NEW_MODE;77;10,11,23,25,36,53,56,65,71,72,74,87,90;74;4;TEST;30;270;37;6.560284;17;6.296296;-0.263987;0.95976;13;43.333333
NEW_MODE;77;10,11,23,25,36,53,56,65,71,72,74,87,90;87;9;TEST;30;270;33;5.851064;17;6.296296;0.445232;1.076094;14;46.666667
NEW_MODE;77;10,11,23,25,36,53,56,65,71,72,74,87,90;90;13;TEST;30;270;35;6.205674;15;5.555556;-0.650118;0.895238;13;43.333333
NEW_MODE;78;06,08,32,40,42,44,46,56,57,69,75,77,83;6;3;DISCOVERY;118;1062;129;7.633136;96;9.039548;1.406412;1.184251;65;55.084746
NEW_MODE;78;06,08,32,40,42,44,46,56,57,69,75,77,83;8;12;DISCOVERY;118;1062;106;6.272189;75;7.062147;0.789958;1.125946;60;50.847458
NEW_MODE;78;06,08,32,40,42,44,46,56,57,69,75,77,83;32;1;DISCOVERY;118;1062;131;7.751479;100;9.416196;1.664717;1.214761;65;55.084746
NEW_MODE;78;06,08,32,40,42,44,46,56,57,69,75,77,83;40;11;DISCOVERY;118;1062;101;5.976331;72;6.779661;0.80333;1.134419;57;48.305085
NEW_MODE;78;06,08,32,40,42,44,46,56,57,69,75,77,83;42;5;DISCOVERY;118;1062;104;6.153846;78;7.344633;1.190787;1.193503;56;47.457627
NEW_MODE;78;06,08,32,40,42,44,46,56,57,69,75,77,83;44;7;DISCOVERY;118;1062;101;5.976331;74;6.967985;0.991654;1.16593;56;47.457627
NEW_MODE;78;06,08,32,40,42,44,46,56,57,69,75,77,83;46;13;DISCOVERY;118;1062;110;6.508876;77;7.250471;0.741595;1.113936;53;44.915254
NEW_MODE;78;06,08,32,40,42,44,46,56,57,69,75,77,83;56;9;DISCOVERY;118;1062;123;7.278107;87;8.19209;0.913984;1.12558;61;51.694915
NEW_MODE;78;06,08,32,40,42,44,46,56,57,69,75,77,83;57;4;DISCOVERY;118;1062;116;6.863905;86;8.097928;1.234023;1.179784;63;53.389831
NEW_MODE;78;06,08,32,40,42,44,46,56,57,69,75,77,83;69;6;DISCOVERY;118;1062;115;6.804734;84;7.909605;1.104871;1.162368;64;54.237288
NEW_MODE;78;06,08,32,40,42,44,46,56,57,69,75,77,83;75;2;DISCOVERY;118;1062;128;7.573964;98;9.227872;1.653907;1.218367;67;56.779661
NEW_MODE;78;06,08,32,40,42,44,46,56,57,69,75,77,83;77;10;DISCOVERY;118;1062;127;7.514793;89;8.380414;0.865621;1.115189;67;56.779661
NEW_MODE;78;06,08,32,40,42,44,46,56,57,69,75,77,83;83;8;DISCOVERY;118;1062;127;7.514793;90;8.474576;0.959783;1.127719;68;57.627119
NEW_MODE;78;06,08,32,40,42,44,46,56,57,69,75,77,83;6;3;VALIDATION;35;315;47;8.333333;24;7.619048;-0.714286;0.914286;20;57.142857
NEW_MODE;78;06,08,32,40,42,44,46,56,57,69,75,77,83;8;12;VALIDATION;35;315;29;5.141844;14;4.444444;-0.6974;0.864368;12;34.285714
NEW_MODE;78;06,08,32,40,42,44,46,56,57,69,75,77,83;32;1;VALIDATION;35;315;38;6.737589;25;7.936508;1.198919;1.177945;17;48.571429
NEW_MODE;78;06,08,32,40,42,44,46,56,57,69,75,77,83;40;11;VALIDATION;35;315;46;8.156028;28;8.888889;0.732861;1.089855;20;57.142857
NEW_MODE;78;06,08,32,40,42,44,46,56,57,69,75,77,83;42;5;VALIDATION;35;315;45;7.978723;19;6.031746;-1.946977;0.755979;18;51.428571
NEW_MODE;78;06,08,32,40,42,44,46,56,57,69,75,77,83;44;7;VALIDATION;35;315;36;6.382979;16;5.079365;-1.303614;0.795767;11;31.428571
NEW_MODE;78;06,08,32,40,42,44,46,56,57,69,75,77,83;46;13;VALIDATION;35;315;36;6.382979;23;7.301587;0.918609;1.143915;20;57.142857
NEW_MODE;78;06,08,32,40,42,44,46,56,57,69,75,77,83;56;9;VALIDATION;35;315;39;6.914894;25;7.936508;1.021614;1.147741;20;57.142857
NEW_MODE;78;06,08,32,40,42,44,46,56,57,69,75,77,83;57;4;VALIDATION;35;315;34;6.028369;20;6.349206;0.320838;1.053221;19;54.285714
NEW_MODE;78;06,08,32,40,42,44,46,56,57,69,75,77,83;69;6;VALIDATION;35;315;37;6.560284;13;4.126984;-2.4333;0.629086;13;37.142857
NEW_MODE;78;06,08,32,40,42,44,46,56,57,69,75,77,83;75;2;VALIDATION;35;315;33;5.851064;24;7.619048;1.767984;1.302165;18;51.428571
NEW_MODE;78;06,08,32,40,42,44,46,56,57,69,75,77,83;77;10;VALIDATION;35;315;40;7.092199;22;6.984127;-0.108072;0.984762;17;48.571429
NEW_MODE;78;06,08,32,40,42,44,46,56,57,69,75,77,83;83;8;VALIDATION;35;315;34;6.028369;18;5.714286;-0.314083;0.947899;17;48.571429
NEW_MODE;78;06,08,32,40,42,44,46,56,57,69,75,77,83;6;3;TEST;27;243;45;7.978723;24;9.876543;1.89782;1.23786;15;55.555556
NEW_MODE;78;06,08,32,40,42,44,46,56,57,69,75,77,83;8;12;TEST;27;243;42;7.446809;17;6.995885;-0.450924;0.939447;14;51.851852
NEW_MODE;78;06,08,32,40,42,44,46,56,57,69,75,77,83;32;1;TEST;27;243;29;5.141844;9;3.703704;-1.43814;0.720307;9;33.333333
NEW_MODE;78;06,08,32,40,42,44,46,56,57,69,75,77,83;40;11;TEST;27;243;43;7.624113;11;4.526749;-3.097365;0.593741;9;33.333333
NEW_MODE;78;06,08,32,40,42,44,46,56,57,69,75,77,83;42;5;TEST;27;243;45;7.978723;21;8.641975;0.663252;1.083128;19;70.37037
NEW_MODE;78;06,08,32,40,42,44,46,56,57,69,75,77,83;44;7;TEST;27;243;35;6.205674;22;9.053498;2.847824;1.458907;14;51.851852
NEW_MODE;78;06,08,32,40,42,44,46,56,57,69,75,77,83;46;13;TEST;27;243;36;6.382979;13;5.349794;-1.033184;0.838134;13;48.148148
NEW_MODE;78;06,08,32,40,42,44,46,56,57,69,75,77,83;56;9;TEST;27;243;36;6.382979;16;6.584362;0.201383;1.03155;11;40.740741
NEW_MODE;78;06,08,32,40,42,44,46,56,57,69,75,77,83;57;4;TEST;27;243;34;6.028369;10;4.115226;-1.913142;0.682643;7;25.925926
NEW_MODE;78;06,08,32,40,42,44,46,56,57,69,75,77,83;69;6;TEST;27;243;36;6.382979;13;5.349794;-1.033184;0.838134;11;40.740741
NEW_MODE;78;06,08,32,40,42,44,46,56,57,69,75,77,83;75;2;TEST;27;243;37;6.560284;21;8.641975;2.081692;1.317317;16;59.259259
NEW_MODE;78;06,08,32,40,42,44,46,56,57,69,75,77,83;77;10;TEST;27;243;30;5.319149;12;4.938272;-0.380877;0.928395;11;40.740741
NEW_MODE;78;06,08,32,40,42,44,46,56,57,69,75,77,83;83;8;TEST;27;243;47;8.333333;18;7.407407;-0.925926;0.888889;12;44.444444
NEW_MODE;79;08,11,15,16,21,49,51,54,58,68,69,78,83;8;10;DISCOVERY;130;1170;106;6.272189;83;7.094017;0.821828;1.131027;65;50.0
NEW_MODE;79;08,11,15,16,21,49,51,54,58,68,69,78,83;11;9;DISCOVERY;130;1170;120;7.100592;94;8.034188;0.933596;1.131481;64;49.230769
NEW_MODE;79;08,11,15,16,21,49,51,54,58,68,69,78,83;15;12;DISCOVERY;130;1170;118;6.982249;90;7.692308;0.710059;1.101695;63;48.461538
NEW_MODE;79;08,11,15,16,21,49,51,54,58,68,69,78,83;16;8;DISCOVERY;130;1170;117;6.923077;93;7.948718;1.025641;1.148148;63;48.461538
NEW_MODE;79;08,11,15,16,21,49,51,54,58,68,69,78,83;21;7;DISCOVERY;130;1170;122;7.218935;97;8.290598;1.071663;1.148452;68;52.307692
NEW_MODE;79;08,11,15,16,21,49,51,54,58,68,69,78,83;49;6;DISCOVERY;130;1170;125;7.39645;100;8.547009;1.150559;1.155556;76;58.461538
NEW_MODE;79;08,11,15,16,21,49,51,54,58,68,69,78,83;51;1;DISCOVERY;130;1170;120;7.100592;105;8.974359;1.873767;1.263889;74;56.923077
NEW_MODE;79;08,11,15,16,21,49,51,54,58,68,69,78,83;54;13;DISCOVERY;130;1170;130;7.692308;98;8.376068;0.683761;1.088889;71;54.615385
NEW_MODE;79;08,11,15,16,21,49,51,54,58,68,69,78,83;58;5;DISCOVERY;130;1170;110;6.508876;91;7.777778;1.268902;1.194949;66;50.769231
NEW_MODE;79;08,11,15,16,21,49,51,54,58,68,69,78,83;68;2;DISCOVERY;130;1170;119;7.04142;100;8.547009;1.505588;1.213819;76;58.461538
NEW_MODE;79;08,11,15,16,21,49,51,54,58,68,69,78,83;69;3;DISCOVERY;130;1170;115;6.804734;95;8.119658;1.314924;1.193237;66;50.769231
NEW_MODE;79;08,11,15,16,21,49,51,54,58,68,69,78,83;78;11;DISCOVERY;130;1170;120;7.100592;92;7.863248;0.762656;1.107407;71;54.615385
NEW_MODE;79;08,11,15,16,21,49,51,54,58,68,69,78,83;83;4;DISCOVERY;130;1170;127;7.514793;103;8.803419;1.288626;1.171479;80;61.538462
NEW_MODE;79;08,11,15,16,21,49,51,54,58,68,69,78,83;8;10;VALIDATION;35;315;29;5.141844;16;5.079365;-0.062479;0.987849;13;37.142857
NEW_MODE;79;08,11,15,16,21,49,51,54,58,68,69,78,83;11;9;VALIDATION;35;315;27;4.787234;18;5.714286;0.927052;1.193651;14;40.0
NEW_MODE;79;08,11,15,16,21,49,51,54,58,68,69,78,83;15;12;VALIDATION;35;315;44;7.801418;24;7.619048;-0.182371;0.976623;17;48.571429
NEW_MODE;79;08,11,15,16,21,49,51,54,58,68,69,78,83;16;8;VALIDATION;35;315;31;5.496454;20;6.349206;0.852752;1.155146;20;57.142857
NEW_MODE;79;08,11,15,16,21,49,51,54,58,68,69,78,83;21;7;VALIDATION;35;315;40;7.092199;26;8.253968;1.16177;1.16381;20;57.142857
NEW_MODE;79;08,11,15,16,21,49,51,54,58,68,69,78,83;49;6;VALIDATION;35;315;47;8.333333;31;9.84127;1.507937;1.180952;23;65.714286
NEW_MODE;79;08,11,15,16,21,49,51,54,58,68,69,78,83;51;1;VALIDATION;35;315;35;6.205674;19;6.031746;-0.173928;0.971973;16;45.714286
NEW_MODE;79;08,11,15,16,21,49,51,54,58,68,69,78,83;54;13;VALIDATION;35;315;33;5.851064;20;6.349206;0.498143;1.085137;15;42.857143
NEW_MODE;79;08,11,15,16,21,49,51,54,58,68,69,78,83;58;5;VALIDATION;35;315;43;7.624113;28;8.888889;1.264775;1.165891;21;60.0
NEW_MODE;79;08,11,15,16,21,49,51,54,58,68,69,78,83;68;2;VALIDATION;35;315;47;8.333333;29;9.206349;0.873016;1.104762;21;60.0
NEW_MODE;79;08,11,15,16,21,49,51,54,58,68,69,78,83;69;3;VALIDATION;35;315;37;6.560284;18;5.714286;-0.845998;0.871042;12;34.285714
NEW_MODE;79;08,11,15,16,21,49,51,54,58,68,69,78,83;78;11;VALIDATION;35;315;35;6.205674;16;5.079365;-1.126309;0.818503;14;40.0
NEW_MODE;79;08,11,15,16,21,49,51,54,58,68,69,78,83;83;4;VALIDATION;35;315;34;6.028369;19;6.031746;0.003377;1.00056;17;48.571429
NEW_MODE;79;08,11,15,16,21,49,51,54,58,68,69,78,83;8;10;TEST;45;405;42;7.446809;28;6.91358;-0.533228;0.928395;22;48.888889
NEW_MODE;79;08,11,15,16,21,49,51,54,58,68,69,78,83;11;9;TEST;45;405;42;7.446809;23;5.679012;-1.767796;0.76261;18;40.0
NEW_MODE;79;08,11,15,16,21,49,51,54,58,68,69,78,83;15;12;TEST;45;405;29;5.141844;24;5.925926;0.784082;1.15249;20;44.444444
NEW_MODE;79;08,11,15,16,21,49,51,54,58,68,69,78,83;16;8;TEST;45;405;37;6.560284;27;6.666667;0.106383;1.016216;20;44.444444
NEW_MODE;79;08,11,15,16,21,49,51,54,58,68,69,78,83;21;7;TEST;45;405;36;6.382979;17;4.197531;-2.185448;0.657613;16;35.555556
NEW_MODE;79;08,11,15,16,21,49,51,54,58,68,69,78,83;49;6;TEST;45;405;42;7.446809;41;10.123457;2.676648;1.359436;32;71.111111
NEW_MODE;79;08,11,15,16,21,49,51,54,58,68,69,78,83;51;1;TEST;45;405;36;6.382979;36;8.888889;2.50591;1.392593;28;62.222222
NEW_MODE;79;08,11,15,16,21,49,51,54,58,68,69,78,83;54;13;TEST;45;405;38;6.737589;24;5.925926;-0.811663;0.879532;19;42.222222
NEW_MODE;79;08,11,15,16,21,49,51,54,58,68,69,78,83;58;5;TEST;45;405;42;7.446809;34;8.395062;0.948253;1.127337;29;64.444444
NEW_MODE;79;08,11,15,16,21,49,51,54,58,68,69,78,83;68;2;TEST;45;405;42;7.446809;33;8.148148;0.70134;1.09418;29;64.444444
NEW_MODE;79;08,11,15,16,21,49,51,54,58,68,69,78,83;69;3;TEST;45;405;36;6.382979;30;7.407407;1.024429;1.160494;23;51.111111
NEW_MODE;79;08,11,15,16,21,49,51,54,58,68,69,78,83;78;11;TEST;45;405;29;5.141844;20;4.938272;-0.203572;0.960409;19;42.222222
NEW_MODE;79;08,11,15,16,21,49,51,54,58,68,69,78,83;83;4;TEST;45;405;47;8.333333;26;6.419753;-1.91358;0.77037;22;48.888889
NEW_MODE;80;04,06,11,17,30,45,50,51,59,67,72,86,90;4;3;DISCOVERY;109;981;100;5.91716;71;7.237513;1.320353;1.22314;51;46.788991
NEW_MODE;80;04,06,11,17,30,45,50,51,59,67,72,86,90;6;7;DISCOVERY;109;981;129;7.633136;85;8.664628;1.031492;1.135133;59;54.12844
NEW_MODE;80;04,06,11,17,30,45,50,51,59,67,72,86,90;11;13;DISCOVERY;109;981;120;7.100592;77;7.849134;0.748542;1.10542;58;53.211009
NEW_MODE;80;04,06,11,17,30,45,50,51,59,67,72,86,90;17;5;DISCOVERY;109;981;118;6.982249;79;8.053007;1.070759;1.153354;59;54.12844
NEW_MODE;80;04,06,11,17,30,45,50,51,59,67,72,86,90;30;2;DISCOVERY;109;981;101;5.976331;72;7.33945;1.363118;1.228086;54;49.541284
NEW_MODE;80;04,06,11,17,30,45,50,51,59,67,72,86,90;45;4;DISCOVERY;109;981;133;7.869822;89;9.072375;1.202553;1.152806;66;60.550459
NEW_MODE;80;04,06,11,17,30,45,50,51,59,67,72,86,90;50;9;DISCOVERY;109;981;103;6.094675;68;6.931702;0.837028;1.137338;53;48.623853
NEW_MODE;80;04,06,11,17,30,45,50,51,59,67,72,86,90;51;6;DISCOVERY;109;981;120;7.100592;80;8.154944;1.054352;1.148488;56;51.376147
NEW_MODE;80;04,06,11,17,30,45,50,51,59,67,72,86,90;59;11;DISCOVERY;109;981;107;6.331361;70;7.135576;0.804215;1.127021;51;46.788991
NEW_MODE;80;04,06,11,17,30,45,50,51,59,67,72,86,90;67;8;DISCOVERY;109;981;120;7.100592;79;8.053007;0.952415;1.134132;57;52.293578
NEW_MODE;80;04,06,11,17,30,45,50,51,59,67,72,86,90;72;1;DISCOVERY;109;981;109;6.449704;78;7.95107;1.501366;1.232781;57;52.293578
NEW_MODE;80;04,06,11,17,30,45,50,51,59,67,72,86,90;86;12;DISCOVERY;109;981;125;7.39645;80;8.154944;0.758494;1.102548;62;56.880734
NEW_MODE;80;04,06,11,17,30,45,50,51,59,67,72,86,90;90;10;DISCOVERY;109;981;129;7.633136;83;8.460754;0.827618;1.108424;55;50.458716
NEW_MODE;80;04,06,11,17,30,45,50,51,59,67,72,86,90;4;3;VALIDATION;40;360;34;6.028369;26;7.222222;1.193853;1.198039;16;40.0
NEW_MODE;80;04,06,11,17,30,45,50,51,59,67,72,86,90;6;7;VALIDATION;40;360;47;8.333333;29;8.055556;-0.277778;0.966667;24;60.0
NEW_MODE;80;04,06,11,17,30,45,50,51,59,67,72,86,90;11;13;VALIDATION;40;360;27;4.787234;12;3.333333;-1.453901;0.696296;11;27.5
NEW_MODE;80;04,06,11,17,30,45,50,51,59,67,72,86,90;17;5;VALIDATION;40;360;32;5.673759;17;4.722222;-0.951537;0.832292;15;37.5
NEW_MODE;80;04,06,11,17,30,45,50,51,59,67,72,86,90;30;2;VALIDATION;40;360;36;6.382979;18;5.0;-1.382979;0.783333;17;42.5
NEW_MODE;80;04,06,11,17,30,45,50,51,59,67,72,86,90;45;4;VALIDATION;40;360;40;7.092199;29;8.055556;0.963357;1.135833;21;52.5
NEW_MODE;80;04,06,11,17,30,45,50,51,59,67,72,86,90;50;9;VALIDATION;40;360;27;4.787234;11;3.055556;-1.731678;0.638272;9;22.5
NEW_MODE;80;04,06,11,17,30,45,50,51,59,67,72,86,90;51;6;VALIDATION;40;360;35;6.205674;21;5.833333;-0.37234;0.94;16;40.0
NEW_MODE;80;04,06,11,17,30,45,50,51,59,67,72,86,90;59;11;VALIDATION;40;360;38;6.737589;23;6.388889;-0.3487;0.948246;19;47.5
NEW_MODE;80;04,06,11,17,30,45,50,51,59,67,72,86,90;67;8;VALIDATION;40;360;36;6.382979;23;6.388889;0.00591;1.000926;22;55.0
NEW_MODE;80;04,06,11,17,30,45,50,51,59,67,72,86,90;72;1;VALIDATION;40;360;39;6.914894;18;5.0;-1.914894;0.723077;15;37.5
NEW_MODE;80;04,06,11,17,30,45,50,51,59,67,72,86,90;86;12;VALIDATION;40;360;45;7.978723;32;8.888889;0.910165;1.114074;19;47.5
NEW_MODE;80;04,06,11,17,30,45,50,51,59,67,72,86,90;90;10;VALIDATION;40;360;29;5.141844;19;5.277778;0.135934;1.026437;18;45.0
NEW_MODE;80;04,06,11,17,30,45,50,51,59,67,72,86,90;4;3;TEST;46;414;40;7.092199;36;8.695652;1.603454;1.226087;30;65.217391
NEW_MODE;80;04,06,11,17,30,45,50,51,59,67,72,86,90;6;7;TEST;46;414;45;7.978723;36;8.695652;0.716929;1.089855;24;52.173913
NEW_MODE;80;04,06,11,17,30,45,50,51,59,67,72,86,90;11;13;TEST;46;414;42;7.446809;34;8.21256;0.765752;1.10283;23;50.0
NEW_MODE;80;04,06,11,17,30,45,50,51,59,67,72,86,90;17;5;TEST;46;414;37;6.560284;32;7.729469;1.169185;1.178222;22;47.826087
NEW_MODE;80;04,06,11,17,30,45,50,51,59,67,72,86,90;30;2;TEST;46;414;39;6.914894;28;6.763285;-0.151609;0.978075;23;50.0
NEW_MODE;80;04,06,11,17,30,45,50,51,59,67,72,86,90;45;4;TEST;46;414;41;7.269504;40;9.661836;2.392332;1.329092;31;67.391304
NEW_MODE;80;04,06,11,17,30,45,50,51,59,67,72,86,90;50;9;TEST;46;414;27;4.787234;21;5.072464;0.28523;1.059581;15;32.608696
NEW_MODE;80;04,06,11,17,30,45,50,51,59,67,72,86,90;51;6;TEST;46;414;36;6.382979;23;5.555556;-0.827423;0.87037;17;36.956522
NEW_MODE;80;04,06,11,17,30,45,50,51,59,67,72,86,90;59;11;TEST;46;414;40;7.092199;29;7.004831;-0.087368;0.987681;23;50.0
NEW_MODE;80;04,06,11,17,30,45,50,51,59,67,72,86,90;67;8;TEST;46;414;28;4.964539;22;5.31401;0.349471;1.070393;20;43.478261
NEW_MODE;80;04,06,11,17,30,45,50,51,59,67,72,86,90;72;1;TEST;46;414;40;7.092199;36;8.695652;1.603454;1.226087;28;60.869565
NEW_MODE;80;04,06,11,17,30,45,50,51,59,67,72,86,90;86;12;TEST;46;414;35;6.205674;20;4.830918;-1.374756;0.778468;18;39.130435
NEW_MODE;80;04,06,11,17,30,45,50,51,59,67,72,86,90;90;10;TEST;46;414;35;6.205674;23;5.555556;-0.650118;0.895238;22;47.826087
NEW_MODE;81;01,13,20,38,51,57,61,69,73,74,75,77,83;1;2;DISCOVERY;113;1017;112;6.627219;83;8.161259;1.53404;1.231476;64;56.637168
NEW_MODE;81;01,13,20,38,51,57,61,69,73,74,75,77,83;13;7;DISCOVERY;113;1017;97;5.739645;69;6.784661;1.045016;1.18207;55;48.672566
NEW_MODE;81;01,13,20,38,51,57,61,69,73,74,75,77,83;20;8;DISCOVERY;113;1017;112;6.627219;77;7.571288;0.944069;1.142453;59;52.212389
NEW_MODE;81;01,13,20,38,51,57,61,69,73,74,75,77,83;38;6;DISCOVERY;113;1017;120;7.100592;84;8.259587;1.158995;1.163225;63;55.752212
NEW_MODE;81;01,13,20,38,51,57,61,69,73,74,75,77,83;51;11;DISCOVERY;113;1017;120;7.100592;80;7.866273;0.765682;1.107833;54;47.787611
NEW_MODE;81;01,13,20,38,51,57,61,69,73,74,75,77,83;57;4;DISCOVERY;113;1017;116;6.863905;82;8.06293;1.199025;1.174686;61;53.982301
NEW_MODE;81;01,13,20,38,51,57,61,69,73,74,75,77,83;61;13;DISCOVERY;113;1017;105;6.213018;70;6.882989;0.669971;1.107833;50;44.247788
NEW_MODE;81;01,13,20,38,51,57,61,69,73,74,75,77,83;69;3;DISCOVERY;113;1017;115;6.804734;82;8.06293;1.258196;1.1849;57;50.442478
NEW_MODE;81;01,13,20,38,51,57,61,69,73,74,75,77,83;73;12;DISCOVERY;113;1017;93;5.502959;63;6.19469;0.691732;1.125702;55;48.672566
NEW_MODE;81;01,13,20,38,51,57,61,69,73,74,75,77,83;74;1;DISCOVERY;113;1017;122;7.218935;95;9.3412;2.122265;1.293986;63;55.752212
NEW_MODE;81;01,13,20,38,51,57,61,69,73,74,75,77,83;75;5;DISCOVERY;113;1017;128;7.573964;89;8.751229;1.177265;1.155436;60;53.097345
NEW_MODE;81;01,13,20,38,51,57,61,69,73,74,75,77,83;77;9;DISCOVERY;113;1017;127;7.514793;86;8.456244;0.941451;1.12528;64;56.637168
NEW_MODE;81;01,13,20,38,51,57,61,69,73,74,75,77,83;83;10;DISCOVERY;113;1017;127;7.514793;86;8.456244;0.941451;1.12528;61;53.982301
NEW_MODE;81;01,13,20,38,51,57,61,69,73,74,75,77,83;1;2;VALIDATION;42;378;34;6.028369;17;4.497354;-1.531014;0.746032;14;33.333333
NEW_MODE;81;01,13,20,38,51,57,61,69,73,74,75,77,83;13;7;VALIDATION;42;378;32;5.673759;22;5.820106;0.146347;1.025794;18;42.857143
NEW_MODE;81;01,13,20,38,51,57,61,69,73,74,75,77,83;20;8;VALIDATION;42;378;37;6.560284;23;6.084656;-0.475628;0.927499;17;40.47619
NEW_MODE;81;01,13,20,38,51,57,61,69,73,74,75,77,83;38;6;VALIDATION;42;378;47;8.333333;35;9.259259;0.925926;1.111111;22;52.380952
NEW_MODE;81;01,13,20,38,51,57,61,69,73,74,75,77,83;51;11;VALIDATION;42;378;35;6.205674;26;6.878307;0.672633;1.10839;19;45.238095
NEW_MODE;81;01,13,20,38,51,57,61,69,73,74,75,77,83;57;4;VALIDATION;42;378;34;6.028369;18;4.761905;-1.266464;0.789916;14;33.333333
NEW_MODE;81;01,13,20,38,51,57,61,69,73,74,75,77,83;61;13;VALIDATION;42;378;35;6.205674;25;6.613757;0.408083;1.06576;17;40.47619
NEW_MODE;81;01,13,20,38,51,57,61,69,73,74,75,77,83;69;3;VALIDATION;42;378;37;6.560284;23;6.084656;-0.475628;0.927499;20;47.619048
NEW_MODE;81;01,13,20,38,51,57,61,69,73,74,75,77,83;73;12;VALIDATION;42;378;44;7.801418;41;10.846561;3.045142;1.390332;29;69.047619
NEW_MODE;81;01,13,20,38,51,57,61,69,73,74,75,77,83;74;1;VALIDATION;42;378;34;6.028369;22;5.820106;-0.208263;0.965453;17;40.47619
NEW_MODE;81;01,13,20,38,51,57,61,69,73,74,75,77,83;75;5;VALIDATION;42;378;33;5.851064;22;5.820106;-0.030958;0.994709;20;47.619048
NEW_MODE;81;01,13,20,38,51,57,61,69,73,74,75,77,83;77;9;VALIDATION;42;378;40;7.092199;24;6.349206;-0.742992;0.895238;16;38.095238
NEW_MODE;81;01,13,20,38,51,57,61,69,73,74,75,77,83;83;10;VALIDATION;42;378;34;6.028369;24;6.349206;0.320838;1.053221;22;52.380952
NEW_MODE;81;01,13,20,38,51,57,61,69,73,74,75,77,83;1;2;TEST;38;342;40;7.092199;22;6.432749;-0.65945;0.907018;14;36.842105
NEW_MODE;81;01,13,20,38,51,57,61,69,73,74,75,77,83;13;7;TEST;38;342;41;7.269504;23;6.725146;-0.544357;0.925118;18;47.368421
NEW_MODE;81;01,13,20,38,51,57,61,69,73,74,75,77,83;20;8;TEST;38;342;42;7.446809;39;11.403509;3.9567;1.531328;28;73.684211
NEW_MODE;81;01,13,20,38,51,57,61,69,73,74,75,77,83;38;6;TEST;38;342;30;5.319149;23;6.725146;1.405997;1.264327;15;39.473684
NEW_MODE;81;01,13,20,38,51,57,61,69,73,74,75,77,83;51;11;TEST;38;342;36;6.382979;26;7.602339;1.21936;1.191033;20;52.631579
NEW_MODE;81;01,13,20,38,51,57,61,69,73,74,75,77,83;57;4;TEST;38;342;34;6.028369;15;4.385965;-1.642404;0.727554;11;28.947368
NEW_MODE;81;01,13,20,38,51,57,61,69,73,74,75,77,83;61;13;TEST;38;342;37;6.560284;23;6.725146;0.164863;1.02513;19;50.0
NEW_MODE;81;01,13,20,38,51,57,61,69,73,74,75,77,83;69;3;TEST;38;342;36;6.382979;26;7.602339;1.21936;1.191033;22;57.894737
NEW_MODE;81;01,13,20,38,51,57,61,69,73,74,75,77,83;73;12;TEST;38;342;47;8.333333;35;10.233918;1.900585;1.22807;23;60.526316
NEW_MODE;81;01,13,20,38,51,57,61,69,73,74,75,77,83;74;1;TEST;38;342;37;6.560284;23;6.725146;0.164863;1.02513;17;44.736842
NEW_MODE;81;01,13,20,38,51,57,61,69,73,74,75,77,83;75;5;TEST;38;342;37;6.560284;19;5.555556;-1.004728;0.846847;15;39.473684
NEW_MODE;81;01,13,20,38,51,57,61,69,73,74,75,77,83;77;9;TEST;38;342;30;5.319149;16;4.678363;-0.640786;0.879532;13;34.210526
NEW_MODE;81;01,13,20,38,51,57,61,69,73,74,75,77,83;83;10;TEST;38;342;47;8.333333;34;9.94152;1.608187;1.192982;25;65.789474
NEW_MODE;82;28,37,42,48,52,57,58,64,65,70,77,85,90;28;6;DISCOVERY;123;1107;103;6.094675;79;7.136405;1.04173;1.170925;66;53.658537
NEW_MODE;82;28,37,42,48,52,57,58,64,65,70,77,85,90;37;1;DISCOVERY;123;1107;109;6.449704;89;8.039747;1.590043;1.24653;68;55.284553
NEW_MODE;82;28,37,42,48,52,57,58,64,65,70,77,85,90;42;8;DISCOVERY;123;1107;104;6.153846;79;7.136405;0.982559;1.159666;57;46.341463
NEW_MODE;82;28,37,42,48,52,57,58,64,65,70,77,85,90;48;13;DISCOVERY;123;1107;121;7.159763;88;7.949413;0.78965;1.11029;63;51.219512
NEW_MODE;82;28,37,42,48,52,57,58,64,65,70,77,85,90;52;7;DISCOVERY;123;1107;131;7.751479;97;8.762421;1.010942;1.130419;68;55.284553
NEW_MODE;82;28,37,42,48,52,57,58,64,65,70,77,85,90;57;5;DISCOVERY;123;1107;116;6.863905;88;7.949413;1.085508;1.158147;68;55.284553
NEW_MODE;82;28,37,42,48,52,57,58,64,65,70,77,85,90;58;10;DISCOVERY;123;1107;110;6.508876;82;7.407407;0.898532;1.138047;59;47.96748
NEW_MODE;82;28,37,42,48,52,57,58,64,65,70,77,85,90;64;11;DISCOVERY;123;1107;97;5.739645;73;6.594399;0.854754;1.148921;62;50.406504
NEW_MODE;82;28,37,42,48,52,57,58,64,65,70,77,85,90;65;2;DISCOVERY;123;1107;122;7.218935;97;8.762421;1.543486;1.213811;72;58.536585
NEW_MODE;82;28,37,42,48,52,57,58,64,65,70,77,85,90;70;12;DISCOVERY;123;1107;98;5.798817;73;6.594399;0.795583;1.137197;52;42.276423
NEW_MODE;82;28,37,42,48,52,57,58,64,65,70,77,85,90;77;3;DISCOVERY;123;1107;127;7.514793;100;9.033424;1.518631;1.202086;71;57.723577
NEW_MODE;82;28,37,42,48,52,57,58,64,65,70,77,85,90;85;9;DISCOVERY;123;1107;132;7.810651;97;8.762421;0.95177;1.121855;66;53.658537
NEW_MODE;82;28,37,42,48,52,57,58,64,65,70,77,85,90;90;4;DISCOVERY;123;1107;129;7.633136;101;9.123758;1.490622;1.195283;69;56.097561
NEW_MODE;82;28,37,42,48,52,57,58,64,65,70,77,85,90;28;6;VALIDATION;30;270;42;7.446809;23;8.518519;1.07171;1.143915;16;53.333333
NEW_MODE;82;28,37,42,48,52,57,58,64,65,70,77,85,90;37;1;VALIDATION;30;270;46;8.156028;26;9.62963;1.473601;1.180676;18;60.0
NEW_MODE;82;28,37,42,48,52,57,58,64,65,70,77,85,90;42;8;VALIDATION;30;270;45;7.978723;18;6.666667;-1.312057;0.835556;15;50.0
NEW_MODE;82;28,37,42,48,52,57,58,64,65,70,77,85,90;48;13;VALIDATION;30;270;40;7.092199;22;8.148148;1.05595;1.148889;14;46.666667
NEW_MODE;82;28,37,42,48,52,57,58,64,65,70,77,85,90;52;7;VALIDATION;30;270;47;8.333333;18;6.666667;-1.666667;0.8;15;50.0
NEW_MODE;82;28,37,42,48,52,57,58,64,65,70,77,85,90;57;5;VALIDATION;30;270;34;6.028369;20;7.407407;1.379039;1.228758;16;53.333333
NEW_MODE;82;28,37,42,48,52,57,58,64,65,70,77,85,90;58;10;VALIDATION;30;270;43;7.624113;25;9.259259;1.635146;1.21447;18;60.0
NEW_MODE;82;28,37,42,48,52,57,58,64,65,70,77,85,90;64;11;VALIDATION;30;270;39;6.914894;21;7.777778;0.862884;1.124786;14;46.666667
NEW_MODE;82;28,37,42,48,52,57,58,64,65,70,77,85,90;65;2;VALIDATION;30;270;43;7.624113;21;7.777778;0.153664;1.020155;18;60.0
NEW_MODE;82;28,37,42,48,52,57,58,64,65,70,77,85,90;70;12;VALIDATION;30;270;31;5.496454;20;7.407407;1.910954;1.34767;18;60.0
NEW_MODE;82;28,37,42,48,52,57,58,64,65,70,77,85,90;77;3;VALIDATION;30;270;40;7.092199;22;8.148148;1.05595;1.148889;14;46.666667
NEW_MODE;82;28,37,42,48,52,57,58,64,65,70,77,85,90;85;9;VALIDATION;30;270;28;4.964539;9;3.333333;-1.631206;0.671429;9;30.0
NEW_MODE;82;28,37,42,48,52,57,58,64,65,70,77,85,90;90;4;VALIDATION;30;270;29;5.141844;17;6.296296;1.154452;1.224521;15;50.0
NEW_MODE;82;28,37,42,48,52,57,58,64,65,70,77,85,90;28;6;TEST;36;324;44;7.801418;25;7.716049;-0.085369;0.989057;21;58.333333
NEW_MODE;82;28,37,42,48,52,57,58,64,65,70,77,85,90;37;1;TEST;36;324;28;4.964539;16;4.938272;-0.026267;0.994709;14;38.888889
NEW_MODE;82;28,37,42,48,52,57,58,64,65,70,77,85,90;42;8;TEST;36;324;45;7.978723;24;7.407407;-0.571316;0.928395;19;52.777778
NEW_MODE;82;28,37,42,48,52,57,58,64,65,70,77,85,90;48;13;TEST;36;324;31;5.496454;11;3.395062;-2.101392;0.617682;10;27.777778
NEW_MODE;82;28,37,42,48,52,57,58,64,65,70,77,85,90;52;7;TEST;36;324;38;6.737589;21;6.481481;-0.256107;0.961988;18;50.0
NEW_MODE;82;28,37,42,48,52,57,58,64,65,70,77,85,90;57;5;TEST;36;324;34;6.028369;13;4.012346;-2.016023;0.665577;10;27.777778
NEW_MODE;82;28,37,42,48,52,57,58,64,65,70,77,85,90;58;10;TEST;36;324;42;7.446809;22;6.790123;-0.656685;0.911817;17;47.222222
NEW_MODE;82;28,37,42,48,52,57,58,64,65,70,77,85,90;64;11;TEST;36;324;35;6.205674;16;4.938272;-1.267402;0.795767;12;33.333333
NEW_MODE;82;28,37,42,48,52,57,58,64,65,70,77,85,90;65;2;TEST;36;324;29;5.141844;19;5.864198;0.722354;1.140485;11;30.555556
NEW_MODE;82;28,37,42,48,52,57,58,64,65,70,77,85,90;70;12;TEST;36;324;26;4.609929;14;4.320988;-0.288941;0.937322;12;33.333333
NEW_MODE;82;28,37,42,48,52,57,58,64,65,70,77,85,90;77;3;TEST;36;324;30;5.319149;18;5.555556;0.236407;1.044444;15;41.666667
NEW_MODE;82;28,37,42,48,52,57,58,64,65,70,77,85,90;85;9;TEST;36;324;53;9.397163;36;11.111111;1.713948;1.18239;23;63.888889
NEW_MODE;82;28,37,42,48,52,57,58,64,65,70,77,85,90;90;4;TEST;36;324;35;6.205674;21;6.481481;0.275808;1.044444;18;50.0
NEW_MODE;83;11,18,20,21,26,30,37,44,47,65,75,80,90;11;1;DISCOVERY;127;1143;120;7.100592;100;8.748906;1.648315;1.232138;71;55.905512
NEW_MODE;83;11,18,20,21,26,30,37,44,47,65,75,80,90;18;6;DISCOVERY;127;1143;97;5.739645;80;6.999125;1.25948;1.219435;55;43.307087
NEW_MODE;83;11,18,20,21,26,30,37,44,47,65,75,80,90;20;9;DISCOVERY;127;1143;112;6.627219;88;7.699038;1.071819;1.16173;65;51.181102
NEW_MODE;83;11,18,20,21,26,30,37,44,47,65,75,80,90;21;3;DISCOVERY;127;1143;122;7.218935;98;8.573928;1.354993;1.1877;72;56.692913
NEW_MODE;83;11,18,20,21,26,30,37,44,47,65,75,80,90;26;12;DISCOVERY;127;1143;118;6.982249;90;7.874016;0.891767;1.127719;71;55.905512
NEW_MODE;83;11,18,20,21,26,30,37,44,47,65,75,80,90;30;5;DISCOVERY;127;1143;101;5.976331;83;7.261592;1.285261;1.215059;66;51.968504
NEW_MODE;83;11,18,20,21,26,30,37,44,47,65,75,80,90;37;11;DISCOVERY;127;1143;109;6.449704;85;7.43657;0.986866;1.15301;62;48.818898
NEW_MODE;83;11,18,20,21,26,30,37,44,47,65,75,80,90;44;8;DISCOVERY;127;1143;101;5.976331;82;7.174103;1.197772;1.200419;62;48.818898
NEW_MODE;83;11,18,20,21,26,30,37,44,47,65,75,80,90;47;4;DISCOVERY;127;1143;125;7.39645;100;8.748906;1.352457;1.182852;72;56.692913
NEW_MODE;83;11,18,20,21,26,30,37,44,47,65,75,80,90;65;10;DISCOVERY;127;1143;122;7.218935;94;8.223972;1.005037;1.139222;70;55.11811
NEW_MODE;83;11,18,20,21,26,30,37,44,47,65,75,80,90;75;2;DISCOVERY;127;1143;128;7.573964;103;9.011374;1.437409;1.189783;61;48.031496
NEW_MODE;83;11,18,20,21,26,30,37,44,47,65,75,80,90;80;13;DISCOVERY;127;1143;110;6.508876;84;7.349081;0.840206;1.129086;58;45.669291
NEW_MODE;83;11,18,20,21,26,30,37,44,47,65,75,80,90;90;7;DISCOVERY;127;1143;129;7.633136;101;8.836395;1.203259;1.157636;71;55.905512
NEW_MODE;83;11,18,20,21,26,30,37,44,47,65,75,80,90;11;1;VALIDATION;34;306;27;4.787234;20;6.535948;1.748714;1.365287;18;52.941176
NEW_MODE;83;11,18,20,21,26,30,37,44,47,65,75,80,90;18;6;VALIDATION;34;306;32;5.673759;14;4.575163;-1.098595;0.806373;12;35.294118
NEW_MODE;83;11,18,20,21,26,30,37,44,47,65,75,80,90;20;9;VALIDATION;34;306;37;6.560284;20;6.535948;-0.024336;0.99629;17;50.0
NEW_MODE;83;11,18,20,21,26,30,37,44,47,65,75,80,90;21;3;VALIDATION;34;306;40;7.092199;17;5.555556;-1.536643;0.783333;14;41.176471
NEW_MODE;83;11,18,20,21,26,30,37,44,47,65,75,80,90;26;12;VALIDATION;34;306;28;4.964539;12;3.921569;-1.04297;0.789916;8;23.529412
NEW_MODE;83;11,18,20,21,26,30,37,44,47,65,75,80,90;30;5;VALIDATION;34;306;36;6.382979;19;6.20915;-0.173828;0.972767;17;50.0
NEW_MODE;83;11,18,20,21,26,30,37,44,47,65,75,80,90;37;11;VALIDATION;34;306;46;8.156028;22;7.189542;-0.966486;0.8815;20;58.823529
NEW_MODE;83;11,18,20,21,26,30,37,44,47,65,75,80,90;44;8;VALIDATION;34;306;36;6.382979;24;7.843137;1.460159;1.228758;18;52.941176
NEW_MODE;83;11,18,20,21,26,30,37,44,47,65,75,80,90;47;4;VALIDATION;34;306;38;6.737589;22;7.189542;0.451954;1.067079;18;52.941176
NEW_MODE;83;11,18,20,21,26,30,37,44,47,65,75,80,90;65;10;VALIDATION;34;306;43;7.624113;30;9.803922;2.179808;1.28591;20;58.823529
NEW_MODE;83;11,18,20,21,26,30,37,44,47,65,75,80,90;75;2;VALIDATION;34;306;33;5.851064;20;6.535948;0.684884;1.117053;16;47.058824
NEW_MODE;83;11,18,20,21,26,30,37,44,47,65,75,80,90;80;13;VALIDATION;34;306;42;7.446809;21;6.862745;-0.584063;0.921569;14;41.176471
NEW_MODE;83;11,18,20,21,26,30,37,44,47,65,75,80,90;90;7;VALIDATION;34;306;29;5.141844;9;2.941176;-2.200668;0.572008;7;20.588235
NEW_MODE;83;11,18,20,21,26,30,37,44,47,65,75,80,90;11;1;TEST;46;414;42;7.446809;31;7.487923;0.041114;1.005521;21;45.652174
NEW_MODE;83;11,18,20,21,26,30,37,44,47,65,75,80,90;18;6;TEST;46;414;42;7.446809;32;7.729469;0.28266;1.037957;23;50.0
NEW_MODE;83;11,18,20,21,26,30,37,44,47,65,75,80,90;20;9;TEST;46;414;42;7.446809;33;7.971014;0.524206;1.070393;25;54.347826
NEW_MODE;83;11,18,20,21,26,30,37,44,47,65,75,80,90;21;3;TEST;46;414;36;6.382979;18;4.347826;-2.035153;0.681159;15;32.608696
NEW_MODE;83;11,18,20,21,26,30,37,44,47,65,75,80,90;26;12;TEST;46;414;31;5.496454;20;4.830918;-0.665536;0.878915;17;36.956522
NEW_MODE;83;11,18,20,21,26,30,37,44,47,65,75,80,90;30;5;TEST;46;414;39;6.914894;38;9.178744;2.26385;1.327388;28;60.869565
NEW_MODE;83;11,18,20,21,26,30,37,44,47,65,75,80,90;37;11;TEST;46;414;28;4.964539;24;5.797101;0.832562;1.167702;20;43.478261
NEW_MODE;83;11,18,20,21,26,30,37,44,47,65,75,80,90;44;8;TEST;46;414;35;6.205674;28;6.763285;0.557611;1.089855;19;41.304348
NEW_MODE;83;11,18,20,21,26,30,37,44,47,65,75,80,90;47;4;TEST;46;414;41;7.269504;36;8.695652;1.426149;1.196182;28;60.869565
NEW_MODE;83;11,18,20,21,26,30,37,44,47,65,75,80,90;65;10;TEST;46;414;29;5.141844;17;4.10628;-1.035564;0.798601;12;26.086957
NEW_MODE;83;11,18,20,21,26,30,37,44,47,65,75,80,90;75;2;TEST;46;414;37;6.560284;30;7.246377;0.686093;1.104583;24;52.173913
NEW_MODE;83;11,18,20,21,26,30,37,44,47,65,75,80,90;80;13;TEST;46;414;46;8.156028;34;8.21256;0.056532;1.006931;27;58.695652
NEW_MODE;83;11,18,20,21,26,30,37,44,47,65,75,80,90;90;7;TEST;46;414;35;6.205674;25;6.038647;-0.167026;0.973085;20;43.478261
NEW_MODE;84;01,15,16,20,41,47,49,53,55,56,71,77,83;1;12;DISCOVERY;113;1017;112;6.627219;75;7.374631;0.747412;1.112779;57;50.442478
NEW_MODE;84;01,15,16,20,41,47,49,53,55,56,71,77,83;15;6;DISCOVERY;113;1017;118;6.982249;82;8.06293;1.080682;1.154776;57;50.442478
NEW_MODE;84;01,15,16,20,41,47,49,53,55,56,71,77,83;16;3;DISCOVERY;113;1017;117;6.923077;86;8.456244;1.533167;1.221457;62;54.867257
NEW_MODE;84;01,15,16,20,41,47,49,53,55,56,71,77,83;20;5;DISCOVERY;113;1017;112;6.627219;81;7.964602;1.337383;1.201802;53;46.902655
NEW_MODE;84;01,15,16,20,41,47,49,53,55,56,71,77,83;41;9;DISCOVERY;113;1017;119;7.04142;81;7.964602;0.923182;1.131107;61;53.982301
NEW_MODE;84;01,15,16,20,41,47,49,53,55,56,71,77,83;47;1;DISCOVERY;113;1017;125;7.39645;96;9.439528;2.043078;1.276224;68;60.176991
NEW_MODE;84;01,15,16,20,41,47,49,53,55,56,71,77,83;49;7;DISCOVERY;113;1017;125;7.39645;86;8.456244;1.059794;1.143284;61;53.982301
NEW_MODE;84;01,15,16,20,41,47,49,53,55,56,71,77,83;53;10;DISCOVERY;113;1017;91;5.384615;63;6.19469;0.810075;1.150442;48;42.477876
NEW_MODE;84;01,15,16,20,41,47,49,53,55,56,71,77,83;55;13;DISCOVERY;113;1017;122;7.218935;81;7.964602;0.745667;1.103293;60;53.097345
NEW_MODE;84;01,15,16,20,41,47,49,53,55,56,71,77,83;56;2;DISCOVERY;113;1017;123;7.278107;92;9.046214;1.768108;1.242935;67;59.292035
NEW_MODE;84;01,15,16,20,41,47,49,53,55,56,71,77,83;71;11;DISCOVERY;113;1017;100;5.91716;68;6.686332;0.769173;1.12999;55;48.672566
NEW_MODE;84;01,15,16,20,41,47,49,53,55,56,71,77,83;77;8;DISCOVERY;113;1017;127;7.514793;86;8.456244;0.941451;1.12528;60;53.097345
NEW_MODE;84;01,15,16,20,41,47,49,53,55,56,71,77,83;83;4;DISCOVERY;113;1017;127;7.514793;92;9.046214;1.531421;1.203788;74;65.486726
NEW_MODE;84;01,15,16,20,41,47,49,53,55,56,71,77,83;1;12;VALIDATION;30;270;34;6.028369;15;5.555556;-0.472813;0.921569;12;40.0
NEW_MODE;84;01,15,16,20,41,47,49,53,55,56,71,77,83;15;6;VALIDATION;30;270;44;7.801418;21;7.777778;-0.023641;0.99697;16;53.333333
NEW_MODE;84;01,15,16,20,41,47,49,53,55,56,71,77,83;16;3;VALIDATION;30;270;31;5.496454;18;6.666667;1.170213;1.212903;17;56.666667
NEW_MODE;84;01,15,16,20,41,47,49,53,55,56,71,77,83;20;5;VALIDATION;30;270;37;6.560284;18;6.666667;0.106383;1.016216;14;46.666667
NEW_MODE;84;01,15,16,20,41,47,49,53,55,56,71,77,83;41;9;VALIDATION;30;270;48;8.510638;26;9.62963;1.118991;1.131481;18;60.0
NEW_MODE;84;01,15,16,20,41,47,49,53,55,56,71,77,83;47;1;VALIDATION;30;270;38;6.737589;15;5.555556;-1.182033;0.824561;11;36.666667
NEW_MODE;84;01,15,16,20,41,47,49,53,55,56,71,77,83;49;7;VALIDATION;30;270;47;8.333333;18;6.666667;-1.666667;0.8;14;46.666667
NEW_MODE;84;01,15,16,20,41,47,49,53,55,56,71,77,83;53;10;VALIDATION;30;270;35;6.205674;24;8.888889;2.683215;1.432381;18;60.0
NEW_MODE;84;01,15,16,20,41,47,49,53,55,56,71,77,83;55;13;VALIDATION;30;270;41;7.269504;22;8.148148;0.878645;1.120867;13;43.333333
NEW_MODE;84;01,15,16,20,41,47,49,53,55,56,71,77,83;56;2;VALIDATION;30;270;39;6.914894;21;7.777778;0.862884;1.124786;18;60.0
NEW_MODE;84;01,15,16,20,41,47,49,53,55,56,71,77,83;71;11;VALIDATION;30;270;42;7.446809;20;7.407407;-0.039401;0.994709;18;60.0
NEW_MODE;84;01,15,16,20,41,47,49,53,55,56,71,77,83;77;8;VALIDATION;30;270;40;7.092199;13;4.814815;-2.277384;0.678889;11;36.666667
NEW_MODE;84;01,15,16,20,41,47,49,53,55,56,71,77,83;83;4;VALIDATION;30;270;34;6.028369;20;7.407407;1.379039;1.228758;17;56.666667
NEW_MODE;84;01,15,16,20,41,47,49,53,55,56,71,77,83;1;12;TEST;35;315;40;7.092199;16;5.079365;-2.012834;0.71619;13;37.142857
NEW_MODE;84;01,15,16,20,41,47,49,53,55,56,71,77,83;15;6;TEST;35;315;29;5.141844;17;5.396825;0.254981;1.049589;15;42.857143
NEW_MODE;84;01,15,16,20,41,47,49,53,55,56,71,77,83;16;3;TEST;35;315;37;6.560284;23;7.301587;0.741304;1.112999;22;62.857143
NEW_MODE;84;01,15,16,20,41,47,49,53,55,56,71,77,83;20;5;TEST;35;315;42;7.446809;26;8.253968;0.80716;1.10839;20;57.142857
NEW_MODE;84;01,15,16,20,41,47,49,53,55,56,71,77,83;41;9;TEST;35;315;38;6.737589;26;8.253968;1.51638;1.225063;20;57.142857
NEW_MODE;84;01,15,16,20,41,47,49,53,55,56,71,77,83;47;1;TEST;35;315;41;7.269504;29;9.206349;1.936846;1.266434;21;60.0
NEW_MODE;84;01,15,16,20,41,47,49,53,55,56,71,77,83;49;7;TEST;35;315;42;7.446809;17;5.396825;-2.049983;0.724717;16;45.714286
NEW_MODE;84;01,15,16,20,41,47,49,53,55,56,71,77,83;53;10;TEST;35;315;36;6.382979;22;6.984127;0.601148;1.09418;16;45.714286
NEW_MODE;84;01,15,16,20,41,47,49,53,55,56,71,77,83;55;13;TEST;35;315;39;6.914894;20;6.349206;-0.565687;0.918193;13;37.142857
NEW_MODE;84;01,15,16,20,41,47,49,53,55,56,71,77,83;56;2;TEST;35;315;36;6.382979;23;7.301587;0.918609;1.143915;17;48.571429
NEW_MODE;84;01,15,16,20,41,47,49,53,55,56,71,77,83;71;11;TEST;35;315;38;6.737589;21;6.666667;-0.070922;0.989474;18;51.428571
NEW_MODE;84;01,15,16,20,41,47,49,53,55,56,71,77,83;77;8;TEST;35;315;30;5.319149;18;5.714286;0.395137;1.074286;12;34.285714
NEW_MODE;84;01,15,16,20,41,47,49,53,55,56,71,77,83;83;4;TEST;35;315;47;8.333333;27;8.571429;0.238095;1.028571;19;54.285714
NEW_MODE;85;08,14,16,18,20,22,25,30,32,43,47,58,73;8;4;DISCOVERY;130;1170;106;6.272189;89;7.606838;1.334648;1.212788;71;54.615385
NEW_MODE;85;08,14,16,18,20,22,25,30,32,43,47,58,73;14;11;DISCOVERY;130;1170;99;5.857988;77;6.581197;0.723208;1.123457;56;43.076923
NEW_MODE;85;08,14,16,18,20,22,25,30,32,43,47,58,73;16;1;DISCOVERY;130;1170;117;6.923077;103;8.803419;1.880342;1.271605;72;55.384615
NEW_MODE;85;08,14,16,18,20,22,25,30,32,43,47,58,73;18;13;DISCOVERY;130;1170;97;5.739645;75;6.410256;0.670611;1.116838;57;43.846154
NEW_MODE;85;08,14,16,18,20,22,25,30,32,43,47,58,73;20;7;DISCOVERY;130;1170;112;6.627219;90;7.692308;1.065089;1.160714;72;55.384615
NEW_MODE;85;08,14,16,18,20,22,25,30,32,43,47,58,73;22;6;DISCOVERY;130;1170;110;6.508876;89;7.606838;1.097962;1.168687;66;50.769231
NEW_MODE;85;08,14,16,18,20,22,25,30,32,43,47,58,73;25;5;DISCOVERY;130;1170;117;6.923077;94;8.034188;1.111111;1.160494;75;57.692308
NEW_MODE;85;08,14,16,18,20,22,25,30,32,43,47,58,73;30;2;DISCOVERY;130;1170;101;5.976331;88;7.521368;1.545036;1.258526;71;54.615385
NEW_MODE;85;08,14,16,18,20,22,25,30,32,43,47,58,73;32;3;DISCOVERY;130;1170;131;7.751479;107;9.145299;1.39382;1.179813;74;56.923077
NEW_MODE;85;08,14,16,18,20,22,25,30,32,43,47,58,73;43;12;DISCOVERY;130;1170;110;6.508876;84;7.179487;0.670611;1.10303;65;50.0
NEW_MODE;85;08,14,16,18,20,22,25,30,32,43,47,58,73;47;9;DISCOVERY;130;1170;125;7.39645;96;8.205128;0.808679;1.109333;74;56.923077
NEW_MODE;85;08,14,16,18,20,22,25,30,32,43,47,58,73;58;10;DISCOVERY;130;1170;110;6.508876;85;7.264957;0.756082;1.116162;65;50.0
NEW_MODE;85;08,14,16,18,20,22,25,30,32,43,47,58,73;73;8;DISCOVERY;130;1170;93;5.502959;75;6.410256;0.907298;1.164875;63;48.461538
NEW_MODE;85;08,14,16,18,20,22,25,30,32,43,47,58,73;8;4;VALIDATION;27;243;29;5.141844;12;4.938272;-0.203572;0.960409;10;37.037037
NEW_MODE;85;08,14,16,18,20,22,25,30,32,43,47,58,73;14;11;VALIDATION;27;243;36;6.382979;19;7.81893;1.435951;1.224966;13;48.148148
NEW_MODE;85;08,14,16,18,20,22,25,30,32,43,47,58,73;16;1;VALIDATION;27;243;31;5.496454;15;6.17284;0.676386;1.123059;13;48.148148
NEW_MODE;85;08,14,16,18,20,22,25,30,32,43,47,58,73;18;13;VALIDATION;27;243;32;5.673759;11;4.526749;-1.14701;0.79784;10;37.037037
NEW_MODE;85;08,14,16,18,20,22,25,30,32,43,47,58,73;20;7;VALIDATION;27;243;37;6.560284;20;8.230453;1.670169;1.254588;16;59.259259
NEW_MODE;85;08,14,16,18,20,22,25,30,32,43,47,58,73;22;6;VALIDATION;27;243;42;7.446809;20;8.230453;0.783644;1.105232;15;55.555556
NEW_MODE;85;08,14,16,18,20,22,25,30,32,43,47,58,73;25;5;VALIDATION;27;243;46;8.156028;25;10.288066;2.132037;1.261406;16;59.259259
NEW_MODE;85;08,14,16,18,20,22,25,30,32,43,47,58,73;30;2;VALIDATION;27;243;36;6.382979;12;4.938272;-1.444707;0.773663;11;40.740741
NEW_MODE;85;08,14,16,18,20,22,25,30,32,43,47,58,73;32;3;VALIDATION;27;243;38;6.737589;11;4.526749;-2.21084;0.671865;9;33.333333
NEW_MODE;85;08,14,16,18,20,22,25,30,32,43,47,58,73;43;12;VALIDATION;27;243;39;6.914894;15;6.17284;-0.742054;0.892688;11;40.740741
NEW_MODE;85;08,14,16,18,20,22,25,30,32,43,47,58,73;47;9;VALIDATION;27;243;38;6.737589;21;8.641975;1.904387;1.282651;15;55.555556
NEW_MODE;85;08,14,16,18,20,22,25,30,32,43,47,58,73;58;10;VALIDATION;27;243;43;7.624113;13;5.349794;-2.274319;0.701694;10;37.037037
NEW_MODE;85;08,14,16,18,20,22,25,30,32,43,47,58,73;73;8;VALIDATION;27;243;44;7.801418;24;9.876543;2.075125;1.265993;15;55.555556
NEW_MODE;85;08,14,16,18,20,22,25,30,32,43,47,58,73;8;4;TEST;52;468;42;7.446809;34;7.264957;-0.181851;0.97558;26;50.0
NEW_MODE;85;08,14,16,18,20,22,25,30,32,43,47,58,73;14;11;TEST;52;468;39;6.914894;35;7.478632;0.563739;1.081525;28;53.846154
NEW_MODE;85;08,14,16,18,20,22,25,30,32,43,47,58,73;16;1;TEST;52;468;37;6.560284;33;7.051282;0.490998;1.074844;26;50.0
NEW_MODE;85;08,14,16,18,20,22,25,30,32,43,47,58,73;18;13;TEST;52;468;42;7.446809;49;10.470085;3.023277;1.405983;34;65.384615
NEW_MODE;85;08,14,16,18,20,22,25,30,32,43,47,58,73;20;7;TEST;52;468;42;7.446809;47;10.042735;2.595927;1.348596;33;63.461538
NEW_MODE;85;08,14,16,18,20,22,25,30,32,43,47,58,73;22;6;TEST;52;468;34;6.028369;26;5.555556;-0.472813;0.921569;26;50.0
NEW_MODE;85;08,14,16,18,20,22,25,30,32,43,47,58,73;25;5;TEST;52;468;35;6.205674;22;4.700855;-1.504819;0.757509;16;30.769231
NEW_MODE;85;08,14,16,18,20,22,25,30,32,43,47,58,73;30;2;TEST;52;468;39;6.914894;33;7.051282;0.136388;1.019724;23;44.230769
NEW_MODE;85;08,14,16,18,20,22,25,30,32,43,47,58,73;32;3;TEST;52;468;29;5.141844;23;4.91453;-0.227314;0.955791;17;32.692308
NEW_MODE;85;08,14,16,18,20,22,25,30,32,43,47,58,73;43;12;TEST;52;468;46;8.156028;50;10.683761;2.527732;1.309922;32;61.538462
NEW_MODE;85;08,14,16,18,20,22,25,30,32,43,47,58,73;47;9;TEST;52;468;41;7.269504;28;5.982906;-1.286598;0.823014;23;44.230769
NEW_MODE;85;08,14,16,18,20,22,25,30,32,43,47,58,73;58;10;TEST;52;468;42;7.446809;29;6.196581;-1.250227;0.832112;26;50.0
NEW_MODE;85;08,14,16,18,20,22,25,30,32,43,47,58,73;73;8;TEST;52;468;47;8.333333;38;8.119658;-0.213675;0.974359;26;50.0
NEW_MODE;86;01,14,18,21,28,30,52,64,69,70,74,78,85;1;9;DISCOVERY;124;1116;112;6.627219;83;7.437276;0.810057;1.122232;63;50.806452
NEW_MODE;86;01,14,18,21,28,30,52,64,69,70,74,78,85;14;3;DISCOVERY;124;1116;99;5.857988;77;6.899642;1.041653;1.177818;62;50.0
NEW_MODE;86;01,14,18,21,28,30,52,64,69,70,74,78,85;18;5;DISCOVERY;124;1116;97;5.739645;75;6.72043;0.980785;1.170879;53;42.741935
NEW_MODE;86;01,14,18,21,28,30,52,64,69,70,74,78,85;21;4;DISCOVERY;124;1116;122;7.218935;92;8.243728;1.024793;1.141959;65;52.419355
NEW_MODE;86;01,14,18,21,28,30,52,64,69,70,74,78,85;28;6;DISCOVERY;124;1116;103;6.094675;78;6.989247;0.894573;1.146779;61;49.193548
NEW_MODE;86;01,14,18,21,28,30,52,64,69,70,74,78,85;30;2;DISCOVERY;124;1116;101;5.976331;79;7.078853;1.102522;1.184481;58;46.774194
NEW_MODE;86;01,14,18,21,28,30,52,64,69,70,74,78,85;52;1;DISCOVERY;124;1116;131;7.751479;100;8.960573;1.209094;1.155982;69;55.645161
NEW_MODE;86;01,14,18,21,28,30,52,64,69,70,74,78,85;64;10;DISCOVERY;124;1116;97;5.739645;73;6.541219;0.801574;1.139656;61;49.193548
NEW_MODE;86;01,14,18,21,28,30,52,64,69,70,74,78,85;69;8;DISCOVERY;124;1116;115;6.804734;85;7.616487;0.811754;1.119293;65;52.419355
NEW_MODE;86;01,14,18,21,28,30,52,64,69,70,74,78,85;70;13;DISCOVERY;124;1116;98;5.798817;73;6.541219;0.742402;1.128026;55;44.354839
NEW_MODE;86;01,14,18,21,28,30,52,64,69,70,74,78,85;74;7;DISCOVERY;124;1116;122;7.218935;90;8.064516;0.845581;1.117134;63;50.806452
NEW_MODE;86;01,14,18,21,28,30,52,64,69,70,74,78,85;78;12;DISCOVERY;124;1116;120;7.100592;88;7.885305;0.784713;1.110514;64;51.612903
NEW_MODE;86;01,14,18,21,28,30,52,64,69,70,74,78,85;85;11;DISCOVERY;124;1116;132;7.810651;96;8.602151;0.7915;1.101336;69;55.645161
NEW_MODE;86;01,14,18,21,28,30,52,64,69,70,74,78,85;1;9;VALIDATION;45;405;34;6.028369;22;5.432099;-0.59627;0.901089;19;42.222222
NEW_MODE;86;01,14,18,21,28,30,52,64,69,70,74,78,85;14;3;VALIDATION;45;405;36;6.382979;19;4.691358;-1.691621;0.734979;18;40.0
NEW_MODE;86;01,14,18,21,28,30,52,64,69,70,74,78,85;18;5;VALIDATION;45;405;32;5.673759;20;4.938272;-0.735487;0.87037;16;35.555556
NEW_MODE;86;01,14,18,21,28,30,52,64,69,70,74,78,85;21;4;VALIDATION;45;405;40;7.092199;26;6.419753;-0.672445;0.905185;24;53.333333
NEW_MODE;86;01,14,18,21,28,30,52,64,69,70,74,78,85;28;6;VALIDATION;45;405;42;7.446809;23;5.679012;-1.767796;0.76261;16;35.555556
NEW_MODE;86;01,14,18,21,28,30,52,64,69,70,74,78,85;30;2;VALIDATION;45;405;36;6.382979;22;5.432099;-0.95088;0.851029;18;40.0
NEW_MODE;86;01,14,18,21,28,30,52,64,69,70,74,78,85;52;1;VALIDATION;45;405;47;8.333333;30;7.407407;-0.925926;0.888889;29;64.444444
NEW_MODE;86;01,14,18,21,28,30,52,64,69,70,74,78,85;64;10;VALIDATION;45;405;39;6.914894;27;6.666667;-0.248227;0.964103;24;53.333333
NEW_MODE;86;01,14,18,21,28,30,52,64,69,70,74,78,85;69;8;VALIDATION;45;405;37;6.560284;30;7.407407;0.847124;1.129129;25;55.555556
NEW_MODE;86;01,14,18,21,28,30,52,64,69,70,74,78,85;70;13;VALIDATION;45;405;31;5.496454;23;5.679012;0.182558;1.033214;20;44.444444
NEW_MODE;86;01,14,18,21,28,30,52,64,69,70,74,78,85;74;7;VALIDATION;45;405;34;6.028369;29;7.160494;1.132125;1.1878;24;53.333333
NEW_MODE;86;01,14,18,21,28,30,52,64,69,70,74,78,85;78;12;VALIDATION;45;405;35;6.205674;29;7.160494;0.95482;1.153862;19;42.222222
NEW_MODE;86;01,14,18,21,28,30,52,64,69,70,74,78,85;85;11;VALIDATION;45;405;28;4.964539;21;5.185185;0.220646;1.044444;19;42.222222
NEW_MODE;86;01,14,18,21,28,30,52,64,69,70,74,78,85;1;9;TEST;35;315;40;7.092199;19;6.031746;-1.060453;0.850476;13;37.142857
NEW_MODE;86;01,14,18,21,28,30,52,64,69,70,74,78,85;14;3;TEST;35;315;39;6.914894;11;3.492063;-3.42283;0.505006;11;31.428571
NEW_MODE;86;01,14,18,21,28,30,52,64,69,70,74,78,85;18;5;TEST;35;315;42;7.446809;21;6.666667;-0.780142;0.895238;17;48.571429
NEW_MODE;86;01,14,18,21,28,30,52,64,69,70,74,78,85;21;4;TEST;35;315;36;6.382979;18;5.714286;-0.668693;0.895238;15;42.857143
NEW_MODE;86;01,14,18,21,28,30,52,64,69,70,74,78,85;28;6;TEST;35;315;44;7.801418;26;8.253968;0.45255;1.058009;16;45.714286
NEW_MODE;86;01,14,18,21,28,30,52,64,69,70,74,78,85;30;2;TEST;35;315;39;6.914894;21;6.666667;-0.248227;0.964103;16;45.714286
NEW_MODE;86;01,14,18,21,28,30,52,64,69,70,74,78,85;52;1;TEST;35;315;38;6.737589;22;6.984127;0.246538;1.036591;14;40.0
NEW_MODE;86;01,14,18,21,28,30,52,64,69,70,74,78,85;64;10;TEST;35;315;35;6.205674;20;6.349206;0.143533;1.023129;18;51.428571
NEW_MODE;86;01,14,18,21,28,30,52,64,69,70,74,78,85;69;8;TEST;35;315;36;6.382979;20;6.349206;-0.033772;0.994709;14;40.0
NEW_MODE;86;01,14,18,21,28,30,52,64,69,70,74,78,85;70;13;TEST;35;315;26;4.609929;15;4.761905;0.151976;1.032967;12;34.285714
NEW_MODE;86;01,14,18,21,28,30,52,64,69,70,74,78,85;74;7;TEST;35;315;37;6.560284;24;7.619048;1.058764;1.16139;18;51.428571
NEW_MODE;86;01,14,18,21,28,30,52,64,69,70,74,78,85;78;12;TEST;35;315;29;5.141844;17;5.396825;0.254981;1.049589;14;40.0
NEW_MODE;86;01,14,18,21,28,30,52,64,69,70,74,78,85;85;11;TEST;35;315;53;9.397163;30;9.52381;0.126646;1.013477;22;62.857143
NEW_MODE;87;01,21,34,35,36,49,54,56,57,61,62,63,83;1;10;DISCOVERY;111;999;112;6.627219;75;7.507508;0.880289;1.132829;55;49.54955
NEW_MODE;87;01,21,34,35,36,49,54,56,57,61,62,63,83;21;9;DISCOVERY;111;999;122;7.218935;81;8.108108;0.889173;1.123172;58;52.252252
NEW_MODE;87;01,21,34,35,36,49,54,56,57,61,62,63,83;34;11;DISCOVERY;111;999;121;7.159763;80;8.008008;0.848245;1.118474;64;57.657658
NEW_MODE;87;01,21,34,35,36,49,54,56,57,61,62,63,83;35;5;DISCOVERY;111;999;111;6.568047;76;7.607608;1.03956;1.158275;53;47.747748
NEW_MODE;87;01,21,34,35,36,49,54,56,57,61,62,63,83;36;6;DISCOVERY;111;999;98;5.798817;68;6.806807;1.00799;1.173827;50;45.045045
NEW_MODE;87;01,21,34,35,36,49,54,56,57,61,62,63,83;49;8;DISCOVERY;111;999;125;7.39645;83;8.308308;0.911859;1.123283;67;60.36036
NEW_MODE;87;01,21,34,35,36,49,54,56,57,61,62,63,83;54;2;DISCOVERY;111;999;130;7.692308;89;8.908909;1.216601;1.158158;68;61.261261
NEW_MODE;87;01,21,34,35,36,49,54,56,57,61,62,63,83;56;13;DISCOVERY;111;999;123;7.278107;80;8.008008;0.729901;1.100287;63;56.756757
NEW_MODE;87;01,21,34,35,36,49,54,56,57,61,62,63,83;57;1;DISCOVERY;111;999;116;6.863905;83;8.308308;1.444403;1.210435;61;54.954955
NEW_MODE;87;01,21,34,35,36,49,54,56,57,61,62,63,83;61;12;DISCOVERY;111;999;105;6.213018;70;7.007007;0.793989;1.127794;54;48.648649
NEW_MODE;87;01,21,34,35,36,49,54,56,57,61,62,63,83;62;3;DISCOVERY;111;999;113;6.686391;78;7.807808;1.121417;1.167716;61;54.954955
NEW_MODE;87;01,21,34,35,36,49,54,56,57,61,62,63,83;63;7;DISCOVERY;111;999;109;6.449704;74;7.407407;0.957703;1.148488;58;52.252252
NEW_MODE;87;01,21,34,35,36,49,54,56,57,61,62,63,83;83;4;DISCOVERY;111;999;127;7.514793;86;8.608609;1.093816;1.145555;66;59.459459
NEW_MODE;87;01,21,34,35,36,49,54,56,57,61,62,63,83;1;10;VALIDATION;39;351;34;6.028369;32;9.116809;3.08844;1.512318;19;48.717949
NEW_MODE;87;01,21,34,35,36,49,54,56,57,61,62,63,83;21;9;VALIDATION;39;351;40;7.092199;29;8.262108;1.16991;1.164957;22;56.410256
NEW_MODE;87;01,21,34,35,36,49,54,56,57,61,62,63,83;34;11;VALIDATION;39;351;33;5.851064;22;6.267806;0.416742;1.071225;18;46.153846
NEW_MODE;87;01,21,34,35,36,49,54,56,57,61,62,63,83;35;5;VALIDATION;39;351;40;7.092199;22;6.267806;-0.824392;0.883761;17;43.589744
NEW_MODE;87;01,21,34,35,36,49,54,56,57,61,62,63,83;36;6;VALIDATION;39;351;26;4.609929;23;6.552707;1.942777;1.421433;16;41.025641
NEW_MODE;87;01,21,34,35,36,49,54,56,57,61,62,63,83;49;8;VALIDATION;39;351;47;8.333333;26;7.407407;-0.925926;0.888889;21;53.846154
NEW_MODE;87;01,21,34,35,36,49,54,56,57,61,62,63,83;54;2;VALIDATION;39;351;33;5.851064;22;6.267806;0.416742;1.071225;18;46.153846
NEW_MODE;87;01,21,34,35,36,49,54,56,57,61,62,63,83;56;13;VALIDATION;39;351;39;6.914894;25;7.122507;0.207614;1.030024;21;53.846154
NEW_MODE;87;01,21,34,35,36,49,54,56,57,61,62,63,83;57;1;VALIDATION;39;351;34;6.028369;14;3.988604;-2.039765;0.661639;13;33.333333
NEW_MODE;87;01,21,34,35,36,49,54,56,57,61,62,63,83;61;12;VALIDATION;39;351;35;6.205674;23;6.552707;0.347033;1.055922;19;48.717949
NEW_MODE;87;01,21,34,35,36,49,54,56,57,61,62,63,83;62;3;VALIDATION;39;351;40;7.092199;20;5.698006;-1.394193;0.803419;16;41.025641
NEW_MODE;87;01,21,34,35,36,49,54,56,57,61,62,63,83;63;7;VALIDATION;39;351;34;6.028369;24;6.837607;0.809238;1.134238;17;43.589744
NEW_MODE;87;01,21,34,35,36,49,54,56,57,61,62,63,83;83;4;VALIDATION;39;351;34;6.028369;26;7.407407;1.379039;1.228758;22;56.410256
NEW_MODE;87;01,21,34,35,36,49,54,56,57,61,62,63,83;1;10;TEST;33;297;40;7.092199;25;8.417508;1.32531;1.186869;18;54.545455
NEW_MODE;87;01,21,34,35,36,49,54,56,57,61,62,63,83;21;9;TEST;33;297;36;6.382979;16;5.387205;-0.995773;0.843996;13;39.393939
NEW_MODE;87;01,21,34,35,36,49,54,56,57,61,62,63,83;34;11;TEST;33;297;42;7.446809;29;9.76431;2.317501;1.311207;19;57.575758
NEW_MODE;87;01,21,34,35,36,49,54,56,57,61,62,63,83;35;5;TEST;33;297;32;5.673759;15;5.050505;-0.623254;0.890152;14;42.424242
NEW_MODE;87;01,21,34,35,36,49,54,56,57,61,62,63,83;36;6;TEST;33;297;34;6.028369;20;6.734007;0.705638;1.117053;17;51.515152
NEW_MODE;87;01,21,34,35,36,49,54,56,57,61,62,63,83;49;8;TEST;33;297;42;7.446809;25;8.417508;0.9707;1.130351;21;63.636364
NEW_MODE;87;01,21,34,35,36,49,54,56,57,61,62,63,83;54;2;TEST;33;297;38;6.737589;21;7.070707;0.333118;1.049442;18;54.545455
NEW_MODE;87;01,21,34,35,36,49,54,56,57,61,62,63,83;56;13;TEST;33;297;36;6.382979;12;4.040404;-2.342575;0.632997;8;24.242424
NEW_MODE;87;01,21,34,35,36,49,54,56,57,61,62,63,83;57;1;TEST;33;297;34;6.028369;18;6.060606;0.032237;1.005348;11;33.333333
NEW_MODE;87;01,21,34,35,36,49,54,56,57,61,62,63,83;61;12;TEST;33;297;37;6.560284;15;5.050505;-1.509779;0.769861;14;42.424242
NEW_MODE;87;01,21,34,35,36,49,54,56,57,61,62,63,83;62;3;TEST;33;297;38;6.737589;21;7.070707;0.333118;1.049442;17;51.515152
NEW_MODE;87;01,21,34,35,36,49,54,56,57,61,62,63,83;63;7;TEST;33;297;47;8.333333;28;9.427609;1.094276;1.131313;19;57.575758
NEW_MODE;87;01,21,34,35,36,49,54,56,57,61,62,63,83;83;4;TEST;33;297;47;8.333333;19;6.397306;-1.936027;0.767677;15;45.454545
NEW_MODE;88;11,15,25,28,42,49,55,63,64,82,83,86,90;11;9;DISCOVERY;104;936;120;7.100592;75;8.012821;0.912229;1.128472;55;52.884615
NEW_MODE;88;11,15,25,28,42,49,55,63,64,82,83,86,90;15;8;DISCOVERY;104;936;118;6.982249;74;7.905983;0.923734;1.132298;58;55.769231
NEW_MODE;88;11,15,25,28,42,49,55,63,64,82,83,86,90;25;13;DISCOVERY;104;936;117;6.923077;71;7.58547;0.662393;1.095679;57;54.807692
NEW_MODE;88;11,15,25,28,42,49,55,63,64,82,83,86,90;28;7;DISCOVERY;104;936;103;6.094675;66;7.051282;0.956607;1.156958;51;49.038462
NEW_MODE;88;11,15,25,28,42,49,55,63,64,82,83,86,90;42;4;DISCOVERY;104;936;104;6.153846;71;7.58547;1.431624;1.232639;53;50.961538
NEW_MODE;88;11,15,25,28,42,49,55,63,64,82,83,86,90;49;1;DISCOVERY;104;936;125;7.39645;98;10.470085;3.073636;1.415556;70;67.307692
NEW_MODE;88;11,15,25,28,42,49,55,63,64,82,83,86,90;55;10;DISCOVERY;104;936;122;7.218935;76;8.119658;0.900723;1.124772;58;55.769231
NEW_MODE;88;11,15,25,28,42,49,55,63,64,82,83,86,90;63;3;DISCOVERY;104;936;109;6.449704;77;8.226496;1.776792;1.275484;55;52.884615
NEW_MODE;88;11,15,25,28,42,49,55,63,64,82,83,86,90;64;11;DISCOVERY;104;936;97;5.739645;62;6.623932;0.884287;1.154066;46;44.230769
NEW_MODE;88;11,15,25,28,42,49,55,63,64,82,83,86,90;82;2;DISCOVERY;104;936;125;7.39645;88;9.401709;2.00526;1.271111;61;58.653846
NEW_MODE;88;11,15,25,28,42,49,55,63,64,82,83,86,90;83;12;DISCOVERY;104;936;127;7.514793;77;8.226496;0.711703;1.094707;56;53.846154
NEW_MODE;88;11,15,25,28,42,49,55,63,64,82,83,86,90;86;6;DISCOVERY;104;936;125;7.39645;79;8.440171;1.043721;1.141111;60;57.692308
NEW_MODE;88;11,15,25,28,42,49,55,63,64,82,83,86,90;90;5;DISCOVERY;104;936;129;7.633136;84;8.974359;1.341223;1.175711;57;54.807692
NEW_MODE;88;11,15,25,28,42,49,55,63,64,82,83,86,90;11;9;VALIDATION;33;297;27;4.787234;20;6.734007;1.946773;1.406659;16;48.484848
NEW_MODE;88;11,15,25,28,42,49,55,63,64,82,83,86,90;15;8;VALIDATION;33;297;44;7.801418;23;7.744108;-0.057311;0.992654;20;60.606061
NEW_MODE;88;11,15,25,28,42,49,55,63,64,82,83,86,90;25;13;VALIDATION;33;297;46;8.156028;31;10.43771;2.281682;1.279754;16;48.484848
NEW_MODE;88;11,15,25,28,42,49,55,63,64,82,83,86,90;28;7;VALIDATION;33;297;42;7.446809;19;6.397306;-1.049502;0.859067;17;51.515152
NEW_MODE;88;11,15,25,28,42,49,55,63,64,82,83,86,90;42;4;VALIDATION;33;297;45;7.978723;25;8.417508;0.438785;1.054994;19;57.575758
NEW_MODE;88;11,15,25,28,42,49,55,63,64,82,83,86,90;49;1;VALIDATION;33;297;47;8.333333;20;6.734007;-1.599327;0.808081;14;42.424242
NEW_MODE;88;11,15,25,28,42,49,55,63,64,82,83,86,90;55;10;VALIDATION;33;297;41;7.269504;25;8.417508;1.148005;1.157921;19;57.575758
NEW_MODE;88;11,15,25,28,42,49,55,63,64,82,83,86,90;63;3;VALIDATION;33;297;34;6.028369;15;5.050505;-0.977864;0.83779;13;39.393939
NEW_MODE;88;11,15,25,28,42,49,55,63,64,82,83,86,90;64;11;VALIDATION;33;297;39;6.914894;26;8.754209;1.839315;1.265993;18;54.545455
NEW_MODE;88;11,15,25,28,42,49,55,63,64,82,83,86,90;82;2;VALIDATION;33;297;31;5.496454;17;5.723906;0.227452;1.041382;14;42.424242
NEW_MODE;88;11,15,25,28,42,49,55,63,64,82,83,86,90;83;12;VALIDATION;33;297;34;6.028369;19;6.397306;0.368938;1.0612;16;48.484848
NEW_MODE;88;11,15,25,28,42,49,55,63,64,82,83,86,90;86;6;VALIDATION;33;297;45;7.978723;20;6.734007;-1.244717;0.843996;16;48.484848
NEW_MODE;88;11,15,25,28,42,49,55,63,64,82,83,86,90;90;5;VALIDATION;33;297;29;5.141844;13;4.377104;-0.76474;0.851271;11;33.333333
NEW_MODE;88;11,15,25,28,42,49,55,63,64,82,83,86,90;11;9;TEST;40;360;42;7.446809;32;8.888889;1.44208;1.193651;21;52.5
NEW_MODE;88;11,15,25,28,42,49,55,63,64,82,83,86,90;15;8;TEST;40;360;29;5.141844;22;6.111111;0.969267;1.188506;17;42.5
NEW_MODE;88;11,15,25,28,42,49,55,63,64,82,83,86,90;25;13;TEST;40;360;35;6.205674;21;5.833333;-0.37234;0.94;18;45.0
NEW_MODE;88;11,15,25,28,42,49,55,63,64,82,83,86,90;28;7;TEST;40;360;44;7.801418;21;5.833333;-1.968085;0.747727;18;45.0
NEW_MODE;88;11,15,25,28,42,49,55,63,64,82,83,86,90;42;4;TEST;40;360;45;7.978723;31;8.611111;0.632388;1.079259;24;60.0
NEW_MODE;88;11,15,25,28,42,49,55,63,64,82,83,86,90;49;1;TEST;40;360;42;7.446809;32;8.888889;1.44208;1.193651;23;57.5
NEW_MODE;88;11,15,25,28,42,49,55,63,64,82,83,86,90;55;10;TEST;40;360;39;6.914894;32;8.888889;1.973995;1.28547;23;57.5
NEW_MODE;88;11,15,25,28,42,49,55,63,64,82,83,86,90;63;3;TEST;40;360;47;8.333333;25;6.944444;-1.388889;0.833333;18;45.0
NEW_MODE;88;11,15,25,28,42,49,55,63,64,82,83,86,90;64;11;TEST;40;360;35;6.205674;19;5.277778;-0.927896;0.850476;16;40.0
NEW_MODE;88;11,15,25,28,42,49,55,63,64,82,83,86,90;82;2;TEST;40;360;36;6.382979;23;6.388889;0.00591;1.000926;19;47.5
NEW_MODE;88;11,15,25,28,42,49,55,63,64,82,83,86,90;83;12;TEST;40;360;47;8.333333;27;7.5;-0.833333;0.9;20;50.0
NEW_MODE;88;11,15,25,28,42,49,55,63,64,82,83,86,90;86;6;TEST;40;360;35;6.205674;22;6.111111;-0.094563;0.984762;22;55.0
NEW_MODE;88;11,15,25,28,42,49,55,63,64,82,83,86,90;90;5;TEST;40;360;35;6.205674;25;6.944444;0.738771;1.119048;21;52.5
NEW_MODE;89;03,04,05,08,16,33,35,65,71,72,76,79,85;3;5;DISCOVERY;109;981;93;5.502959;68;6.931702;1.428744;1.259632;52;47.706422
NEW_MODE;89;03,04,05,08,16,33,35,65,71,72,76,79,85;4;13;DISCOVERY;109;981;100;5.91716;68;6.931702;1.014543;1.171458;50;45.87156
NEW_MODE;89;03,04,05,08,16,33,35,65,71,72,76,79,85;5;8;DISCOVERY;109;981;99;5.857988;71;7.237513;1.379525;1.235495;52;47.706422
NEW_MODE;89;03,04,05,08,16,33,35,65,71,72,76,79,85;8;3;DISCOVERY;109;981;106;6.272189;76;7.747197;1.475007;1.235166;61;55.963303
NEW_MODE;89;03,04,05,08,16,33,35,65,71,72,76,79,85;16;10;DISCOVERY;109;981;117;6.923077;80;8.154944;1.231867;1.177936;54;49.541284
NEW_MODE;89;03,04,05,08,16,33,35,65,71,72,76,79,85;33;9;DISCOVERY;109;981;115;6.804734;80;8.154944;1.35021;1.198422;57;52.293578
NEW_MODE;89;03,04,05,08,16,33,35,65,71,72,76,79,85;35;7;DISCOVERY;109;981;111;6.568047;78;7.95107;1.383023;1.210568;54;49.541284
NEW_MODE;89;03,04,05,08,16,33,35,65,71,72,76,79,85;65;2;DISCOVERY;109;981;122;7.218935;86;8.766565;1.54763;1.214385;56;51.376147
NEW_MODE;89;03,04,05,08,16,33,35,65,71,72,76,79,85;71;6;DISCOVERY;109;981;100;5.91716;72;7.33945;1.42229;1.240367;57;52.293578
NEW_MODE;89;03,04,05,08,16,33,35,65,71,72,76,79,85;72;11;DISCOVERY;109;981;109;6.449704;75;7.64526;1.195556;1.185366;58;53.211009
NEW_MODE;89;03,04,05,08,16,33,35,65,71,72,76,79,85;76;1;DISCOVERY;109;981;105;6.213018;83;8.460754;2.247737;1.361779;58;53.211009
NEW_MODE;89;03,04,05,08,16,33,35,65,71,72,76,79,85;79;12;DISCOVERY;109;981;130;7.692308;86;8.766565;1.074257;1.139653;65;59.633028
NEW_MODE;89;03,04,05,08,16,33,35,65,71,72,76,79,85;85;4;DISCOVERY;109;981;132;7.810651;91;9.276249;1.465598;1.187641;62;56.880734
NEW_MODE;89;03,04,05,08,16,33,35,65,71,72,76,79,85;3;5;VALIDATION;41;369;35;6.205674;15;4.065041;-2.140633;0.655052;12;29.268293
NEW_MODE;89;03,04,05,08,16,33,35,65,71,72,76,79,85;4;13;VALIDATION;41;369;34;6.028369;18;4.878049;-1.15032;0.809182;16;39.02439
NEW_MODE;89;03,04,05,08,16,33,35,65,71,72,76,79,85;5;8;VALIDATION;41;369;41;7.269504;24;6.504065;-0.765439;0.894706;19;46.341463
NEW_MODE;89;03,04,05,08,16,33,35,65,71,72,76,79,85;8;3;VALIDATION;41;369;29;5.141844;22;5.96206;0.820216;1.159518;19;46.341463
NEW_MODE;89;03,04,05,08,16,33,35,65,71,72,76,79,85;16;10;VALIDATION;41;369;31;5.496454;21;5.691057;0.194603;1.035405;19;46.341463
NEW_MODE;89;03,04,05,08,16,33,35,65,71,72,76,79,85;33;9;VALIDATION;41;369;32;5.673759;21;5.691057;0.017298;1.003049;16;39.02439
NEW_MODE;89;03,04,05,08,16,33,35,65,71,72,76,79,85;35;7;VALIDATION;41;369;40;7.092199;28;7.588076;0.495877;1.069919;20;48.780488
NEW_MODE;89;03,04,05,08,16,33,35,65,71,72,76,79,85;65;2;VALIDATION;41;369;43;7.624113;32;8.672087;1.047973;1.137455;27;65.853659
NEW_MODE;89;03,04,05,08,16,33,35,65,71,72,76,79,85;71;6;VALIDATION;41;369;42;7.446809;32;8.672087;1.225278;1.164537;25;60.97561
NEW_MODE;89;03,04,05,08,16,33,35,65,71,72,76,79,85;72;11;VALIDATION;41;369;39;6.914894;30;8.130081;1.215188;1.175735;19;46.341463
NEW_MODE;89;03,04,05,08,16,33,35,65,71,72,76,79,85;76;1;VALIDATION;41;369;42;7.446809;36;9.756098;2.309289;1.310105;22;53.658537
NEW_MODE;89;03,04,05,08,16,33,35,65,71,72,76,79,85;79;12;VALIDATION;41;369;35;6.205674;22;5.96206;-0.243614;0.960743;18;43.902439
NEW_MODE;89;03,04,05,08,16,33,35,65,71,72,76,79,85;85;4;VALIDATION;41;369;28;4.964539;20;5.420054;0.455515;1.091754;17;41.463415
NEW_MODE;89;03,04,05,08,16,33,35,65,71,72,76,79,85;3;5;TEST;35;315;35;6.205674;17;5.396825;-0.808848;0.86966;17;48.571429
NEW_MODE;89;03,04,05,08,16,33,35,65,71,72,76,79,85;4;13;TEST;35;315;40;7.092199;25;7.936508;0.844309;1.119048;19;54.285714
NEW_MODE;89;03,04,05,08,16,33,35,65,71,72,76,79,85;5;8;TEST;35;315;41;7.269504;18;5.714286;-1.555218;0.786063;13;37.142857
NEW_MODE;89;03,04,05,08,16,33,35,65,71,72,76,79,85;8;3;TEST;35;315;42;7.446809;17;5.396825;-2.049983;0.724717;12;34.285714
NEW_MODE;89;03,04,05,08,16,33,35,65,71,72,76,79,85;16;10;TEST;35;315;37;6.560284;13;4.126984;-2.4333;0.629086;11;31.428571
NEW_MODE;89;03,04,05,08,16,33,35,65,71,72,76,79,85;33;9;TEST;35;315;40;7.092199;27;8.571429;1.47923;1.208571;20;57.142857
NEW_MODE;89;03,04,05,08,16,33,35,65,71,72,76,79,85;35;7;TEST;35;315;32;5.673759;21;6.666667;0.992908;1.175;19;54.285714
NEW_MODE;89;03,04,05,08,16,33,35,65,71,72,76,79,85;65;2;TEST;35;315;29;5.141844;14;4.444444;-0.6974;0.864368;11;31.428571
NEW_MODE;89;03,04,05,08,16,33,35,65,71,72,76,79,85;71;6;TEST;35;315;38;6.737589;19;6.031746;-0.705843;0.895238;16;45.714286
NEW_MODE;89;03,04,05,08,16,33,35,65,71,72,76,79,85;72;11;TEST;35;315;40;7.092199;26;8.253968;1.16177;1.16381;20;57.142857
NEW_MODE;89;03,04,05,08,16,33,35,65,71,72,76,79,85;76;1;TEST;35;315;32;5.673759;17;5.396825;-0.276933;0.95119;13;37.142857
NEW_MODE;89;03,04,05,08,16,33,35,65,71,72,76,79,85;79;12;TEST;35;315;46;8.156028;28;8.888889;0.732861;1.089855;15;42.857143
NEW_MODE;89;03,04,05,08,16,33,35,65,71,72,76,79,85;85;4;TEST;35;315;53;9.397163;25;7.936508;-1.460655;0.844564;23;65.714286
NEW_MODE;90;04,05,09,10,16,33,38,52,61,65,72,78,84;4;2;DISCOVERY;129;1161;100;5.91716;85;7.321275;1.404115;1.237295;62;48.062016
NEW_MODE;90;04,05,09,10,16,33,38,52,61,65,72,78,84;5;10;DISCOVERY;129;1161;99;5.857988;78;6.718346;0.860358;1.146869;63;48.837209
NEW_MODE;90;04,05,09,10,16,33,38,52,61,65,72,78,84;9;7;DISCOVERY;129;1161;120;7.100592;93;8.010336;0.909744;1.128122;68;52.713178
NEW_MODE;90;04,05,09,10,16,33,38,52,61,65,72,78,84;10;1;DISCOVERY;129;1161;109;6.449704;93;8.010336;1.560632;1.24197;68;52.713178
NEW_MODE;90;04,05,09,10,16,33,38,52,61,65,72,78,84;16;11;DISCOVERY;129;1161;117;6.923077;90;7.751938;0.828861;1.119724;65;50.387597
NEW_MODE;90;04,05,09,10,16,33,38,52,61,65,72,78,84;33;3;DISCOVERY;129;1161;115;6.804734;93;8.010336;1.205602;1.177171;67;51.937984
NEW_MODE;90;04,05,09,10,16,33,38,52,61,65,72,78,84;38;13;DISCOVERY;129;1161;120;7.100592;91;7.838071;0.737479;1.103862;69;53.488372
NEW_MODE;90;04,05,09,10,16,33,38,52,61,65,72,78,84;52;9;DISCOVERY;129;1161;131;7.751479;100;8.613264;0.861785;1.111177;69;53.488372
NEW_MODE;90;04,05,09,10,16,33,38,52,61,65,72,78,84;61;12;DISCOVERY;129;1161;105;6.213018;81;6.976744;0.763726;1.122924;64;49.612403
NEW_MODE;90;04,05,09,10,16,33,38,52,61,65,72,78,84;65;8;DISCOVERY;129;1161;122;7.218935;94;8.096469;0.877534;1.12156;70;54.263566
NEW_MODE;90;04,05,09,10,16,33,38,52,61,65,72,78,84;72;4;DISCOVERY;129;1161;109;6.449704;87;7.49354;1.043836;1.161842;61;47.286822
NEW_MODE;90;04,05,09,10,16,33,38,52,61,65,72,78,84;78;5;DISCOVERY;129;1161;120;7.100592;94;8.096469;0.995877;1.140253;68;52.713178
NEW_MODE;90;04,05,09,10,16,33,38,52,61,65,72,78,84;84;6;DISCOVERY;129;1161;114;6.745562;89;7.665805;0.920243;1.136422;73;56.589147
NEW_MODE;90;04,05,09,10,16,33,38,52,61,65,72,78,84;4;2;VALIDATION;28;252;34;6.028369;12;4.761905;-1.266464;0.789916;10;35.714286
NEW_MODE;90;04,05,09,10,16,33,38,52,61,65,72,78,84;5;10;VALIDATION;28;252;41;7.269504;23;9.126984;1.857481;1.255517;17;60.714286
NEW_MODE;90;04,05,09,10,16,33,38,52,61,65,72,78,84;9;7;VALIDATION;28;252;49;8.687943;18;7.142857;-1.545086;0.822157;16;57.142857
NEW_MODE;90;04,05,09,10,16,33,38,52,61,65,72,78,84;10;1;VALIDATION;28;252;41;7.269504;14;5.555556;-1.713948;0.764228;11;39.285714
NEW_MODE;90;04,05,09,10,16,33,38,52,61,65,72,78,84;16;11;VALIDATION;28;252;31;5.496454;12;4.761905;-0.734549;0.866359;10;35.714286
NEW_MODE;90;04,05,09,10,16,33,38,52,61,65,72,78,84;33;3;VALIDATION;28;252;32;5.673759;13;5.15873;-0.515029;0.909226;10;35.714286
NEW_MODE;90;04,05,09,10,16,33,38,52,61,65,72,78,84;38;13;VALIDATION;28;252;47;8.333333;20;7.936508;-0.396825;0.952381;15;53.571429
NEW_MODE;90;04,05,09,10,16,33,38,52,61,65,72,78,84;52;9;VALIDATION;28;252;47;8.333333;17;6.746032;-1.587302;0.809524;12;42.857143
NEW_MODE;90;04,05,09,10,16,33,38,52,61,65,72,78,84;61;12;VALIDATION;28;252;35;6.205674;12;4.761905;-1.443769;0.767347;8;28.571429
NEW_MODE;90;04,05,09,10,16,33,38,52,61,65,72,78,84;65;8;VALIDATION;28;252;43;7.624113;20;7.936508;0.312394;1.040975;15;53.571429
NEW_MODE;90;04,05,09,10,16,33,38,52,61,65,72,78,84;72;4;VALIDATION;28;252;39;6.914894;19;7.539683;0.624789;1.090354;15;53.571429
NEW_MODE;90;04,05,09,10,16,33,38,52,61,65,72,78,84;78;5;VALIDATION;28;252;35;6.205674;14;5.555556;-0.650118;0.895238;13;46.428571
NEW_MODE;90;04,05,09,10,16,33,38,52,61,65,72,78,84;84;6;VALIDATION;28;252;32;5.673759;10;3.968254;-1.705505;0.699405;9;32.142857
NEW_MODE;90;04,05,09,10,16,33,38,52,61,65,72,78,84;4;2;TEST;35;315;40;7.092199;22;6.984127;-0.108072;0.984762;16;45.714286
NEW_MODE;90;04,05,09,10,16,33,38,52,61,65,72,78,84;5;10;TEST;35;315;41;7.269504;23;7.301587;0.032084;1.004413;20;57.142857
NEW_MODE;90;04,05,09,10,16,33,38,52,61,65,72,78,84;9;7;TEST;35;315;35;6.205674;28;8.888889;2.683215;1.432381;21;60.0
NEW_MODE;90;04,05,09,10,16,33,38,52,61,65,72,78,84;10;1;TEST;35;315;40;7.092199;21;6.666667;-0.425532;0.94;17;48.571429
NEW_MODE;90;04,05,09,10,16,33,38,52,61,65,72,78,84;16;11;TEST;35;315;37;6.560284;27;8.571429;2.011145;1.306564;22;62.857143
NEW_MODE;90;04,05,09,10,16,33,38,52,61,65,72,78,84;33;3;TEST;35;315;40;7.092199;28;8.888889;1.79669;1.253333;19;54.285714
NEW_MODE;90;04,05,09,10,16,33,38,52,61,65,72,78,84;38;13;TEST;35;315;30;5.319149;18;5.714286;0.395137;1.074286;16;45.714286
NEW_MODE;90;04,05,09,10,16,33,38,52,61,65,72,78,84;52;9;TEST;35;315;38;6.737589;22;6.984127;0.246538;1.036591;17;48.571429
NEW_MODE;90;04,05,09,10,16,33,38,52,61,65,72,78,84;61;12;TEST;35;315;37;6.560284;18;5.714286;-0.845998;0.871042;16;45.714286
NEW_MODE;90;04,05,09,10,16,33,38,52,61,65,72,78,84;65;8;TEST;35;315;29;5.141844;26;8.253968;3.112124;1.605255;17;48.571429
NEW_MODE;90;04,05,09,10,16,33,38,52,61,65,72,78,84;72;4;TEST;35;315;40;7.092199;13;4.126984;-2.965214;0.581905;13;37.142857
NEW_MODE;90;04,05,09,10,16,33,38,52,61,65,72,78,84;78;5;TEST;35;315;29;5.141844;17;5.396825;0.254981;1.049589;15;42.857143
NEW_MODE;90;04,05,09,10,16,33,38,52,61,65,72,78,84;84;6;TEST;35;315;35;6.205674;17;5.396825;-0.808848;0.86966;13;37.142857
