Dataset;Trigger;CandidatePool;CandidateNumber;DiscoveryRank;Split;Occurrences;PostDrawTotal;GeneralAppearances;GeneralRatePct;PostAppearances;PostRatePct;LiftPctPoints;RateRatio;WindowsContainingNumber;WindowPresenceRatePct
OVERALL;1;05,10,15,16,21,23,57,61,62,63,75,83,90;5;11;DISCOVERY;195;1755;151;5.933202;116;6.609687;0.676484;1.114017;86;44.102564
OVERALL;1;05,10,15,16,21,23,57,61,62,63,75,83,90;10;9;DISCOVERY;195;1755;160;6.286837;123;7.008547;0.72171;1.114797;93;47.692308
OVERALL;1;05,10,15,16,21,23,57,61,62,63,75,83,90;15;6;DISCOVERY;195;1755;159;6.247544;124;7.065527;0.817983;1.130929;94;48.205128
OVERALL;1;05,10,15,16,21,23,57,61,62,63,75,83,90;16;13;DISCOVERY;195;1755;160;6.286837;122;6.951567;0.66473;1.105734;97;49.74359
OVERALL;1;05,10,15,16,21,23,57,61,62,63,75,83,90;21;7;DISCOVERY;195;1755;165;6.483301;127;7.236467;0.753167;1.11617;94;48.205128
OVERALL;1;05,10,15,16,21,23,57,61,62,63,75,83,90;23;10;DISCOVERY;195;1755;152;5.972495;117;6.666667;0.694172;1.116228;91;46.666667
OVERALL;1;05,10,15,16,21,23,57,61,62,63,75,83,90;57;12;DISCOVERY;195;1755;170;6.679764;129;7.350427;0.670663;1.100402;97;49.74359
OVERALL;1;05,10,15,16,21,23,57,61,62,63,75,83,90;61;5;DISCOVERY;195;1755;182;7.151277;140;7.977208;0.825931;1.115494;104;53.333333
OVERALL;1;05,10,15,16,21,23,57,61,62,63,75,83,90;62;8;DISCOVERY;195;1755;187;7.347741;142;8.091168;0.743427;1.101178;105;53.846154
OVERALL;1;05,10,15,16,21,23,57,61,62,63,75,83,90;63;3;DISCOVERY;195;1755;182;7.151277;142;8.091168;0.939891;1.13143;105;53.846154
OVERALL;1;05,10,15,16,21,23,57,61,62,63,75,83,90;75;2;DISCOVERY;195;1755;181;7.111984;142;8.091168;0.979184;1.137681;103;52.820513
OVERALL;1;05,10,15,16,21,23,57,61,62,63,75,83,90;83;4;DISCOVERY;195;1755;187;7.347741;145;8.262108;0.914368;1.124442;103;52.820513
OVERALL;1;05,10,15,16,21,23,57,61,62,63,75,83,90;90;1;DISCOVERY;195;1755;197;7.740668;161;9.173789;1.433121;1.185142;113;57.948718
OVERALL;1;05,10,15,16,21,23,57,61,62,63,75,83,90;5;11;VALIDATION;51;459;50;5.889282;26;5.664488;-0.224793;0.96183;22;43.137255
OVERALL;1;05,10,15,16,21,23,57,61,62,63,75,83,90;10;9;VALIDATION;51;459;57;6.713781;27;5.882353;-0.831428;0.876161;23;45.098039
OVERALL;1;05,10,15,16,21,23,57,61,62,63,75,83,90;15;6;VALIDATION;51;459;73;8.598351;37;8.061002;-0.537349;0.937506;27;52.941176
OVERALL;1;05,10,15,16,21,23,57,61,62,63,75,83,90;16;13;VALIDATION;51;459;67;7.891637;40;8.714597;0.82296;1.104283;28;54.901961
OVERALL;1;05,10,15,16,21,23,57,61,62,63,75,83,90;21;7;VALIDATION;51;459;64;7.53828;32;6.971678;-0.566603;0.924837;25;49.019608
OVERALL;1;05,10,15,16,21,23,57,61,62,63,75,83,90;23;10;VALIDATION;51;459;45;5.300353;23;5.010893;-0.28946;0.945389;20;39.215686
OVERALL;1;05,10,15,16,21,23,57,61,62,63,75,83,90;57;12;VALIDATION;51;459;52;6.124853;27;5.882353;-0.2425;0.960407;24;47.058824
OVERALL;1;05,10,15,16,21,23,57,61,62,63,75,83,90;61;5;VALIDATION;51;459;49;5.771496;27;5.882353;0.110857;1.019208;21;41.176471
OVERALL;1;05,10,15,16,21,23,57,61,62,63,75,83,90;62;8;VALIDATION;51;459;52;6.124853;31;6.753813;0.62896;1.10269;30;58.823529
OVERALL;1;05,10,15,16,21,23,57,61,62,63,75,83,90;63;3;VALIDATION;51;459;52;6.124853;30;6.535948;0.411095;1.067119;23;45.098039
OVERALL;1;05,10,15,16,21,23,57,61,62,63,75,83,90;75;2;VALIDATION;51;459;61;7.184923;34;7.407407;0.222484;1.030965;25;49.019608
OVERALL;1;05,10,15,16,21,23,57,61,62,63,75,83,90;83;4;VALIDATION;51;459;59;6.949352;30;6.535948;-0.413404;0.940512;25;49.019608
OVERALL;1;05,10,15,16,21,23,57,61,62,63,75,83,90;90;1;VALIDATION;51;459;51;6.007067;25;5.446623;-0.560444;0.906703;21;41.176471
OVERALL;1;05,10,15,16,21,23,57,61,62,63,75,83,90;5;11;TEST;53;477;64;7.53828;36;7.54717;0.008889;1.001179;29;54.716981
OVERALL;1;05,10,15,16,21,23,57,61,62,63,75,83,90;10;9;TEST;53;477;58;6.831567;42;8.805031;1.973465;1.288874;28;52.830189
OVERALL;1;05,10,15,16,21,23,57,61,62,63,75,83,90;15;6;TEST;53;477;46;5.418139;30;6.289308;0.871169;1.160788;23;43.396226
OVERALL;1;05,10,15,16,21,23,57,61,62,63,75,83,90;16;13;TEST;53;477;50;5.889282;30;6.289308;0.400027;1.067925;26;49.056604
OVERALL;1;05,10,15,16,21,23,57,61,62,63,75,83,90;21;7;TEST;53;477;56;6.595995;28;5.870021;-0.725974;0.889937;22;41.509434
OVERALL;1;05,10,15,16,21,23,57,61,62,63,75,83,90;23;10;TEST;53;477;68;8.009423;32;6.708595;-1.300827;0.837588;22;41.509434
OVERALL;1;05,10,15,16,21,23,57,61,62,63,75,83,90;57;12;TEST;53;477;51;6.007067;26;5.450734;-0.556333;0.907387;17;32.075472
OVERALL;1;05,10,15,16,21,23,57,61,62,63,75,83,90;61;5;TEST;53;477;51;6.007067;27;5.660377;-0.34669;0.942286;21;39.622642
OVERALL;1;05,10,15,16,21,23,57,61,62,63,75,83,90;62;8;TEST;53;477;58;6.831567;32;6.708595;-0.122971;0.982;28;52.830189
OVERALL;1;05,10,15,16,21,23,57,61,62,63,75,83,90;63;3;TEST;53;477;65;7.656066;37;7.756813;0.100747;1.013159;31;58.490566
OVERALL;1;05,10,15,16,21,23,57,61,62,63,75,83,90;75;2;TEST;53;477;51;6.007067;22;4.612159;-1.394908;0.767789;20;37.735849
OVERALL;1;05,10,15,16,21,23,57,61,62,63,75,83,90;83;4;TEST;53;477;65;7.656066;42;8.805031;1.148965;1.150073;36;67.924528
OVERALL;1;05,10,15,16,21,23,57,61,62,63,75,83,90;90;1;TEST;53;477;53;6.242638;32;6.708595;0.465957;1.074641;29;54.716981
OVERALL;2;03,07,12,22,24,54,58,64,65,71,80,86,89;3;4;DISCOVERY;155;1395;168;6.601179;112;8.028674;1.427495;1.216249;81;52.258065
OVERALL;2;03,07,12,22,24,54,58,64,65,71,80,86,89;7;13;DISCOVERY;155;1395;149;5.854617;91;6.523297;0.668681;1.114214;73;47.096774
OVERALL;2;03,07,12,22,24,54,58,64,65,71,80,86,89;12;10;DISCOVERY;155;1395;173;6.797642;107;7.670251;0.872608;1.128369;76;49.032258
OVERALL;2;03,07,12,22,24,54,58,64,65,71,80,86,89;22;6;DISCOVERY;155;1395;165;6.483301;107;7.670251;1.18695;1.183078;87;56.129032
OVERALL;2;03,07,12,22,24,54,58,64,65,71,80,86,89;24;5;DISCOVERY;155;1395;158;6.208251;105;7.526882;1.31863;1.2124;73;47.096774
OVERALL;2;03,07,12,22,24,54,58,64,65,71,80,86,89;54;8;DISCOVERY;155;1395;180;7.072692;112;8.028674;0.955982;1.135165;89;57.419355
OVERALL;2;03,07,12,22,24,54,58,64,65,71,80,86,89;58;9;DISCOVERY;155;1395;158;6.208251;99;7.096774;0.888523;1.14312;77;49.677419
OVERALL;2;03,07,12,22,24,54,58,64,65,71,80,86,89;64;7;DISCOVERY;155;1395;160;6.286837;102;7.311828;1.024991;1.163038;78;50.322581
OVERALL;2;03,07,12,22,24,54,58,64,65,71,80,86,89;65;3;DISCOVERY;155;1395;174;6.836935;116;8.315412;1.478477;1.216249;86;55.483871
OVERALL;2;03,07,12,22,24,54,58,64,65,71,80,86,89;71;1;DISCOVERY;155;1395;174;6.836935;130;9.318996;2.482061;1.363037;90;58.064516
OVERALL;2;03,07,12,22,24,54,58,64,65,71,80,86,89;80;12;DISCOVERY;155;1395;172;6.75835;105;7.526882;0.768532;1.113716;81;52.258065
OVERALL;2;03,07,12,22,24,54,58,64,65,71,80,86,89;86;11;DISCOVERY;155;1395;188;7.387033;115;8.243728;0.856694;1.115973;88;56.774194
OVERALL;2;03,07,12,22,24,54,58,64,65,71,80,86,89;89;2;DISCOVERY;155;1395;165;6.483301;116;8.315412;1.832112;1.282589;86;55.483871
OVERALL;2;03,07,12,22,24,54,58,64,65,71,80,86,89;3;4;VALIDATION;48;432;50;5.889282;31;7.175926;1.286644;1.218472;25;52.083333
OVERALL;2;03,07,12,22,24,54,58,64,65,71,80,86,89;7;13;VALIDATION;48;432;60;7.067138;31;7.175926;0.108788;1.015394;25;52.083333
OVERALL;2;03,07,12,22,24,54,58,64,65,71,80,86,89;12;10;VALIDATION;48;432;49;5.771496;21;4.861111;-0.910385;0.842262;18;37.5
OVERALL;2;03,07,12,22,24,54,58,64,65,71,80,86,89;22;6;VALIDATION;48;432;56;6.595995;28;6.481481;-0.114514;0.982639;24;50.0
OVERALL;2;03,07,12,22,24,54,58,64,65,71,80,86,89;24;5;VALIDATION;48;432;50;5.889282;28;6.481481;0.5922;1.100556;22;45.833333
OVERALL;2;03,07,12,22,24,54,58,64,65,71,80,86,89;54;8;VALIDATION;48;432;47;5.535925;28;6.481481;0.945557;1.170804;24;50.0
OVERALL;2;03,07,12,22,24,54,58,64,65,71,80,86,89;58;9;VALIDATION;48;432;52;6.124853;19;4.398148;-1.726705;0.718082;16;33.333333
OVERALL;2;03,07,12,22,24,54,58,64,65,71,80,86,89;64;7;VALIDATION;48;432;51;6.007067;23;5.324074;-0.682993;0.886302;21;43.75
OVERALL;2;03,07,12,22,24,54,58,64,65,71,80,86,89;65;3;VALIDATION;48;432;68;8.009423;40;9.259259;1.249836;1.156046;26;54.166667
OVERALL;2;03,07,12,22,24,54,58,64,65,71,80,86,89;71;1;VALIDATION;48;432;48;5.65371;29;6.712963;1.059253;1.187355;23;47.916667
OVERALL;2;03,07,12,22,24,54,58,64,65,71,80,86,89;80;12;VALIDATION;48;432;69;8.127208;34;7.87037;-0.256838;0.968398;23;47.916667
OVERALL;2;03,07,12,22,24,54,58,64,65,71,80,86,89;86;11;VALIDATION;48;432;65;7.656066;33;7.638889;-0.017177;0.997756;26;54.166667
OVERALL;2;03,07,12,22,24,54,58,64,65,71,80,86,89;89;2;VALIDATION;48;432;61;7.184923;36;8.333333;1.14841;1.159836;25;52.083333
OVERALL;2;03,07,12,22,24,54,58,64,65,71,80,86,89;3;4;TEST;56;504;54;6.360424;25;4.960317;-1.400107;0.779872;23;41.071429
OVERALL;2;03,07,12,22,24,54,58,64,65,71,80,86,89;7;13;TEST;56;504;57;6.713781;34;6.746032;0.032251;1.004804;25;44.642857
OVERALL;2;03,07,12,22,24,54,58,64,65,71,80,86,89;12;10;TEST;56;504;40;4.711425;25;4.960317;0.248892;1.052827;19;33.928571
OVERALL;2;03,07,12,22,24,54,58,64,65,71,80,86,89;22;6;TEST;56;504;59;6.949352;34;6.746032;-0.20332;0.970743;30;53.571429
OVERALL;2;03,07,12,22,24,54,58,64,65,71,80,86,89;24;5;TEST;56;504;48;5.65371;25;4.960317;-0.693393;0.877356;21;37.5
OVERALL;2;03,07,12,22,24,54,58,64,65,71,80,86,89;54;8;TEST;56;504;59;6.949352;33;6.547619;-0.401733;0.942191;25;44.642857
OVERALL;2;03,07,12,22,24,54,58,64,65,71,80,86,89;58;9;TEST;56;504;67;7.891637;32;6.349206;-1.542431;0.804549;26;46.428571
OVERALL;2;03,07,12,22,24,54,58,64,65,71,80,86,89;64;7;TEST;56;504;57;6.713781;28;5.555556;-1.158225;0.827485;22;39.285714
OVERALL;2;03,07,12,22,24,54,58,64,65,71,80,86,89;65;3;TEST;56;504;52;6.124853;23;4.563492;-1.561361;0.745078;17;30.357143
OVERALL;2;03,07,12,22,24,54,58,64,65,71,80,86,89;71;1;TEST;56;504;63;7.420495;41;8.134921;0.714426;1.096277;30;53.571429
OVERALL;2;03,07,12,22,24,54,58,64,65,71,80,86,89;80;12;TEST;56;504;68;8.009423;43;8.531746;0.522323;1.065214;33;58.928571
OVERALL;2;03,07,12,22,24,54,58,64,65,71,80,86,89;86;11;TEST;56;504;60;7.067138;32;6.349206;-0.717931;0.898413;25;44.642857
OVERALL;2;03,07,12,22,24,54,58,64,65,71,80,86,89;89;2;TEST;56;504;52;6.124853;27;5.357143;-0.76771;0.874657;21;37.5
OVERALL;3;07,09,14,17,20,24,29,48,62,64,72,82,85;7;1;DISCOVERY;168;1512;149;5.854617;110;7.275132;1.420515;1.242632;83;49.404762
OVERALL;3;07,09,14,17,20,24,29,48,62,64,72,82,85;9;13;DISCOVERY;168;1512;145;5.697446;98;6.481481;0.784036;1.137612;78;46.428571
OVERALL;3;07,09,14,17,20,24,29,48,62,64,72,82,85;14;12;DISCOVERY;168;1512;166;6.522593;112;7.407407;0.884814;1.135654;81;48.214286
OVERALL;3;07,09,14,17,20,24,29,48,62,64,72,82,85;17;10;DISCOVERY;168;1512;177;6.954813;119;7.87037;0.915557;1.131644;86;51.190476
OVERALL;3;07,09,14,17,20,24,29,48,62,64,72,82,85;20;8;DISCOVERY;168;1512;165;6.483301;114;7.539683;1.056382;1.162939;91;54.166667
OVERALL;3;07,09,14,17,20,24,29,48,62,64,72,82,85;24;4;DISCOVERY;168;1512;158;6.208251;112;7.407407;1.199156;1.193155;84;50.0
OVERALL;3;07,09,14,17,20,24,29,48,62,64,72,82,85;29;11;DISCOVERY;168;1512;157;6.168959;107;7.07672;0.907761;1.14715;87;51.785714
OVERALL;3;07,09,14,17,20,24,29,48,62,64,72,82,85;48;5;DISCOVERY;168;1512;169;6.640472;117;7.738095;1.097624;1.165293;86;51.190476
OVERALL;3;07,09,14,17,20,24,29,48,62,64,72,82,85;62;3;DISCOVERY;168;1512;187;7.347741;130;8.597884;1.250143;1.17014;94;55.952381
OVERALL;3;07,09,14,17,20,24,29,48,62,64,72,82,85;64;9;DISCOVERY;168;1512;160;6.286837;111;7.34127;1.054433;1.167721;95;56.547619
OVERALL;3;07,09,14,17,20,24,29,48,62,64,72,82,85;72;2;DISCOVERY;168;1512;167;6.561886;119;7.87037;1.308484;1.199407;88;52.380952
OVERALL;3;07,09,14,17,20,24,29,48,62,64,72,82,85;82;7;DISCOVERY;168;1512;188;7.387033;128;8.465608;1.078575;1.146009;85;50.595238
OVERALL;3;07,09,14,17,20,24,29,48,62,64,72,82,85;85;6;DISCOVERY;168;1512;198;7.779961;134;8.862434;1.082473;1.139136;93;55.357143
OVERALL;3;07,09,14,17,20,24,29,48,62,64,72,82,85;7;1;VALIDATION;48;432;60;7.067138;27;6.25;-0.817138;0.884375;21;43.75
OVERALL;3;07,09,14,17,20,24,29,48,62,64,72,82,85;9;13;VALIDATION;48;432;65;7.656066;30;6.944444;-0.711622;0.907051;25;52.083333
OVERALL;3;07,09,14,17,20,24,29,48,62,64,72,82,85;14;12;VALIDATION;48;432;52;6.124853;25;5.787037;-0.337816;0.944845;20;41.666667
OVERALL;3;07,09,14,17,20,24,29,48,62,64,72,82,85;17;10;VALIDATION;48;432;57;6.713781;24;5.555556;-1.158225;0.827485;21;43.75
OVERALL;3;07,09,14,17,20,24,29,48,62,64,72,82,85;20;8;VALIDATION;48;432;52;6.124853;30;6.944444;0.819592;1.133814;24;50.0
OVERALL;3;07,09,14,17,20,24,29,48,62,64,72,82,85;24;4;VALIDATION;48;432;50;5.889282;24;5.555556;-0.333726;0.943333;16;33.333333
OVERALL;3;07,09,14,17,20,24,29,48,62,64,72,82,85;29;11;VALIDATION;48;432;55;6.47821;28;6.481481;0.003272;1.000505;24;50.0
OVERALL;3;07,09,14,17,20,24,29,48,62,64,72,82,85;48;5;VALIDATION;48;432;65;7.656066;26;6.018519;-1.637547;0.786111;19;39.583333
OVERALL;3;07,09,14,17,20,24,29,48,62,64,72,82,85;62;3;VALIDATION;48;432;52;6.124853;28;6.481481;0.356629;1.058226;24;50.0
OVERALL;3;07,09,14,17,20,24,29,48,62,64,72,82,85;64;9;VALIDATION;48;432;51;6.007067;20;4.62963;-1.377438;0.770697;18;37.5
OVERALL;3;07,09,14,17,20,24,29,48,62,64,72,82,85;72;2;VALIDATION;48;432;63;7.420495;50;11.574074;4.153579;1.559744;31;64.583333
OVERALL;3;07,09,14,17,20,24,29,48,62,64,72,82,85;82;7;VALIDATION;48;432;60;7.067138;35;8.101852;1.034714;1.146412;22;45.833333
OVERALL;3;07,09,14,17,20,24,29,48,62,64,72,82,85;85;6;VALIDATION;48;432;63;7.420495;32;7.407407;-0.013087;0.998236;25;52.083333
OVERALL;3;07,09,14,17,20,24,29,48,62,64,72,82,85;7;1;TEST;54;486;57;6.713781;33;6.790123;0.076343;1.011371;26;48.148148
OVERALL;3;07,09,14,17,20,24,29,48,62,64,72,82,85;9;13;TEST;54;486;59;6.949352;41;8.436214;1.486862;1.213957;28;51.851852
OVERALL;3;07,09,14,17,20,24,29,48,62,64,72,82,85;14;12;TEST;54;486;55;6.47821;31;6.378601;-0.099609;0.984624;25;46.296296
OVERALL;3;07,09,14,17,20,24,29,48,62,64,72,82,85;17;10;TEST;54;486;54;6.360424;24;4.938272;-1.422152;0.776406;22;40.740741
OVERALL;3;07,09,14,17,20,24,29,48,62,64,72,82,85;20;8;TEST;54;486;63;7.420495;31;6.378601;-1.041894;0.859592;25;46.296296
OVERALL;3;07,09,14,17,20,24,29,48,62,64,72,82,85;24;4;TEST;54;486;48;5.65371;30;6.17284;0.519129;1.091821;24;44.444444
OVERALL;3;07,09,14,17,20,24,29,48,62,64,72,82,85;29;11;TEST;54;486;52;6.124853;28;5.761317;-0.363536;0.940646;25;46.296296
OVERALL;3;07,09,14,17,20,24,29,48,62,64,72,82,85;48;5;TEST;54;486;50;5.889282;23;4.73251;-1.156771;0.80358;18;33.333333
OVERALL;3;07,09,14,17,20,24,29,48,62,64,72,82,85;62;3;TEST;54;486;58;6.831567;35;7.201646;0.37008;1.054172;24;44.444444
OVERALL;3;07,09,14,17,20,24,29,48,62,64,72,82,85;64;9;TEST;54;486;57;6.713781;36;7.407407;0.693626;1.103314;25;46.296296
OVERALL;3;07,09,14,17,20,24,29,48,62,64,72,82,85;72;2;TEST;54;486;60;7.067138;37;7.613169;0.546031;1.077263;27;50.0
OVERALL;3;07,09,14,17,20,24,29,48,62,64,72,82,85;82;7;TEST;54;486;54;6.360424;26;5.349794;-1.01063;0.841107;23;42.592593
OVERALL;3;07,09,14,17,20,24,29,48,62,64,72,82,85;85;6;TEST;54;486;65;7.656066;39;8.024691;0.368625;1.048148;29;53.703704
OVERALL;4;19,22,34,50,61,63,68,71,76,78,83,88,90;19;3;DISCOVERY;170;1530;182;7.151277;126;8.235294;1.084017;1.151584;95;55.882353
OVERALL;4;19,22,34,50,61,63,68,71,76,78,83,88,90;22;12;DISCOVERY;170;1530;165;6.483301;109;7.124183;0.640882;1.098851;90;52.941176
OVERALL;4;19,22,34,50,61,63,68,71,76,78,83,88,90;34;11;DISCOVERY;170;1530;163;6.404715;108;7.058824;0.654108;1.102129;80;47.058824
OVERALL;4;19,22,34,50,61,63,68,71,76,78,83,88,90;50;5;DISCOVERY;170;1530;150;5.89391;105;6.862745;0.968835;1.164379;78;45.882353
OVERALL;4;19,22,34,50,61,63,68,71,76,78,83,88,90;61;2;DISCOVERY;170;1530;182;7.151277;130;8.496732;1.345455;1.188142;96;56.470588
OVERALL;4;19,22,34,50,61,63,68,71,76,78,83,88,90;63;8;DISCOVERY;170;1530;182;7.151277;120;7.843137;0.69186;1.096746;88;51.764706
OVERALL;4;19,22,34,50,61,63,68,71,76,78,83,88,90;68;10;DISCOVERY;170;1530;171;6.719057;113;7.385621;0.666564;1.099205;88;51.764706
OVERALL;4;19,22,34,50,61,63,68,71,76,78,83,88,90;71;7;DISCOVERY;170;1530;174;6.836935;117;7.647059;0.810124;1.118492;89;52.352941
OVERALL;4;19,22,34,50,61,63,68,71,76,78,83,88,90;76;9;DISCOVERY;170;1530;161;6.32613;107;6.993464;0.667334;1.105489;80;47.058824
OVERALL;4;19,22,34,50,61,63,68,71,76,78,83,88,90;78;1;DISCOVERY;170;1530;168;6.601179;125;8.169935;1.568756;1.237648;88;51.764706
OVERALL;4;19,22,34,50,61,63,68,71,76,78,83,88,90;83;6;DISCOVERY;170;1530;187;7.347741;126;8.235294;0.887553;1.120793;90;52.941176
OVERALL;4;19,22,34,50,61,63,68,71,76,78,83,88,90;88;4;DISCOVERY;170;1530;191;7.504912;131;8.562092;1.05718;1.140865;99;58.235294
OVERALL;4;19,22,34,50,61,63,68,71,76,78,83,88,90;90;13;DISCOVERY;170;1530;197;7.740668;128;8.366013;0.625345;1.080787;91;53.529412
OVERALL;4;19,22,34,50,61,63,68,71,76,78,83,88,90;19;3;VALIDATION;45;405;60;7.067138;25;6.17284;-0.894298;0.873457;21;46.666667
OVERALL;4;19,22,34,50,61,63,68,71,76,78,83,88,90;22;12;VALIDATION;45;405;56;6.595995;26;6.419753;-0.176242;0.97328;20;44.444444
OVERALL;4;19,22,34,50,61,63,68,71,76,78,83,88,90;34;11;VALIDATION;45;405;50;5.889282;23;5.679012;-0.210269;0.964296;18;40.0
OVERALL;4;19,22,34,50,61,63,68,71,76,78,83,88,90;50;5;VALIDATION;45;405;48;5.65371;20;4.938272;-0.715439;0.873457;17;37.777778
OVERALL;4;19,22,34,50,61,63,68,71,76,78,83,88,90;61;2;VALIDATION;45;405;49;5.771496;26;6.419753;0.648257;1.11232;20;44.444444
OVERALL;4;19,22,34,50,61,63,68,71,76,78,83,88,90;63;8;VALIDATION;45;405;52;6.124853;27;6.666667;0.541814;1.088462;22;48.888889
OVERALL;4;19,22,34,50,61,63,68,71,76,78,83,88,90;68;10;VALIDATION;45;405;71;8.36278;28;6.91358;-1.449199;0.826708;24;53.333333
OVERALL;4;19,22,34,50,61,63,68,71,76,78,83,88,90;71;7;VALIDATION;45;405;48;5.65371;23;5.679012;0.025302;1.004475;21;46.666667
OVERALL;4;19,22,34,50,61,63,68,71,76,78,83,88,90;76;9;VALIDATION;45;405;65;7.656066;32;7.901235;0.245169;1.032023;21;46.666667
OVERALL;4;19,22,34,50,61,63,68,71,76,78,83,88,90;78;1;VALIDATION;45;405;58;6.831567;30;7.407407;0.575841;1.084291;24;53.333333
OVERALL;4;19,22,34,50,61,63,68,71,76,78,83,88,90;83;6;VALIDATION;45;405;59;6.949352;33;8.148148;1.198796;1.172505;25;55.555556
OVERALL;4;19,22,34,50,61,63,68,71,76,78,83,88,90;88;4;VALIDATION;45;405;52;6.124853;20;4.938272;-1.186581;0.806268;17;37.777778
OVERALL;4;19,22,34,50,61,63,68,71,76,78,83,88,90;90;13;VALIDATION;45;405;51;6.007067;27;6.666667;0.6596;1.109804;21;46.666667
OVERALL;4;19,22,34,50,61,63,68,71,76,78,83,88,90;19;3;TEST;60;540;57;6.713781;31;5.740741;-0.97304;0.855068;28;46.666667
OVERALL;4;19,22,34,50,61,63,68,71,76,78,83,88,90;22;12;TEST;60;540;59;6.949352;42;7.777778;0.828426;1.119209;32;53.333333
OVERALL;4;19,22,34,50,61,63,68,71,76,78,83,88,90;34;11;TEST;60;540;61;7.184923;40;7.407407;0.222484;1.030965;31;51.666667
OVERALL;4;19,22,34,50,61,63,68,71,76,78,83,88,90;50;5;TEST;60;540;42;4.946996;31;5.740741;0.793744;1.16045;26;43.333333
OVERALL;4;19,22,34,50,61,63,68,71,76,78,83,88,90;61;2;TEST;60;540;51;6.007067;30;5.555556;-0.451512;0.924837;23;38.333333
OVERALL;4;19,22,34,50,61,63,68,71,76,78,83,88,90;63;8;TEST;60;540;65;7.656066;45;8.333333;0.677267;1.088462;38;63.333333
OVERALL;4;19,22,34,50,61,63,68,71,76,78,83,88,90;68;10;TEST;60;540;64;7.53828;41;7.592593;0.054312;1.007205;31;51.666667
OVERALL;4;19,22,34,50,61,63,68,71,76,78,83,88,90;71;7;TEST;60;540;63;7.420495;40;7.407407;-0.013087;0.998236;32;53.333333
OVERALL;4;19,22,34,50,61,63,68,71,76,78,83,88,90;76;9;TEST;60;540;49;5.771496;43;7.962963;2.191467;1.379705;29;48.333333
OVERALL;4;19,22,34,50,61,63,68,71,76,78,83,88,90;78;1;TEST;60;540;44;5.182568;21;3.888889;-1.293679;0.750379;21;35.0
OVERALL;4;19,22,34,50,61,63,68,71,76,78,83,88,90;83;6;TEST;60;540;65;7.656066;38;7.037037;-0.619029;0.919145;31;51.666667
OVERALL;4;19,22,34,50,61,63,68,71,76,78,83,88,90;88;4;TEST;60;540;55;6.47821;26;4.814815;-1.663395;0.743232;19;31.666667
OVERALL;4;19,22,34,50,61,63,68,71,76,78,83,88,90;90;13;TEST;60;540;53;6.242638;22;4.074074;-2.168564;0.652621;20;33.333333
OVERALL;5;07,17,22,27,29,44,48,56,68,69,72,81,90;7;3;DISCOVERY;151;1359;149;5.854617;98;7.211185;1.356568;1.231709;74;49.006623
OVERALL;5;07,17,22,27,29,44,48,56,68,69,72,81,90;17;13;DISCOVERY;151;1359;177;6.954813;106;7.799853;0.845039;1.121504;80;52.980132
OVERALL;5;07,17,22,27,29,44,48,56,68,69,72,81,90;22;11;DISCOVERY;151;1359;165;6.483301;101;7.431935;0.948635;1.14632;83;54.966887
OVERALL;5;07,17,22,27,29,44,48,56,68,69,72,81,90;27;9;DISCOVERY;151;1359;156;6.129666;97;7.137601;1.007935;1.164436;74;49.006623
OVERALL;5;07,17,22,27,29,44,48,56,68,69,72,81,90;29;2;DISCOVERY;151;1359;157;6.168959;106;7.799853;1.630894;1.264371;82;54.304636
OVERALL;5;07,17,22,27,29,44,48,56,68,69,72,81,90;44;7;DISCOVERY;151;1359;156;6.129666;99;7.284768;1.155102;1.188445;73;48.344371
OVERALL;5;07,17,22,27,29,44,48,56,68,69,72,81,90;48;8;DISCOVERY;151;1359;169;6.640472;104;7.652686;1.012214;1.152431;74;49.006623
OVERALL;5;07,17,22,27,29,44,48,56,68,69,72,81,90;56;1;DISCOVERY;151;1359;184;7.229862;121;8.903606;1.673743;1.231504;80;52.980132
OVERALL;5;07,17,22,27,29,44,48,56,68,69,72,81,90;68;10;DISCOVERY;151;1359;171;6.719057;105;7.726269;1.007212;1.149904;77;50.993377
OVERALL;5;07,17,22,27,29,44,48,56,68,69,72,81,90;69;12;DISCOVERY;151;1359;162;6.365422;99;7.284768;0.919346;1.144428;74;49.006623
OVERALL;5;07,17,22,27,29,44,48,56,68,69,72,81,90;72;6;DISCOVERY;151;1359;167;6.561886;105;7.726269;1.164383;1.177446;82;54.304636
OVERALL;5;07,17,22,27,29,44,48,56,68,69,72,81,90;81;4;DISCOVERY;151;1359;189;7.426326;119;8.756439;1.330112;1.179108;88;58.278146
OVERALL;5;07,17,22,27,29,44,48,56,68,69,72,81,90;90;5;DISCOVERY;151;1359;197;7.740668;123;9.050773;1.310105;1.16925;85;56.291391
OVERALL;5;07,17,22,27,29,44,48,56,68,69,72,81,90;7;3;VALIDATION;50;450;60;7.067138;35;7.777778;0.71064;1.100556;24;48.0
OVERALL;5;07,17,22,27,29,44,48,56,68,69,72,81,90;17;13;VALIDATION;50;450;57;6.713781;32;7.111111;0.39733;1.059181;24;48.0
OVERALL;5;07,17,22,27,29,44,48,56,68,69,72,81,90;22;11;VALIDATION;50;450;56;6.595995;34;7.555556;0.95956;1.145476;28;56.0
OVERALL;5;07,17,22,27,29,44,48,56,68,69,72,81,90;27;9;VALIDATION;50;450;53;6.242638;25;5.555556;-0.687083;0.889937;18;36.0
OVERALL;5;07,17,22,27,29,44,48,56,68,69,72,81,90;29;2;VALIDATION;50;450;55;6.47821;33;7.333333;0.855124;1.132;24;48.0
OVERALL;5;07,17,22,27,29,44,48,56,68,69,72,81,90;44;7;VALIDATION;50;450;54;6.360424;23;5.111111;-1.249313;0.80358;18;36.0
OVERALL;5;07,17,22,27,29,44,48,56,68,69,72,81,90;48;8;VALIDATION;50;450;65;7.656066;27;6.0;-1.656066;0.783692;21;42.0
OVERALL;5;07,17,22,27,29,44,48,56,68,69,72,81,90;56;1;VALIDATION;50;450;50;5.889282;25;5.555556;-0.333726;0.943333;23;46.0
OVERALL;5;07,17,22,27,29,44,48,56,68,69,72,81,90;68;10;VALIDATION;50;450;71;8.36278;45;10.0;1.63722;1.195775;33;66.0
OVERALL;5;07,17,22,27,29,44,48,56,68,69,72,81,90;69;12;VALIDATION;50;450;54;6.360424;37;8.222222;1.861798;1.292716;28;56.0
OVERALL;5;07,17,22,27,29,44,48,56,68,69,72,81,90;72;6;VALIDATION;50;450;63;7.420495;36;8.0;0.579505;1.078095;25;50.0
OVERALL;5;07,17,22,27,29,44,48,56,68,69,72,81,90;81;4;VALIDATION;50;450;60;7.067138;32;7.111111;0.043973;1.006222;23;46.0
OVERALL;5;07,17,22,27,29,44,48,56,68,69,72,81,90;90;5;VALIDATION;50;450;51;6.007067;20;4.444444;-1.562623;0.739869;17;34.0
OVERALL;5;07,17,22,27,29,44,48,56,68,69,72,81,90;7;3;TEST;64;576;57;6.713781;40;6.944444;0.230664;1.034357;31;48.4375
OVERALL;5;07,17,22,27,29,44,48,56,68,69,72,81,90;17;13;TEST;64;576;54;6.360424;39;6.770833;0.410409;1.064525;31;48.4375
OVERALL;5;07,17,22,27,29,44,48,56,68,69,72,81,90;22;11;TEST;64;576;59;6.949352;37;6.423611;-0.525741;0.924347;32;50.0
OVERALL;5;07,17,22,27,29,44,48,56,68,69,72,81,90;27;9;TEST;64;576;53;6.242638;34;5.902778;-0.339861;0.945558;25;39.0625
OVERALL;5;07,17,22,27,29,44,48,56,68,69,72,81,90;29;2;TEST;64;576;52;6.124853;33;5.729167;-0.395686;0.935397;25;39.0625
OVERALL;5;07,17,22,27,29,44,48,56,68,69,72,81,90;44;7;TEST;64;576;53;6.242638;46;7.986111;1.743473;1.279285;34;53.125
OVERALL;5;07,17,22,27,29,44,48,56,68,69,72,81,90;48;8;TEST;64;576;50;5.889282;29;5.034722;-0.854559;0.854896;26;40.625
OVERALL;5;07,17,22,27,29,44,48,56,68,69,72,81,90;56;1;TEST;64;576;59;6.949352;38;6.597222;-0.35213;0.949329;26;40.625
OVERALL;5;07,17,22,27,29,44,48,56,68,69,72,81,90;68;10;TEST;64;576;64;7.53828;30;5.208333;-2.329947;0.690918;26;40.625
OVERALL;5;07,17,22,27,29,44,48,56,68,69,72,81,90;69;12;TEST;64;576;58;6.831567;44;7.638889;0.807322;1.118175;36;56.25
OVERALL;5;07,17,22,27,29,44,48,56,68,69,72,81,90;72;6;TEST;64;576;60;7.067138;41;7.118056;0.050918;1.007205;34;53.125
OVERALL;5;07,17,22,27,29,44,48,56,68,69,72,81,90;81;4;TEST;64;576;61;7.184923;32;5.555556;-1.629368;0.773224;29;45.3125
OVERALL;5;07,17,22,27,29,44,48,56,68,69,72,81,90;90;5;TEST;64;576;53;6.242638;42;7.291667;1.049028;1.168042;34;53.125
OVERALL;6;03,19,38,39,45,51,56,57,59,80,81,82,88;3;11;DISCOVERY;182;1638;168;6.601179;120;7.326007;0.724829;1.109803;92;50.549451
OVERALL;6;03,19,38,39,45,51,56,57,59,80,81,82,88;19;6;DISCOVERY;182;1638;182;7.151277;131;7.997558;0.846281;1.11834;102;56.043956
OVERALL;6;03,19,38,39,45,51,56,57,59,80,81,82,88;38;12;DISCOVERY;182;1638;176;6.915521;125;7.631258;0.715737;1.103497;95;52.197802
OVERALL;6;03,19,38,39,45,51,56,57,59,80,81,82,88;39;5;DISCOVERY;182;1638;178;6.994106;129;7.875458;0.881352;1.126013;101;55.494505
OVERALL;6;03,19,38,39,45,51,56,57,59,80,81,82,88;45;4;DISCOVERY;182;1638;179;7.033399;134;8.180708;1.147309;1.163123;85;46.703297
OVERALL;6;03,19,38,39,45,51,56,57,59,80,81,82,88;51;2;DISCOVERY;182;1638;180;7.072692;137;8.363858;1.291167;1.182557;102;56.043956
OVERALL;6;03,19,38,39,45,51,56,57,59,80,81,82,88;56;10;DISCOVERY;182;1638;184;7.229862;131;7.997558;0.767696;1.106184;92;50.549451
OVERALL;6;03,19,38,39,45,51,56,57,59,80,81,82,88;57;9;DISCOVERY;182;1638;170;6.679764;122;7.448107;0.768343;1.115025;97;53.296703
OVERALL;6;03,19,38,39,45,51,56,57,59,80,81,82,88;59;13;DISCOVERY;182;1638;146;5.736739;105;6.410256;0.673518;1.117404;84;46.153846
OVERALL;6;03,19,38,39,45,51,56,57,59,80,81,82,88;80;1;DISCOVERY;182;1638;172;6.75835;135;8.241758;1.483409;1.219493;92;50.549451
OVERALL;6;03,19,38,39,45,51,56,57,59,80,81,82,88;81;7;DISCOVERY;182;1638;189;7.426326;135;8.241758;0.815432;1.109803;100;54.945055
OVERALL;6;03,19,38,39,45,51,56,57,59,80,81,82,88;82;8;DISCOVERY;182;1638;188;7.387033;134;8.180708;0.793675;1.107442;95;52.197802
OVERALL;6;03,19,38,39,45,51,56,57,59,80,81,82,88;88;3;DISCOVERY;182;1638;191;7.504912;143;8.730159;1.225247;1.163259;108;59.340659
OVERALL;6;03,19,38,39,45,51,56,57,59,80,81,82,88;3;11;VALIDATION;69;621;50;5.889282;35;5.636071;-0.253211;0.957005;29;42.028986
OVERALL;6;03,19,38,39,45,51,56,57,59,80,81,82,88;19;6;VALIDATION;69;621;60;7.067138;36;5.797101;-1.270036;0.82029;26;37.681159
OVERALL;6;03,19,38,39,45,51,56,57,59,80,81,82,88;38;12;VALIDATION;69;621;61;7.184923;49;7.890499;0.705576;1.098202;36;52.173913
OVERALL;6;03,19,38,39,45,51,56,57,59,80,81,82,88;39;5;VALIDATION;69;621;57;6.713781;37;5.958132;-0.755649;0.887448;30;43.478261
OVERALL;6;03,19,38,39,45,51,56,57,59,80,81,82,88;45;4;VALIDATION;69;621;66;7.773852;48;7.729469;-0.044383;0.994291;41;59.42029
OVERALL;6;03,19,38,39,45,51,56,57,59,80,81,82,88;51;2;VALIDATION;69;621;60;7.067138;51;8.21256;1.145423;1.162077;31;44.927536
OVERALL;6;03,19,38,39,45,51,56,57,59,80,81,82,88;56;10;VALIDATION;69;621;50;5.889282;27;4.347826;-1.541455;0.738261;23;33.333333
OVERALL;6;03,19,38,39,45,51,56,57,59,80,81,82,88;57;9;VALIDATION;69;621;52;6.124853;35;5.636071;-0.488782;0.920197;26;37.681159
OVERALL;6;03,19,38,39,45,51,56,57,59,80,81,82,88;59;13;VALIDATION;69;621;63;7.420495;55;8.856683;1.436188;1.193543;39;56.521739
OVERALL;6;03,19,38,39,45,51,56,57,59,80,81,82,88;80;1;VALIDATION;69;621;69;8.127208;50;8.05153;-0.075679;0.990688;38;55.072464
OVERALL;6;03,19,38,39,45,51,56,57,59,80,81,82,88;81;7;VALIDATION;69;621;60;7.067138;39;6.280193;-0.786945;0.888647;32;46.376812
OVERALL;6;03,19,38,39,45,51,56,57,59,80,81,82,88;82;8;VALIDATION;69;621;60;7.067138;38;6.119163;-0.947975;0.865862;27;39.130435
OVERALL;6;03,19,38,39,45,51,56,57,59,80,81,82,88;88;3;VALIDATION;69;621;52;6.124853;45;7.246377;1.121524;1.18311;34;49.275362
OVERALL;6;03,19,38,39,45,51,56,57,59,80,81,82,88;3;11;TEST;65;585;54;6.360424;45;7.692308;1.331884;1.209402;38;58.461538
OVERALL;6;03,19,38,39,45,51,56,57,59,80,81,82,88;19;6;TEST;65;585;57;6.713781;42;7.179487;0.465706;1.069366;33;50.769231
OVERALL;6;03,19,38,39,45,51,56,57,59,80,81,82,88;38;12;TEST;65;585;51;6.007067;33;5.641026;-0.366041;0.939065;28;43.076923
OVERALL;6;03,19,38,39,45,51,56,57,59,80,81,82,88;39;5;TEST;65;585;61;7.184923;50;8.547009;1.362085;1.189575;35;53.846154
OVERALL;6;03,19,38,39,45,51,56,57,59,80,81,82,88;45;4;TEST;65;585;60;7.067138;48;8.205128;1.13799;1.161026;40;61.538462
OVERALL;6;03,19,38,39,45,51,56,57,59,80,81,82,88;51;2;TEST;65;585;55;6.47821;30;5.128205;-1.350005;0.791608;25;38.461538
OVERALL;6;03,19,38,39,45,51,56,57,59,80,81,82,88;56;10;TEST;65;585;59;6.949352;29;4.957265;-1.992087;0.713342;23;35.384615
OVERALL;6;03,19,38,39,45,51,56,57,59,80,81,82,88;57;9;TEST;65;585;51;6.007067;43;7.350427;1.34336;1.22363;34;52.307692
OVERALL;6;03,19,38,39,45,51,56,57,59,80,81,82,88;59;13;TEST;65;585;54;6.360424;37;6.324786;-0.035638;0.994397;28;43.076923
OVERALL;6;03,19,38,39,45,51,56,57,59,80,81,82,88;80;1;TEST;65;585;68;8.009423;42;7.179487;-0.829936;0.89638;32;49.230769
OVERALL;6;03,19,38,39,45,51,56,57,59,80,81,82,88;81;7;TEST;65;585;61;7.184923;53;9.059829;1.874906;1.26095;39;60.0
OVERALL;6;03,19,38,39,45,51,56,57,59,80,81,82,88;82;8;TEST;65;585;54;6.360424;41;7.008547;0.648123;1.101899;34;52.307692
OVERALL;6;03,19,38,39,45,51,56,57,59,80,81,82,88;88;3;TEST;65;585;55;6.47821;36;6.153846;-0.324364;0.94993;26;40.0
OVERALL;7;10,13,20,32,36,44,46,60,72,73,80,81,86;10;1;DISCOVERY;149;1341;160;6.286837;107;7.97912;1.692283;1.269179;74;49.66443
OVERALL;7;10,13,20,32,36,44,46,60,72,73,80,81,86;13;6;DISCOVERY;149;1341;160;6.286837;100;7.457122;1.170285;1.186148;78;52.348993
OVERALL;7;10,13,20,32,36,44,46,60,72,73,80,81,86;20;7;DISCOVERY;149;1341;165;6.483301;102;7.606264;1.122963;1.173209;78;52.348993
OVERALL;7;10,13,20,32,36,44,46,60,72,73,80,81,86;32;10;DISCOVERY;149;1341;177;6.954813;108;8.053691;1.098878;1.158003;73;48.993289
OVERALL;7;10,13,20,32,36,44,46,60,72,73,80,81,86;36;9;DISCOVERY;149;1341;156;6.129666;97;7.233408;1.103742;1.180066;76;51.006711
OVERALL;7;10,13,20,32,36,44,46,60,72,73,80,81,86;44;13;DISCOVERY;149;1341;156;6.129666;95;7.084265;0.954599;1.155734;72;48.322148
OVERALL;7;10,13,20,32,36,44,46,60,72,73,80,81,86;46;3;DISCOVERY;149;1341;154;6.051081;102;7.606264;1.555183;1.257009;73;48.993289
OVERALL;7;10,13,20,32,36,44,46,60,72,73,80,81,86;60;11;DISCOVERY;149;1341;134;5.265226;85;6.338553;1.073327;1.203852;60;40.268456
OVERALL;7;10,13,20,32,36,44,46,60,72,73,80,81,86;72;12;DISCOVERY;149;1341;167;6.561886;101;7.531693;0.969807;1.147794;78;52.348993
OVERALL;7;10,13,20,32,36,44,46,60,72,73,80,81,86;73;4;DISCOVERY;149;1341;156;6.129666;101;7.531693;1.402027;1.228728;82;55.033557
OVERALL;7;10,13,20,32,36,44,46,60,72,73,80,81,86;80;2;DISCOVERY;149;1341;172;6.75835;112;8.351976;1.593626;1.235801;73;48.993289
OVERALL;7;10,13,20,32,36,44,46,60,72,73,80,81,86;81;5;DISCOVERY;149;1341;189;7.426326;118;8.799403;1.373077;1.184893;85;57.04698
OVERALL;7;10,13,20,32,36,44,46,60,72,73,80,81,86;86;8;DISCOVERY;149;1341;188;7.387033;114;8.501119;1.114085;1.150816;80;53.691275
OVERALL;7;10,13,20,32,36,44,46,60,72,73,80,81,86;10;1;VALIDATION;60;540;57;6.713781;35;6.481481;-0.232299;0.9654;31;51.666667
OVERALL;7;10,13,20,32,36,44,46,60,72,73,80,81,86;13;6;VALIDATION;60;540;47;5.535925;24;4.444444;-1.09148;0.802837;20;33.333333
OVERALL;7;10,13,20,32,36,44,46,60,72,73,80,81,86;20;7;VALIDATION;60;540;52;6.124853;37;6.851852;0.726999;1.118697;24;40.0
OVERALL;7;10,13,20,32,36,44,46,60,72,73,80,81,86;32;10;VALIDATION;60;540;54;6.360424;30;5.555556;-0.804868;0.873457;24;40.0
OVERALL;7;10,13,20,32,36,44,46,60,72,73,80,81,86;36;9;VALIDATION;60;540;50;5.889282;29;5.37037;-0.518911;0.911889;22;36.666667
OVERALL;7;10,13,20,32,36,44,46,60,72,73,80,81,86;44;13;VALIDATION;60;540;54;6.360424;43;7.962963;1.602539;1.251955;33;55.0
OVERALL;7;10,13,20,32,36,44,46,60,72,73,80,81,86;46;3;VALIDATION;60;540;55;6.47821;46;8.518519;2.040309;1.314949;34;56.666667
OVERALL;7;10,13,20,32,36,44,46,60,72,73,80,81,86;60;11;VALIDATION;60;540;63;7.420495;35;6.481481;-0.939013;0.873457;26;43.333333
OVERALL;7;10,13,20,32,36,44,46,60,72,73,80,81,86;72;12;VALIDATION;60;540;63;7.420495;44;8.148148;0.727653;1.09806;28;46.666667
OVERALL;7;10,13,20,32,36,44,46,60,72,73,80,81,86;73;4;VALIDATION;60;540;57;6.713781;48;8.888889;2.175108;1.323977;36;60.0
OVERALL;7;10,13,20,32,36,44,46,60,72,73,80,81,86;80;2;VALIDATION;60;540;69;8.127208;41;7.592593;-0.534616;0.934219;32;53.333333
OVERALL;7;10,13,20,32,36,44,46,60,72,73,80,81,86;81;5;VALIDATION;60;540;60;7.067138;40;7.407407;0.34027;1.048148;31;51.666667
OVERALL;7;10,13,20,32,36,44,46,60,72,73,80,81,86;86;8;VALIDATION;60;540;65;7.656066;40;7.407407;-0.248659;0.967521;35;58.333333
OVERALL;7;10,13,20,32,36,44,46,60,72,73,80,81,86;10;1;TEST;57;513;58;6.831567;29;5.653021;-1.178545;0.827485;24;42.105263
OVERALL;7;10,13,20,32,36,44,46,60,72,73,80,81,86;13;6;TEST;57;513;57;6.713781;28;5.45809;-1.255691;0.812968;26;45.614035
OVERALL;7;10,13,20,32,36,44,46,60,72,73,80,81,86;20;7;TEST;57;513;63;7.420495;35;6.822612;-0.597883;0.919428;28;49.122807
OVERALL;7;10,13,20,32,36,44,46,60,72,73,80,81,86;32;10;TEST;57;513;56;6.595995;33;6.432749;-0.163247;0.975251;24;42.105263
OVERALL;7;10,13,20,32,36,44,46,60,72,73,80,81,86;36;9;TEST;57;513;44;5.182568;26;5.068226;-0.114342;0.977937;18;31.578947
OVERALL;7;10,13,20,32,36,44,46,60,72,73,80,81,86;44;13;TEST;57;513;53;6.242638;24;4.678363;-1.564276;0.749421;21;36.842105
OVERALL;7;10,13,20,32,36,44,46,60,72,73,80,81,86;46;3;TEST;57;513;58;6.831567;43;8.382066;1.5505;1.226961;34;59.649123
OVERALL;7;10,13,20,32,36,44,46,60,72,73,80,81,86;60;11;TEST;57;513;58;6.831567;39;7.602339;0.770773;1.112825;29;50.877193
OVERALL;7;10,13,20,32,36,44,46,60,72,73,80,81,86;72;12;TEST;57;513;60;7.067138;42;8.187135;1.119997;1.15848;29;50.877193
OVERALL;7;10,13,20,32,36,44,46,60,72,73,80,81,86;73;4;TEST;57;513;68;8.009423;38;7.407407;-0.602015;0.924837;33;57.894737
OVERALL;7;10,13,20,32,36,44,46,60,72,73,80,81,86;80;2;TEST;57;513;68;8.009423;43;8.382066;0.372643;1.046526;32;56.140351
OVERALL;7;10,13,20,32,36,44,46,60,72,73,80,81,86;81;5;TEST;57;513;61;7.184923;41;7.992203;0.807279;1.112357;33;57.894737
OVERALL;7;10,13,20,32,36,44,46,60,72,73,80,81,86;86;8;TEST;57;513;60;7.067138;36;7.017544;-0.049594;0.992982;28;49.122807
OVERALL;8;29,33,41,49,52,53,56,58,64,72,77,87,88;29;2;DISCOVERY;178;1602;157;6.168959;123;7.677903;1.508944;1.244603;95;53.370787
OVERALL;8;29,33,41,49,52,53,56,58,64,72,77,87,88;33;3;DISCOVERY;178;1602;172;6.75835;130;8.114856;1.356507;1.200716;92;51.685393
OVERALL;8;29,33,41,49,52,53,56,58,64,72,77,87,88;41;6;DISCOVERY;178;1602;170;6.679764;125;7.802747;1.122982;1.168117;100;56.179775
OVERALL;8;29,33,41,49,52,53,56,58,64,72,77,87,88;49;4;DISCOVERY;178;1602;188;7.387033;137;8.55181;1.164777;1.157679;96;53.932584
OVERALL;8;29,33,41,49,52,53,56,58,64,72,77,87,88;52;1;DISCOVERY;178;1602;175;6.876228;137;8.55181;1.675582;1.243678;96;53.932584
OVERALL;8;29,33,41,49,52,53,56,58,64,72,77,87,88;53;12;DISCOVERY;178;1602;157;6.168959;110;6.866417;0.697458;1.113059;83;46.629213
OVERALL;8;29,33,41,49,52,53,56,58,64,72,77,87,88;56;7;DISCOVERY;178;1602;184;7.229862;132;8.2397;1.009838;1.139676;91;51.123596
OVERALL;8;29,33,41,49,52,53,56,58,64,72,77,87,88;58;5;DISCOVERY;178;1602;158;6.208251;118;7.365793;1.157541;1.186452;92;51.685393
OVERALL;8;29,33,41,49,52,53,56,58,64,72,77,87,88;64;11;DISCOVERY;178;1602;160;6.286837;112;6.991261;0.704424;1.112047;82;46.067416
OVERALL;8;29,33,41,49,52,53,56,58,64,72,77,87,88;72;8;DISCOVERY;178;1602;167;6.561886;119;7.428215;0.866329;1.132024;94;52.808989
OVERALL;8;29,33,41,49,52,53,56,58,64,72,77,87,88;77;9;DISCOVERY;178;1602;191;7.504912;134;8.364544;0.859633;1.114543;98;55.05618
OVERALL;8;29,33,41,49,52,53,56,58,64,72,77,87,88;87;13;DISCOVERY;178;1602;186;7.308448;128;7.990012;0.681565;1.093257;90;50.561798
OVERALL;8;29,33,41,49,52,53,56,58,64,72,77,87,88;88;10;DISCOVERY;178;1602;191;7.504912;133;8.302122;0.797211;1.106225;101;56.741573
OVERALL;8;29,33,41,49,52,53,56,58,64,72,77,87,88;29;2;VALIDATION;46;414;55;6.47821;26;6.280193;-0.198016;0.969433;20;43.478261
OVERALL;8;29,33,41,49,52,53,56,58,64,72,77,87,88;33;3;VALIDATION;46;414;57;6.713781;27;6.521739;-0.192042;0.971396;19;41.304348
OVERALL;8;29,33,41,49,52,53,56,58,64,72,77,87,88;41;6;VALIDATION;46;414;52;6.124853;29;7.004831;0.879978;1.143673;21;45.652174
OVERALL;8;29,33,41,49,52,53,56,58,64,72,77,87,88;49;4;VALIDATION;46;414;61;7.184923;27;6.521739;-0.663184;0.907698;23;50.0
OVERALL;8;29,33,41,49,52,53,56,58,64,72,77,87,88;52;1;VALIDATION;46;414;64;7.53828;30;7.246377;-0.291904;0.961277;22;47.826087
OVERALL;8;29,33,41,49,52,53,56,58,64,72,77,87,88;53;12;VALIDATION;46;414;44;5.182568;21;5.072464;-0.110104;0.978755;21;45.652174
OVERALL;8;29,33,41,49,52,53,56,58,64,72,77,87,88;56;7;VALIDATION;46;414;50;5.889282;24;5.797101;-0.09218;0.984348;22;47.826087
OVERALL;8;29,33,41,49,52,53,56,58,64,72,77,87,88;58;5;VALIDATION;46;414;52;6.124853;29;7.004831;0.879978;1.143673;24;52.173913
OVERALL;8;29,33,41,49,52,53,56,58,64,72,77,87,88;64;11;VALIDATION;46;414;51;6.007067;23;5.555556;-0.451512;0.924837;21;45.652174
OVERALL;8;29,33,41,49,52,53,56,58,64,72,77,87,88;72;8;VALIDATION;46;414;63;7.420495;35;8.454106;1.033612;1.139291;25;54.347826
OVERALL;8;29,33,41,49,52,53,56,58,64,72,77,87,88;77;9;VALIDATION;46;414;67;7.891637;30;7.246377;-0.64526;0.918235;22;47.826087
OVERALL;8;29,33,41,49,52,53,56,58,64,72,77,87,88;87;13;VALIDATION;46;414;58;6.831567;27;6.521739;-0.309827;0.954648;22;47.826087
OVERALL;8;29,33,41,49,52,53,56,58,64,72,77,87,88;88;10;VALIDATION;46;414;52;6.124853;25;6.038647;-0.086205;0.985925;20;43.478261
OVERALL;8;29,33,41,49,52,53,56,58,64,72,77,87,88;29;2;TEST;58;522;52;6.124853;27;5.172414;-0.952439;0.844496;23;39.655172
OVERALL;8;29,33,41,49,52,53,56,58,64,72,77,87,88;33;3;TEST;58;522;55;6.47821;35;6.704981;0.226771;1.035005;26;44.827586
OVERALL;8;29,33,41,49,52,53,56,58,64,72,77,87,88;41;6;TEST;58;522;69;8.127208;34;6.51341;-1.613799;0.801433;27;46.551724
OVERALL;8;29,33,41,49,52,53,56,58,64,72,77,87,88;49;4;TEST;58;522;64;7.53828;39;7.471264;-0.067016;0.99111;31;53.448276
OVERALL;8;29,33,41,49,52,53,56,58,64,72,77,87,88;52;1;TEST;58;522;66;7.773852;38;7.279693;-0.494158;0.936433;27;46.551724
OVERALL;8;29,33,41,49,52,53,56,58,64,72,77,87,88;53;12;TEST;58;522;53;6.242638;39;7.471264;1.228626;1.196812;26;44.827586
OVERALL;8;29,33,41,49,52,53,56,58,64,72,77,87,88;56;7;TEST;58;522;59;6.949352;42;8.045977;1.096625;1.157802;31;53.448276
OVERALL;8;29,33,41,49,52,53,56,58,64,72,77,87,88;58;5;TEST;58;522;67;7.891637;35;6.704981;-1.186656;0.849631;31;53.448276
OVERALL;8;29,33,41,49,52,53,56,58,64,72,77,87,88;64;11;TEST;58;522;57;6.713781;33;6.321839;-0.391942;0.941621;23;39.655172
OVERALL;8;29,33,41,49,52,53,56,58,64,72,77,87,88;72;8;TEST;58;522;60;7.067138;35;6.704981;-0.362157;0.948755;31;53.448276
OVERALL;8;29,33,41,49,52,53,56,58,64,72,77,87,88;77;9;TEST;58;522;47;5.535925;23;4.40613;-1.129794;0.795916;19;32.758621
OVERALL;8;29,33,41,49,52,53,56,58,64,72,77,87,88;87;13;TEST;58;522;47;5.535925;33;6.321839;0.785914;1.141966;24;41.37931
OVERALL;8;29,33,41,49,52,53,56,58,64,72,77,87,88;88;10;TEST;58;522;55;6.47821;41;7.854406;1.376196;1.212435;34;58.62069
OVERALL;9;11,13,14,17,45,52,54,55,57,64,69,72,86;11;12;DISCOVERY;144;1296;171;6.719057;96;7.407407;0.68835;1.102447;75;52.083333
OVERALL;9;11,13,14,17,45,52,54,55,57,64,69,72,86;13;7;DISCOVERY;144;1296;160;6.286837;93;7.175926;0.889089;1.141421;69;47.916667
OVERALL;9;11,13,14,17,45,52,54,55,57,64,69,72,86;14;1;DISCOVERY;144;1296;166;6.522593;109;8.410494;1.887901;1.28944;84;58.333333
OVERALL;9;11,13,14,17,45,52,54,55,57,64,69,72,86;17;5;DISCOVERY;144;1296;177;6.954813;102;7.87037;0.915557;1.131644;73;50.694444
OVERALL;9;11,13,14,17,45,52,54,55,57,64,69,72,86;45;2;DISCOVERY;144;1296;179;7.033399;110;8.487654;1.454255;1.206764;71;49.305556
OVERALL;9;11,13,14,17,45,52,54,55,57,64,69,72,86;52;3;DISCOVERY;144;1296;175;6.876228;106;8.179012;1.302784;1.189462;73;50.694444
OVERALL;9;11,13,14,17,45,52,54,55,57,64,69,72,86;54;11;DISCOVERY;144;1296;180;7.072692;101;7.79321;0.720518;1.101873;76;52.777778
OVERALL;9;11,13,14,17,45,52,54,55,57,64,69,72,86;55;6;DISCOVERY;144;1296;191;7.504912;109;8.410494;0.905582;1.120665;79;54.861111
OVERALL;9;11,13,14,17,45,52,54,55,57,64,69,72,86;57;4;DISCOVERY;144;1296;170;6.679764;99;7.638889;0.959125;1.143587;77;53.472222
OVERALL;9;11,13,14,17,45,52,54,55,57,64,69,72,86;64;9;DISCOVERY;144;1296;160;6.286837;92;7.098765;0.811928;1.129147;73;50.694444
OVERALL;9;11,13,14,17,45,52,54,55,57,64,69,72,86;69;13;DISCOVERY;144;1296;162;6.365422;91;7.021605;0.656183;1.103085;66;45.833333
OVERALL;9;11,13,14,17,45,52,54,55,57,64,69,72,86;72;10;DISCOVERY;144;1296;167;6.561886;95;7.330247;0.768361;1.117095;77;53.472222
OVERALL;9;11,13,14,17,45,52,54,55,57,64,69,72,86;86;8;DISCOVERY;144;1296;188;7.387033;107;8.256173;0.869139;1.117657;78;54.166667
OVERALL;9;11,13,14,17,45,52,54,55,57,64,69,72,86;11;12;VALIDATION;62;558;56;6.595995;54;9.677419;3.081424;1.467166;37;59.677419
OVERALL;9;11,13,14,17,45,52,54,55,57,64,69,72,86;13;7;VALIDATION;62;558;47;5.535925;38;6.810036;1.274111;1.230153;28;45.16129
OVERALL;9;11,13,14,17,45,52,54,55,57,64,69,72,86;14;1;VALIDATION;62;558;52;6.124853;39;6.989247;0.864395;1.141129;34;54.83871
OVERALL;9;11,13,14,17,45,52,54,55,57,64,69,72,86;17;5;VALIDATION;62;558;57;6.713781;40;7.168459;0.454678;1.067723;31;50.0
OVERALL;9;11,13,14,17,45,52,54,55,57,64,69,72,86;45;2;VALIDATION;62;558;66;7.773852;50;8.960573;1.186722;1.152656;38;61.290323
OVERALL;9;11,13,14,17,45,52,54,55,57,64,69,72,86;52;3;VALIDATION;62;558;64;7.53828;42;7.526882;-0.011399;0.998488;33;53.225806
OVERALL;9;11,13,14,17,45,52,54,55,57,64,69,72,86;54;11;VALIDATION;62;558;47;5.535925;21;3.763441;-1.772484;0.679822;17;27.419355
OVERALL;9;11,13,14,17,45,52,54,55,57,64,69,72,86;55;6;VALIDATION;62;558;61;7.184923;40;7.168459;-0.016465;0.997708;31;50.0
OVERALL;9;11,13,14,17,45,52,54,55,57,64,69,72,86;57;4;VALIDATION;62;558;52;6.124853;33;5.913978;-0.210874;0.965571;30;48.387097
OVERALL;9;11,13,14,17,45,52,54,55,57,64,69,72,86;64;9;VALIDATION;62;558;51;6.007067;31;5.555556;-0.451512;0.924837;29;46.774194
OVERALL;9;11,13,14,17,45,52,54,55,57,64,69,72,86;69;13;VALIDATION;62;558;54;6.360424;28;5.017921;-1.342503;0.788929;23;37.096774
OVERALL;9;11,13,14,17,45,52,54,55,57,64,69,72,86;72;10;VALIDATION;62;558;63;7.420495;45;8.064516;0.644021;1.08679;25;40.322581
OVERALL;9;11,13,14,17,45,52,54,55,57,64,69,72,86;86;8;VALIDATION;62;558;65;7.656066;38;6.810036;-0.84603;0.889495;31;50.0
OVERALL;9;11,13,14,17,45,52,54,55,57,64,69,72,86;11;12;TEST;58;522;55;6.47821;29;5.555556;-0.922654;0.857576;21;36.206897
OVERALL;9;11,13,14,17,45,52,54,55,57,64,69,72,86;13;7;TEST;58;522;57;6.713781;37;7.088123;0.374342;1.055757;30;51.724138
OVERALL;9;11,13,14,17,45,52,54,55,57,64,69,72,86;14;1;TEST;58;522;55;6.47821;40;7.662835;1.184626;1.182863;34;58.62069
OVERALL;9;11,13,14,17,45,52,54,55,57,64,69,72,86;17;5;TEST;58;522;54;6.360424;34;6.51341;0.152986;1.024053;26;44.827586
OVERALL;9;11,13,14,17,45,52,54,55,57,64,69,72,86;45;2;TEST;58;522;60;7.067138;37;7.088123;0.020985;1.002969;31;53.448276
OVERALL;9;11,13,14,17,45,52,54,55,57,64,69,72,86;52;3;TEST;58;522;66;7.773852;32;6.130268;-1.643583;0.788575;25;43.103448
OVERALL;9;11,13,14,17,45,52,54,55,57,64,69,72,86;54;11;TEST;58;522;59;6.949352;34;6.51341;-0.435942;0.937269;27;46.551724
OVERALL;9;11,13,14,17,45,52,54,55,57,64,69,72,86;55;6;TEST;58;522;60;7.067138;32;6.130268;-0.93687;0.867433;25;43.103448
OVERALL;9;11,13,14,17,45,52,54,55,57,64,69,72,86;57;4;TEST;58;522;51;6.007067;31;5.938697;-0.06837;0.988618;20;34.482759
OVERALL;9;11,13,14,17,45,52,54,55,57,64,69,72,86;64;9;TEST;58;522;57;6.713781;34;6.51341;-0.200371;0.970155;26;44.827586
OVERALL;9;11,13,14,17,45,52,54,55,57,64,69,72,86;69;13;TEST;58;522;58;6.831567;35;6.704981;-0.126586;0.98147;28;48.275862
OVERALL;9;11,13,14,17,45,52,54,55,57,64,69,72,86;72;10;TEST;58;522;60;7.067138;33;6.321839;-0.745299;0.89454;27;46.551724
OVERALL;9;11,13,14,17,45,52,54,55,57,64,69,72,86;86;8;TEST;58;522;60;7.067138;41;7.854406;0.787268;1.111398;34;58.62069
OVERALL;10;02,03,14,16,39,45,52,53,56,70,74,77,87;2;6;DISCOVERY;159;1431;156;6.129666;101;7.058001;0.928335;1.15145;74;46.540881
OVERALL;10;02,03,14,16,39,45,52,53,56,70,74,77,87;3;1;DISCOVERY;159;1431;168;6.601179;117;8.176101;1.574922;1.238582;84;52.830189
OVERALL;10;02,03,14,16,39,45,52,53,56,70,74,77,87;14;8;DISCOVERY;159;1431;166;6.522593;106;7.407407;0.884814;1.135654;85;53.459119
OVERALL;10;02,03,14,16,39,45,52,53,56,70,74,77,87;16;12;DISCOVERY;159;1431;160;6.286837;100;6.98812;0.701283;1.111548;71;44.654088
OVERALL;10;02,03,14,16,39,45,52,53,56,70,74,77,87;39;10;DISCOVERY;159;1431;178;6.994106;112;7.826695;0.832589;1.119041;83;52.201258
OVERALL;10;02,03,14,16,39,45,52,53,56,70,74,77,87;45;2;DISCOVERY;159;1431;179;7.033399;122;8.525507;1.492108;1.212146;85;53.459119
OVERALL;10;02,03,14,16,39,45,52,53,56,70,74,77,87;52;5;DISCOVERY;159;1431;175;6.876228;112;7.826695;0.950467;1.138225;80;50.314465
OVERALL;10;02,03,14,16,39,45,52,53,56,70,74,77,87;53;7;DISCOVERY;159;1431;157;6.168959;101;7.058001;0.889043;1.144116;73;45.91195
OVERALL;10;02,03,14,16,39,45,52,53,56,70,74,77,87;56;13;DISCOVERY;159;1431;184;7.229862;113;7.896576;0.666713;1.092217;85;53.459119
OVERALL;10;02,03,14,16,39,45,52,53,56,70,74,77,87;70;4;DISCOVERY;159;1431;175;6.876228;114;7.966457;1.090229;1.15855;83;52.201258
OVERALL;10;02,03,14,16,39,45,52,53,56,70,74,77,87;74;9;DISCOVERY;159;1431;174;6.836935;110;7.686932;0.849997;1.124324;83;52.201258
OVERALL;10;02,03,14,16,39,45,52,53,56,70,74,77,87;77;3;DISCOVERY;159;1431;191;7.504912;123;8.595388;1.090476;1.145302;95;59.748428
OVERALL;10;02,03,14,16,39,45,52,53,56,70,74,77,87;87;11;DISCOVERY;159;1431;186;7.308448;115;8.036338;0.72789;1.099596;84;52.830189
OVERALL;10;02,03,14,16,39,45,52,53,56,70,74,77,87;2;6;VALIDATION;57;513;48;5.65371;25;4.873294;-0.780416;0.861964;21;36.842105
OVERALL;10;02,03,14,16,39,45,52,53,56,70,74,77,87;3;1;VALIDATION;57;513;50;5.889282;24;4.678363;-1.210919;0.794386;21;36.842105
OVERALL;10;02,03,14,16,39,45,52,53,56,70,74,77,87;14;8;VALIDATION;57;513;52;6.124853;33;6.432749;0.307896;1.05027;24;42.105263
OVERALL;10;02,03,14,16,39,45,52,53,56,70,74,77,87;16;12;VALIDATION;57;513;67;7.891637;30;5.847953;-2.043684;0.741032;26;45.614035
OVERALL;10;02,03,14,16,39,45,52,53,56,70,74,77,87;39;10;VALIDATION;57;513;57;6.713781;43;8.382066;1.668285;1.248487;31;54.385965
OVERALL;10;02,03,14,16,39,45,52,53,56,70,74,77,87;45;2;VALIDATION;57;513;66;7.773852;39;7.602339;-0.171512;0.977937;30;52.631579
OVERALL;10;02,03,14,16,39,45,52,53,56,70,74,77,87;52;5;VALIDATION;57;513;64;7.53828;33;6.432749;-1.105532;0.853344;29;50.877193
OVERALL;10;02,03,14,16,39,45,52,53,56,70,74,77,87;53;7;VALIDATION;57;513;44;5.182568;24;4.678363;-0.504205;0.902711;19;33.333333
OVERALL;10;02,03,14,16,39,45,52,53,56,70,74,77,87;56;13;VALIDATION;57;513;50;5.889282;39;7.602339;1.713058;1.290877;30;52.631579
OVERALL;10;02,03,14,16,39,45,52,53,56,70,74,77,87;70;4;VALIDATION;57;513;43;5.064782;31;6.042885;0.978103;1.193118;23;40.350877
OVERALL;10;02,03,14,16,39,45,52,53,56,70,74,77,87;74;9;VALIDATION;57;513;55;6.47821;37;7.212476;0.734266;1.113344;29;50.877193
OVERALL;10;02,03,14,16,39,45,52,53,56,70,74,77,87;77;3;VALIDATION;57;513;67;7.891637;49;9.551657;1.66002;1.210352;33;57.894737
OVERALL;10;02,03,14,16,39,45,52,53,56,70,74,77,87;87;11;VALIDATION;57;513;58;6.831567;36;7.017544;0.185977;1.027223;30;52.631579
OVERALL;10;02,03,14,16,39,45,52,53,56,70,74,77,87;2;6;TEST;57;513;58;6.831567;34;6.62768;-0.203886;0.970155;26;45.614035
OVERALL;10;02,03,14,16,39,45,52,53,56,70,74,77,87;3;1;TEST;57;513;54;6.360424;37;7.212476;0.852052;1.133961;30;52.631579
OVERALL;10;02,03,14,16,39,45,52,53,56,70,74,77,87;14;8;TEST;57;513;55;6.47821;42;8.187135;1.708925;1.263796;30;52.631579
OVERALL;10;02,03,14,16,39,45,52,53,56,70,74,77,87;16;12;TEST;57;513;50;5.889282;25;4.873294;-1.015987;0.827485;22;38.596491
OVERALL;10;02,03,14,16,39,45,52,53,56,70,74,77,87;39;10;TEST;57;513;61;7.184923;32;6.237817;-0.947107;0.868181;28;49.122807
OVERALL;10;02,03,14,16,39,45,52,53,56,70,74,77,87;45;2;TEST;57;513;60;7.067138;33;6.432749;-0.634389;0.910234;27;47.368421
OVERALL;10;02,03,14,16,39,45,52,53,56,70,74,77,87;52;5;TEST;57;513;66;7.773852;39;7.602339;-0.171512;0.977937;29;50.877193
OVERALL;10;02,03,14,16,39,45,52,53,56,70,74,77,87;53;7;TEST;57;513;53;6.242638;34;6.62768;0.385042;1.061679;25;43.859649
OVERALL;10;02,03,14,16,39,45,52,53,56,70,74,77,87;56;13;TEST;57;513;59;6.949352;40;7.797271;0.847919;1.122014;29;50.877193
OVERALL;10;02,03,14,16,39,45,52,53,56,70,74,77,87;70;4;TEST;57;513;40;4.711425;28;5.45809;0.746664;1.15848;25;43.859649
OVERALL;10;02,03,14,16,39,45,52,53,56,70,74,77,87;74;9;TEST;57;513;54;6.360424;31;6.042885;-0.317539;0.950076;25;43.859649
OVERALL;10;02,03,14,16,39,45,52,53,56,70,74,77,87;77;3;TEST;57;513;47;5.535925;32;6.237817;0.701892;1.126789;22;38.596491
OVERALL;10;02,03,14,16,39,45,52,53,56,70,74,77,87;87;11;TEST;57;513;47;5.535925;25;4.873294;-0.66263;0.880304;24;42.105263
OVERALL;11;01,07,10,19,22,27,32,44,47,54,58,59,73;1;13;DISCOVERY;171;1539;195;7.662083;130;8.447044;0.784961;1.102447;92;53.80117
OVERALL;11;01,07,10,19,22,27,32,44,47,54,58,59,73;7;4;DISCOVERY;171;1539;149;5.854617;110;7.147498;1.292881;1.220831;84;49.122807
OVERALL;11;01,07,10,19,22,27,32,44,47,54,58,59,73;10;9;DISCOVERY;171;1539;160;6.286837;113;7.34243;1.055593;1.167905;81;47.368421
OVERALL;11;01,07,10,19,22,27,32,44,47,54,58,59,73;19;10;DISCOVERY;171;1539;182;7.151277;126;8.187135;1.035857;1.144849;89;52.046784
OVERALL;11;01,07,10,19,22,27,32,44,47,54,58,59,73;22;1;DISCOVERY;171;1539;165;6.483301;125;8.122157;1.638857;1.252781;94;54.97076
OVERALL;11;01,07,10,19,22,27,32,44,47,54,58,59,73;27;8;DISCOVERY;171;1539;156;6.129666;111;7.212476;1.08281;1.176651;86;50.292398
OVERALL;11;01,07,10,19,22,27,32,44,47,54,58,59,73;32;2;DISCOVERY;171;1539;177;6.954813;131;8.512021;1.557207;1.223904;85;49.707602
OVERALL;11;01,07,10,19,22,27,32,44,47,54,58,59,73;44;3;DISCOVERY;171;1539;156;6.129666;115;7.472385;1.342719;1.219052;86;50.292398
OVERALL;11;01,07,10,19,22,27,32,44,47,54,58,59,73;47;12;DISCOVERY;171;1539;164;6.444008;112;7.277453;0.833445;1.129336;84;49.122807
OVERALL;11;01,07,10,19,22,27,32,44,47,54,58,59,73;54;5;DISCOVERY;171;1539;180;7.072692;128;8.317089;1.244397;1.175944;100;58.479532
OVERALL;11;01,07,10,19,22,27,32,44,47,54,58,59,73;58;6;DISCOVERY;171;1539;158;6.208251;113;7.34243;1.134179;1.182689;91;53.216374
OVERALL;11;01,07,10,19,22,27,32,44,47,54,58,59,73;59;7;DISCOVERY;171;1539;146;5.736739;105;6.822612;1.085873;1.189284;76;44.444444
OVERALL;11;01,07,10,19,22,27,32,44,47,54,58,59,73;73;11;DISCOVERY;171;1539;156;6.129666;108;7.017544;0.887878;1.144849;80;46.783626
OVERALL;11;01,07,10,19,22,27,32,44,47,54,58,59,73;1;13;VALIDATION;56;504;51;6.007067;26;5.15873;-0.848337;0.858777;19;33.928571
OVERALL;11;01,07,10,19,22,27,32,44,47,54,58,59,73;7;4;VALIDATION;56;504;60;7.067138;30;5.952381;-1.114757;0.842262;26;46.428571
OVERALL;11;01,07,10,19,22,27,32,44,47,54,58,59,73;10;9;VALIDATION;56;504;57;6.713781;31;6.150794;-0.562987;0.916145;25;44.642857
OVERALL;11;01,07,10,19,22,27,32,44,47,54,58,59,73;19;10;VALIDATION;56;504;60;7.067138;39;7.738095;0.670957;1.09494;30;53.571429
OVERALL;11;01,07,10,19,22,27,32,44,47,54,58,59,73;22;1;VALIDATION;56;504;56;6.595995;35;6.944444;0.348449;1.052827;27;48.214286
OVERALL;11;01,07,10,19,22,27,32,44,47,54,58,59,73;27;8;VALIDATION;56;504;53;6.242638;35;6.944444;0.701806;1.112421;22;39.285714
OVERALL;11;01,07,10,19,22,27,32,44,47,54,58,59,73;32;2;VALIDATION;56;504;54;6.360424;27;5.357143;-1.003281;0.842262;23;41.071429
OVERALL;11;01,07,10,19,22,27,32,44,47,54,58,59,73;44;3;VALIDATION;56;504;54;6.360424;39;7.738095;1.377671;1.216601;31;55.357143
OVERALL;11;01,07,10,19,22,27,32,44,47,54,58,59,73;47;12;VALIDATION;56;504;73;8.598351;36;7.142857;-1.455494;0.830724;25;44.642857
OVERALL;11;01,07,10,19,22,27,32,44,47,54,58,59,73;54;5;VALIDATION;56;504;47;5.535925;27;5.357143;-0.178782;0.967705;23;41.071429
OVERALL;11;01,07,10,19,22,27,32,44,47,54,58,59,73;58;6;VALIDATION;56;504;52;6.124853;33;6.547619;0.422766;1.069025;28;50.0
OVERALL;11;01,07,10,19,22,27,32,44,47,54,58,59,73;59;7;VALIDATION;56;504;63;7.420495;32;6.349206;-1.071288;0.855631;24;42.857143
OVERALL;11;01,07,10,19,22,27,32,44,47,54,58,59,73;73;11;VALIDATION;56;504;57;6.713781;39;7.738095;1.024314;1.152569;28;50.0
OVERALL;11;01,07,10,19,22,27,32,44,47,54,58,59,73;1;13;TEST;54;486;54;6.360424;32;6.584362;0.223938;1.035208;26;48.148148
OVERALL;11;01,07,10,19,22,27,32,44,47,54,58,59,73;7;4;TEST;54;486;57;6.713781;38;7.81893;1.105149;1.164609;27;50.0
OVERALL;11;01,07,10,19,22,27,32,44,47,54,58,59,73;10;9;TEST;54;486;58;6.831567;36;7.407407;0.575841;1.084291;25;46.296296
OVERALL;11;01,07,10,19,22,27,32,44,47,54,58,59,73;19;10;TEST;54;486;57;6.713781;36;7.407407;0.693626;1.103314;27;50.0
OVERALL;11;01,07,10,19,22,27,32,44,47,54,58,59,73;22;1;TEST;54;486;59;6.949352;31;6.378601;-0.570751;0.91787;27;50.0
OVERALL;11;01,07,10,19,22,27,32,44,47,54,58,59,73;27;8;TEST;54;486;53;6.242638;42;8.641975;2.399337;1.384347;30;55.555556
OVERALL;11;01,07,10,19,22,27,32,44,47,54,58,59,73;32;2;TEST;54;486;56;6.595995;21;4.320988;-2.275008;0.655093;17;31.481481
OVERALL;11;01,07,10,19,22,27,32,44,47,54,58,59,73;44;3;TEST;54;486;53;6.242638;39;8.024691;1.782053;1.285465;25;46.296296
OVERALL;11;01,07,10,19,22,27,32,44,47,54,58,59,73;47;12;TEST;54;486;55;6.47821;23;4.73251;-1.745699;0.730527;20;37.037037
OVERALL;11;01,07,10,19,22,27,32,44,47,54,58,59,73;54;5;TEST;54;486;59;6.949352;34;6.995885;0.046533;1.006696;26;48.148148
OVERALL;11;01,07,10,19,22,27,32,44,47,54,58,59,73;58;6;TEST;54;486;67;7.891637;33;6.790123;-1.101514;0.86042;24;44.444444
OVERALL;11;01,07,10,19,22,27,32,44,47,54,58,59,73;59;7;TEST;54;486;54;6.360424;28;5.761317;-0.599107;0.905807;21;38.888889
OVERALL;11;01,07,10,19,22,27,32,44,47,54,58,59,73;73;11;TEST;54;486;68;8.009423;29;5.967078;-2.042345;0.745007;25;46.296296
OVERALL;12;10,24,29,45,56,67,69,71,72,79,83,87,88;10;13;DISCOVERY;171;1539;160;6.286837;107;6.952567;0.66573;1.105893;74;43.274854
OVERALL;12;10,24,29,45,56,67,69,71,72,79,83,87,88;24;10;DISCOVERY;171;1539;158;6.208251;108;7.017544;0.809292;1.130358;82;47.953216
OVERALL;12;10,24,29,45,56,67,69,71,72,79,83,87,88;29;8;DISCOVERY;171;1539;157;6.168959;108;7.017544;0.848585;1.137557;80;46.783626
OVERALL;12;10,24,29,45,56,67,69,71,72,79,83,87,88;45;3;DISCOVERY;171;1539;179;7.033399;131;8.512021;1.478622;1.210229;92;53.80117
OVERALL;12;10,24,29,45,56,67,69,71,72,79,83,87,88;56;12;DISCOVERY;171;1539;184;7.229862;123;7.992203;0.76234;1.105443;88;51.461988
OVERALL;12;10,24,29,45,56,67,69,71,72,79,83,87,88;67;7;DISCOVERY;171;1539;164;6.444008;113;7.34243;0.898422;1.13942;86;50.292398
OVERALL;12;10,24,29,45,56,67,69,71,72,79,83,87,88;69;9;DISCOVERY;171;1539;162;6.365422;111;7.212476;0.847053;1.133071;77;45.02924
OVERALL;12;10,24,29,45,56,67,69,71,72,79,83,87,88;71;1;DISCOVERY;171;1539;174;6.836935;131;8.512021;1.675086;1.245005;93;54.385965
OVERALL;12;10,24,29,45,56,67,69,71,72,79,83,87,88;72;6;DISCOVERY;171;1539;167;6.561886;115;7.472385;0.910499;1.138756;91;53.216374
OVERALL;12;10,24,29,45,56,67,69,71,72,79,83,87,88;79;5;DISCOVERY;171;1539;184;7.229862;126;8.187135;0.957272;1.132405;84;49.122807
OVERALL;12;10,24,29,45,56,67,69,71,72,79,83,87,88;83;11;DISCOVERY;171;1539;187;7.347741;125;8.122157;0.774417;1.105395;93;54.385965
OVERALL;12;10,24,29,45,56,67,69,71,72,79,83,87,88;87;4;DISCOVERY;171;1539;186;7.308448;129;8.382066;1.073618;1.146901;102;59.649123
OVERALL;12;10,24,29,45,56,67,69,71,72,79,83,87,88;88;2;DISCOVERY;171;1539;191;7.504912;140;9.096816;1.591905;1.212115;107;62.573099
OVERALL;12;10,24,29,45,56,67,69,71,72,79,83,87,88;10;13;VALIDATION;49;441;57;6.713781;33;7.482993;0.769212;1.114572;28;57.142857
OVERALL;12;10,24,29,45,56,67,69,71,72,79,83,87,88;24;10;VALIDATION;49;441;50;5.889282;26;5.895692;0.00641;1.001088;23;46.938776
OVERALL;12;10,24,29,45,56,67,69,71,72,79,83,87,88;29;8;VALIDATION;49;441;55;6.47821;22;4.988662;-1.489548;0.770068;17;34.693878
OVERALL;12;10,24,29,45,56,67,69,71,72,79,83,87,88;45;3;VALIDATION;49;441;66;7.773852;32;7.256236;-0.517616;0.933416;28;57.142857
OVERALL;12;10,24,29,45,56,67,69,71,72,79,83,87,88;56;12;VALIDATION;49;441;50;5.889282;27;6.122449;0.233167;1.039592;25;51.020408
OVERALL;12;10,24,29,45,56,67,69,71,72,79,83,87,88;67;7;VALIDATION;49;441;53;6.242638;28;6.349206;0.106568;1.017071;24;48.979592
OVERALL;12;10,24,29,45,56,67,69,71,72,79,83,87,88;69;9;VALIDATION;49;441;54;6.360424;23;5.21542;-1.145005;0.81998;19;38.77551
OVERALL;12;10,24,29,45,56,67,69,71,72,79,83,87,88;71;1;VALIDATION;49;441;48;5.65371;27;6.122449;0.468739;1.082908;20;40.816327
OVERALL;12;10,24,29,45,56,67,69,71,72,79,83,87,88;72;6;VALIDATION;49;441;63;7.420495;22;4.988662;-2.431833;0.672282;20;40.816327
OVERALL;12;10,24,29,45,56,67,69,71,72,79,83,87,88;79;5;VALIDATION;49;441;67;7.891637;36;8.163265;0.271628;1.03442;26;53.061224
OVERALL;12;10,24,29,45,56,67,69,71,72,79,83,87,88;83;11;VALIDATION;49;441;59;6.949352;35;7.936508;0.987156;1.14205;24;48.979592
OVERALL;12;10,24,29,45,56,67,69,71,72,79,83,87,88;87;4;VALIDATION;49;441;58;6.831567;28;6.349206;-0.48236;0.929392;24;48.979592
OVERALL;12;10,24,29,45,56,67,69,71,72,79,83,87,88;88;2;VALIDATION;49;441;52;6.124853;27;6.122449;-0.002404;0.999608;22;44.897959
OVERALL;12;10,24,29,45,56,67,69,71,72,79,83,87,88;10;13;TEST;39;351;58;6.831567;22;6.267806;-0.56376;0.917477;17;43.589744
OVERALL;12;10,24,29,45,56,67,69,71,72,79,83,87,88;24;10;TEST;39;351;48;5.65371;21;5.982906;0.329196;1.058226;19;48.717949
OVERALL;12;10,24,29,45,56,67,69,71,72,79,83,87,88;29;8;TEST;39;351;52;6.124853;23;6.552707;0.427854;1.069855;18;46.153846
OVERALL;12;10,24,29,45,56,67,69,71,72,79,83,87,88;45;3;TEST;39;351;60;7.067138;24;6.837607;-0.229531;0.967521;18;46.153846
OVERALL;12;10,24,29,45,56,67,69,71,72,79,83,87,88;56;12;TEST;39;351;59;6.949352;29;8.262108;1.312756;1.188903;23;58.974359
OVERALL;12;10,24,29,45,56,67,69,71,72,79,83,87,88;67;7;TEST;39;351;46;5.418139;18;5.128205;-0.289934;0.946488;13;33.333333
OVERALL;12;10,24,29,45,56,67,69,71,72,79,83,87,88;69;9;TEST;39;351;58;6.831567;19;5.413105;-1.418461;0.792367;18;46.153846
OVERALL;12;10,24,29,45,56,67,69,71,72,79,83,87,88;71;1;TEST;39;351;63;7.420495;27;7.692308;0.271813;1.03663;23;58.974359
OVERALL;12;10,24,29,45,56,67,69,71,72,79,83,87,88;72;6;TEST;39;351;60;7.067138;23;6.552707;-0.514431;0.927208;18;46.153846
OVERALL;12;10,24,29,45,56,67,69,71,72,79,83,87,88;79;5;TEST;39;351;62;7.302709;30;8.547009;1.244299;1.170389;20;51.282051
OVERALL;12;10,24,29,45,56,67,69,71,72,79,83,87,88;83;11;TEST;39;351;65;7.656066;23;6.552707;-1.103359;0.855884;19;48.717949
OVERALL;12;10,24,29,45,56,67,69,71,72,79,83,87,88;87;4;TEST;39;351;47;5.535925;20;5.698006;0.162081;1.029278;15;38.461538
OVERALL;12;10,24,29,45,56,67,69,71,72,79,83,87,88;88;2;TEST;39;351;55;6.47821;16;4.558405;-1.919805;0.703652;14;35.897436
OVERALL;13;05,16,18,23,26,29,37,42,46,48,60,63,79;5;12;DISCOVERY;160;1440;151;5.933202;93;6.458333;0.525131;1.088507;69;43.125
OVERALL;13;05,16,18,23,26,29,37,42,46,48,60,63,79;16;2;DISCOVERY;160;1440;160;6.286837;105;7.291667;1.00483;1.159831;75;46.875
OVERALL;13;05,16,18,23,26,29,37,42,46,48,60,63,79;18;13;DISCOVERY;160;1440;151;5.933202;93;6.458333;0.525131;1.088507;71;44.375
OVERALL;13;05,16,18,23,26,29,37,42,46,48,60,63,79;23;3;DISCOVERY;160;1440;152;5.972495;100;6.944444;0.971949;1.162738;76;47.5
OVERALL;13;05,16,18,23,26,29,37,42,46,48,60,63,79;26;9;DISCOVERY;160;1440;172;6.75835;107;7.430556;0.672206;1.099463;82;51.25
OVERALL;13;05,16,18,23,26,29,37,42,46,48,60,63,79;29;8;DISCOVERY;160;1440;157;6.168959;99;6.875;0.706041;1.114451;78;48.75
OVERALL;13;05,16,18,23,26,29,37,42,46,48,60,63,79;37;6;DISCOVERY;160;1440;163;6.404715;103;7.152778;0.748063;1.116799;84;52.5
OVERALL;13;05,16,18,23,26,29,37,42,46,48,60,63,79;42;7;DISCOVERY;160;1440;163;6.404715;103;7.152778;0.748063;1.116799;74;46.25
OVERALL;13;05,16,18,23,26,29,37,42,46,48,60,63,79;46;4;DISCOVERY;160;1440;154;6.051081;99;6.875;0.823919;1.136161;74;46.25
OVERALL;13;05,16,18,23,26,29,37,42,46,48,60,63,79;48;10;DISCOVERY;160;1440;169;6.640472;105;7.291667;0.651195;1.098065;73;45.625
OVERALL;13;05,16,18,23,26,29,37,42,46,48,60,63,79;60;1;DISCOVERY;160;1440;134;5.265226;104;7.222222;1.956996;1.371683;76;47.5
OVERALL;13;05,16,18,23,26,29,37,42,46,48,60,63,79;63;11;DISCOVERY;160;1440;182;7.151277;112;7.777778;0.626501;1.087607;86;53.75
OVERALL;13;05,16,18,23,26,29,37,42,46,48,60,63,79;79;5;DISCOVERY;160;1440;184;7.229862;115;7.986111;0.756249;1.104601;86;53.75
OVERALL;13;05,16,18,23,26,29,37,42,46,48,60,63,79;5;12;VALIDATION;46;414;50;5.889282;15;3.623188;-2.266093;0.615217;14;30.434783
OVERALL;13;05,16,18,23,26,29,37,42,46,48,60,63,79;16;2;VALIDATION;46;414;67;7.891637;24;5.797101;-2.094536;0.734588;20;43.478261
OVERALL;13;05,16,18,23,26,29,37,42,46,48,60,63,79;18;13;VALIDATION;46;414;45;5.300353;22;5.31401;0.013656;1.002576;18;39.130435
OVERALL;13;05,16,18,23,26,29,37,42,46,48,60,63,79;23;3;VALIDATION;46;414;45;5.300353;18;4.347826;-0.952527;0.82029;16;34.782609
OVERALL;13;05,16,18,23,26,29,37,42,46,48,60,63,79;26;9;VALIDATION;46;414;46;5.418139;22;5.31401;-0.104129;0.980781;18;39.130435
OVERALL;13;05,16,18,23,26,29,37,42,46,48,60,63,79;29;8;VALIDATION;46;414;55;6.47821;28;6.763285;0.285075;1.044005;24;52.173913
OVERALL;13;05,16,18,23,26,29,37,42,46,48,60,63,79;37;6;VALIDATION;46;414;71;8.36278;42;10.144928;1.782148;1.213105;28;60.869565
OVERALL;13;05,16,18,23,26,29,37,42,46,48,60,63,79;42;7;VALIDATION;46;414;52;6.124853;23;5.555556;-0.569297;0.907051;18;39.130435
OVERALL;13;05,16,18,23,26,29,37,42,46,48,60,63,79;46;4;VALIDATION;46;414;55;6.47821;14;3.381643;-3.096567;0.522003;12;26.086957
OVERALL;13;05,16,18,23,26,29,37,42,46,48,60,63,79;48;10;VALIDATION;46;414;65;7.656066;32;7.729469;0.073403;1.009588;24;52.173913
OVERALL;13;05,16,18,23,26,29,37,42,46,48,60,63,79;60;1;VALIDATION;46;414;63;7.420495;30;7.246377;-0.174118;0.976536;25;54.347826
OVERALL;13;05,16,18,23,26,29,37,42,46,48,60,63,79;63;11;VALIDATION;46;414;52;6.124853;29;7.004831;0.879978;1.143673;23;50.0
OVERALL;13;05,16,18,23,26,29,37,42,46,48,60,63,79;79;5;VALIDATION;46;414;67;7.891637;29;7.004831;-0.886806;0.887627;25;54.347826
OVERALL;13;05,16,18,23,26,29,37,42,46,48,60,63,79;5;12;TEST;56;504;64;7.53828;33;6.547619;-0.990661;0.868583;27;48.214286
OVERALL;13;05,16,18,23,26,29,37,42,46,48,60,63,79;16;2;TEST;56;504;50;5.889282;22;4.365079;-1.524202;0.74119;19;33.928571
OVERALL;13;05,16,18,23,26,29,37,42,46,48,60,63,79;18;13;TEST;56;504;60;7.067138;33;6.547619;-0.519519;0.926488;23;41.071429
OVERALL;13;05,16,18,23,26,29,37,42,46,48,60,63,79;23;3;TEST;56;504;68;8.009423;46;9.126984;1.117561;1.139531;30;53.571429
OVERALL;13;05,16,18,23,26,29,37,42,46,48,60,63,79;26;9;TEST;56;504;47;5.535925;30;5.952381;0.416456;1.075228;20;35.714286
OVERALL;13;05,16,18,23,26,29,37,42,46,48,60,63,79;29;8;TEST;56;504;52;6.124853;27;5.357143;-0.76771;0.874657;21;37.5
OVERALL;13;05,16,18,23,26,29,37,42,46,48,60,63,79;37;6;TEST;56;504;49;5.771496;29;5.753968;-0.017528;0.996963;24;42.857143
OVERALL;13;05,16,18,23,26,29,37,42,46,48,60,63,79;42;7;TEST;56;504;72;8.480565;50;9.920635;1.44007;1.169808;38;67.857143
OVERALL;13;05,16,18,23,26,29,37,42,46,48,60,63,79;46;4;TEST;56;504;58;6.831567;29;5.753968;-1.077598;0.842262;24;42.857143
OVERALL;13;05,16,18,23,26,29,37,42,46,48,60,63,79;48;10;TEST;56;504;50;5.889282;23;4.563492;-1.325789;0.774881;17;30.357143
OVERALL;13;05,16,18,23,26,29,37,42,46,48,60,63,79;60;1;TEST;56;504;58;6.831567;41;8.134921;1.303354;1.190784;31;55.357143
OVERALL;13;05,16,18,23,26,29,37,42,46,48,60,63,79;63;11;TEST;56;504;65;7.656066;33;6.547619;-1.108447;0.85522;30;53.571429
OVERALL;13;05,16,18,23,26,29,37,42,46,48,60,63,79;79;5;TEST;56;504;62;7.302709;38;7.539683;0.236973;1.03245;26;46.428571
OVERALL;14;02,13,19,23,44,45,49,52,55,80,84,86,90;2;1;DISCOVERY;166;1494;156;6.129666;114;7.630522;1.500856;1.244851;82;49.39759
OVERALL;14;02,13,19,23,44,45,49,52,55,80,84,86,90;13;11;DISCOVERY;166;1494;160;6.286837;104;6.961178;0.674341;1.107262;78;46.987952
OVERALL;14;02,13,19,23,44,45,49,52,55,80,84,86,90;19;8;DISCOVERY;166;1494;182;7.151277;118;7.89826;0.746983;1.104454;87;52.409639
OVERALL;14;02,13,19,23,44,45,49,52,55,80,84,86,90;23;7;DISCOVERY;166;1494;152;5.972495;101;6.760375;0.78788;1.131918;81;48.795181
OVERALL;14;02,13,19,23,44,45,49,52,55,80,84,86,90;44;9;DISCOVERY;166;1494;156;6.129666;102;6.827309;0.697643;1.113814;79;47.590361
OVERALL;14;02,13,19,23,44,45,49,52,55,80,84,86,90;45;6;DISCOVERY;166;1494;179;7.033399;119;7.965194;0.931795;1.132482;83;50.0
OVERALL;14;02,13,19,23,44,45,49,52,55,80,84,86,90;49;5;DISCOVERY;166;1494;188;7.387033;125;8.366801;0.979767;1.132633;91;54.819277
OVERALL;14;02,13,19,23,44,45,49,52,55,80,84,86,90;52;2;DISCOVERY;166;1494;175;6.876228;123;8.232932;1.356704;1.197303;83;50.0
OVERALL;14;02,13,19,23,44,45,49,52,55,80,84,86,90;55;13;DISCOVERY;166;1494;191;7.504912;122;8.165997;0.661086;1.088087;88;53.012048
OVERALL;14;02,13,19,23,44,45,49,52,55,80,84,86,90;80;12;DISCOVERY;166;1494;172;6.75835;111;7.429719;0.671369;1.099339;85;51.204819
OVERALL;14;02,13,19,23,44,45,49,52,55,80,84,86,90;84;4;DISCOVERY;166;1494;175;6.876228;118;7.89826;1.022032;1.148633;87;52.409639
OVERALL;14;02,13,19,23,44,45,49,52,55,80,84,86,90;86;3;DISCOVERY;166;1494;188;7.387033;127;8.500669;1.113636;1.150756;86;51.807229
OVERALL;14;02,13,19,23,44,45,49,52,55,80,84,86,90;90;10;DISCOVERY;166;1494;197;7.740668;126;8.433735;0.693067;1.089536;91;54.819277
OVERALL;14;02,13,19,23,44,45,49,52,55,80,84,86,90;2;1;VALIDATION;52;468;48;5.65371;31;6.623932;0.970221;1.171608;27;51.923077
OVERALL;14;02,13,19,23,44,45,49,52,55,80,84,86,90;13;11;VALIDATION;52;468;47;5.535925;23;4.91453;-0.621395;0.887752;19;36.538462
OVERALL;14;02,13,19,23,44,45,49,52,55,80,84,86,90;19;8;VALIDATION;52;468;60;7.067138;40;8.547009;1.479871;1.209402;34;65.384615
OVERALL;14;02,13,19,23,44,45,49,52,55,80,84,86,90;23;7;VALIDATION;52;468;45;5.300353;24;5.128205;-0.172148;0.967521;15;28.846154
OVERALL;14;02,13,19,23,44,45,49,52,55,80,84,86,90;44;9;VALIDATION;52;468;54;6.360424;35;7.478632;1.118208;1.175807;27;51.923077
OVERALL;14;02,13,19,23,44,45,49,52,55,80,84,86,90;45;6;VALIDATION;52;468;66;7.773852;38;8.119658;0.345807;1.044483;32;61.538462
OVERALL;14;02,13,19,23,44,45,49,52,55,80,84,86,90;49;5;VALIDATION;52;468;61;7.184923;29;6.196581;-0.988342;0.862442;22;42.307692
OVERALL;14;02,13,19,23,44,45,49,52,55,80,84,86,90;52;2;VALIDATION;52;468;64;7.53828;34;7.264957;-0.273323;0.963742;26;50.0
OVERALL;14;02,13,19,23,44,45,49,52,55,80,84,86,90;55;13;VALIDATION;52;468;61;7.184923;42;8.974359;1.789436;1.249054;29;55.769231
OVERALL;14;02,13,19,23,44,45,49,52,55,80,84,86,90;80;12;VALIDATION;52;468;69;8.127208;44;9.401709;1.274501;1.156819;32;61.538462
OVERALL;14;02,13,19,23,44,45,49,52,55,80,84,86,90;84;4;VALIDATION;52;468;51;6.007067;25;5.34188;-0.665187;0.889266;22;42.307692
OVERALL;14;02,13,19,23,44,45,49,52,55,80,84,86,90;86;3;VALIDATION;52;468;65;7.656066;37;7.905983;0.249917;1.032643;28;53.846154
OVERALL;14;02,13,19,23,44,45,49,52,55,80,84,86,90;90;10;VALIDATION;52;468;51;6.007067;33;7.051282;1.044215;1.173831;26;50.0
OVERALL;14;02,13,19,23,44,45,49,52,55,80,84,86,90;2;1;TEST;54;486;58;6.831567;31;6.378601;-0.452966;0.933695;20;37.037037
OVERALL;14;02,13,19,23,44,45,49,52,55,80,84,86,90;13;11;TEST;54;486;57;6.713781;39;8.024691;1.31091;1.195257;32;59.259259
OVERALL;14;02,13,19,23,44,45,49,52,55,80,84,86,90;19;8;TEST;54;486;57;6.713781;36;7.407407;0.693626;1.103314;28;51.851852
OVERALL;14;02,13,19,23,44,45,49,52,55,80,84,86,90;23;7;TEST;54;486;68;8.009423;41;8.436214;0.426791;1.053286;28;51.851852
OVERALL;14;02,13,19,23,44,45,49,52,55,80,84,86,90;44;9;TEST;54;486;53;6.242638;21;4.320988;-1.921651;0.692173;16;29.62963
OVERALL;14;02,13,19,23,44,45,49,52,55,80,84,86,90;45;6;TEST;54;486;60;7.067138;29;5.967078;-1.10006;0.844342;25;46.296296
OVERALL;14;02,13,19,23,44,45,49,52,55,80,84,86,90;49;5;TEST;54;486;64;7.53828;34;6.995885;-0.542396;0.928048;29;53.703704
OVERALL;14;02,13,19,23,44,45,49,52,55,80,84,86,90;52;2;TEST;54;486;66;7.773852;28;5.761317;-2.012535;0.741115;21;38.888889
OVERALL;14;02,13,19,23,44,45,49,52,55,80,84,86,90;55;13;TEST;54;486;60;7.067138;41;8.436214;1.369076;1.193724;32;59.259259
OVERALL;14;02,13,19,23,44,45,49,52,55,80,84,86,90;80;12;TEST;54;486;68;8.009423;53;10.90535;2.895927;1.361565;36;66.666667
OVERALL;14;02,13,19,23,44,45,49,52,55,80,84,86,90;84;4;TEST;54;486;52;6.124853;45;9.259259;3.134406;1.511752;32;59.259259
OVERALL;14;02,13,19,23,44,45,49,52,55,80,84,86,90;86;3;TEST;54;486;60;7.067138;41;8.436214;1.369076;1.193724;31;57.407407
OVERALL;14;02,13,19,23,44,45,49,52,55,80,84,86,90;90;10;TEST;54;486;53;6.242638;25;5.144033;-1.098605;0.824016;22;40.740741
OVERALL;15;10,11,12,19,24,45,51,52,59,61,78,80,87;10;12;DISCOVERY;159;1431;160;6.286837;102;7.127883;0.841046;1.133779;77;48.427673
OVERALL;15;10,11,12,19,24,45,51,52,59,61,78,80,87;11;1;DISCOVERY;159;1431;171;6.719057;119;8.315863;1.596806;1.237653;85;53.459119
OVERALL;15;10,11,12,19,24,45,51,52,59,61,78,80,87;12;6;DISCOVERY;159;1431;173;6.797642;113;7.896576;1.098933;1.161664;86;54.08805
OVERALL;15;10,11,12,19,24,45,51,52,59,61,78,80,87;19;9;DISCOVERY;159;1431;182;7.151277;115;8.036338;0.885061;1.123763;88;55.345912
OVERALL;15;10,11,12,19,24,45,51,52,59,61,78,80,87;24;8;DISCOVERY;159;1431;158;6.208251;102;7.127883;0.919631;1.14813;80;50.314465
OVERALL;15;10,11,12,19,24,45,51,52,59,61,78,80,87;45;10;DISCOVERY;159;1431;179;7.033399;113;7.896576;0.863177;1.122725;83;52.201258
OVERALL;15;10,11,12,19,24,45,51,52,59,61,78,80,87;51;7;DISCOVERY;159;1431;180;7.072692;116;8.106219;1.033528;1.146129;90;56.603774
OVERALL;15;10,11,12,19,24,45,51,52,59,61,78,80,87;52;2;DISCOVERY;159;1431;175;6.876228;120;8.385744;1.509516;1.219527;84;52.830189
OVERALL;15;10,11,12,19,24,45,51,52,59,61,78,80,87;59;5;DISCOVERY;159;1431;146;5.736739;99;6.918239;1.1815;1.205953;79;49.685535
OVERALL;15;10,11,12,19,24,45,51,52,59,61,78,80,87;61;13;DISCOVERY;159;1431;182;7.151277;114;7.966457;0.81518;1.113991;91;57.232704
OVERALL;15;10,11,12,19,24,45,51,52,59,61,78,80,87;78;4;DISCOVERY;159;1431;168;6.601179;113;7.896576;1.295397;1.196237;82;51.572327
OVERALL;15;10,11,12,19,24,45,51,52,59,61,78,80,87;80;11;DISCOVERY;159;1431;172;6.75835;109;7.617051;0.858701;1.127058;82;51.572327
OVERALL;15;10,11,12,19,24,45,51,52,59,61,78,80,87;87;3;DISCOVERY;159;1431;186;7.308448;124;8.665269;1.356821;1.185651;83;52.201258
OVERALL;15;10,11,12,19,24,45,51,52,59,61,78,80,87;10;12;VALIDATION;69;621;57;6.713781;44;7.085346;0.371565;1.055344;37;53.623188
OVERALL;15;10,11,12,19,24,45,51,52,59,61,78,80,87;11;1;VALIDATION;69;621;56;6.595995;36;5.797101;-0.798894;0.878882;29;42.028986
OVERALL;15;10,11,12,19,24,45,51,52,59,61,78,80,87;12;6;VALIDATION;69;621;49;5.771496;36;5.797101;0.025606;1.004437;30;43.478261
OVERALL;15;10,11,12,19,24,45,51,52,59,61,78,80,87;19;9;VALIDATION;69;621;60;7.067138;44;7.085346;0.018208;1.002576;34;49.275362
OVERALL;15;10,11,12,19,24,45,51,52,59,61,78,80,87;24;8;VALIDATION;69;621;50;5.889282;39;6.280193;0.390912;1.066377;31;44.927536
OVERALL;15;10,11,12,19,24,45,51,52,59,61,78,80,87;45;10;VALIDATION;69;621;66;7.773852;41;6.602254;-1.171597;0.84929;33;47.826087
OVERALL;15;10,11,12,19,24,45,51,52,59,61,78,80,87;51;7;VALIDATION;69;621;60;7.067138;40;6.441224;-0.625914;0.911433;31;44.927536
OVERALL;15;10,11,12,19,24,45,51,52,59,61,78,80,87;52;2;VALIDATION;69;621;64;7.53828;41;6.602254;-0.936026;0.87583;29;42.028986
OVERALL;15;10,11,12,19,24,45,51,52,59,61,78,80,87;59;5;VALIDATION;69;621;63;7.420495;41;6.602254;-0.81824;0.889732;29;42.028986
OVERALL;15;10,11,12,19,24,45,51,52,59,61,78,80,87;61;13;VALIDATION;69;621;49;5.771496;38;6.119163;0.347667;1.060239;33;47.826087
OVERALL;15;10,11,12,19,24,45,51,52,59,61,78,80,87;78;4;VALIDATION;69;621;58;6.831567;52;8.373591;1.542024;1.22572;42;60.869565
OVERALL;15;10,11,12,19,24,45,51,52,59,61,78,80,87;80;11;VALIDATION;69;621;69;8.127208;43;6.924316;-1.202893;0.851992;32;46.376812
OVERALL;15;10,11,12,19,24,45,51,52,59,61,78,80,87;87;3;VALIDATION;69;621;58;6.831567;37;5.958132;-0.873435;0.872147;30;43.478261
OVERALL;15;10,11,12,19,24,45,51,52,59,61,78,80,87;10;12;TEST;45;405;58;6.831567;37;9.135802;2.304236;1.337292;25;55.555556
OVERALL;15;10,11,12,19,24,45,51,52,59,61,78,80,87;11;1;TEST;45;405;55;6.47821;23;5.679012;-0.799197;0.876633;21;46.666667
OVERALL;15;10,11,12,19,24,45,51,52,59,61,78,80,87;12;6;TEST;45;405;40;4.711425;16;3.950617;-0.760808;0.838519;14;31.111111
OVERALL;15;10,11,12,19,24,45,51,52,59,61,78,80,87;19;9;TEST;45;405;57;6.713781;37;9.135802;2.422022;1.360754;26;57.777778
OVERALL;15;10,11,12,19,24,45,51,52,59,61,78,80,87;24;8;TEST;45;405;48;5.65371;20;4.938272;-0.715439;0.873457;16;35.555556
OVERALL;15;10,11,12,19,24,45,51,52,59,61,78,80,87;45;10;TEST;45;405;60;7.067138;34;8.395062;1.327924;1.187901;26;57.777778
OVERALL;15;10,11,12,19,24,45,51,52,59,61,78,80,87;51;7;TEST;45;405;55;6.47821;30;7.407407;0.929198;1.143434;25;55.555556
OVERALL;15;10,11,12,19,24,45,51,52,59,61,78,80,87;52;2;TEST;45;405;66;7.773852;29;7.160494;-0.613358;0.9211;22;48.888889
OVERALL;15;10,11,12,19,24,45,51,52,59,61,78,80,87;59;5;TEST;45;405;54;6.360424;25;6.17284;-0.187585;0.970508;22;48.888889
OVERALL;15;10,11,12,19,24,45,51,52,59,61,78,80,87;61;13;TEST;45;405;51;6.007067;22;5.432099;-0.574968;0.904285;17;37.777778
OVERALL;15;10,11,12,19,24,45,51,52,59,61,78,80,87;78;4;TEST;45;405;44;5.182568;16;3.950617;-1.23195;0.76229;14;31.111111
OVERALL;15;10,11,12,19,24,45,51,52,59,61,78,80,87;80;11;TEST;45;405;68;8.009423;40;9.876543;1.86712;1.233115;29;64.444444
OVERALL;15;10,11,12,19,24,45,51,52,59,61,78,80,87;87;3;TEST;45;405;47;5.535925;17;4.197531;-1.338394;0.758235;16;35.555556
OVERALL;16;01,10,14,22,23,31,37,39,41,46,76,79,85;1;4;DISCOVERY;159;1431;195;7.662083;128;8.944794;1.282711;1.16741;97;61.006289
OVERALL;16;01,10,14,22,23,31,37,39,41,46,76,79,85;10;1;DISCOVERY;159;1431;160;6.286837;112;7.826695;1.539858;1.244934;77;48.427673
OVERALL;16;01,10,14,22,23,31,37,39,41,46,76,79,85;14;2;DISCOVERY;159;1431;166;6.522593;113;7.896576;1.373983;1.21065;84;52.830189
OVERALL;16;01,10,14,22,23,31,37,39,41,46,76,79,85;22;7;DISCOVERY;159;1431;165;6.483301;106;7.407407;0.924107;1.142536;81;50.943396
OVERALL;16;01,10,14,22,23,31,37,39,41,46,76,79,85;23;3;DISCOVERY;159;1431;152;5.972495;105;7.337526;1.365031;1.228553;74;46.540881
OVERALL;16;01,10,14,22,23,31,37,39,41,46,76,79,85;31;10;DISCOVERY;159;1431;161;6.32613;100;6.98812;0.661991;1.104644;71;44.654088
OVERALL;16;01,10,14,22,23,31,37,39,41,46,76,79,85;37;6;DISCOVERY;159;1431;163;6.404715;105;7.337526;0.932811;1.145644;81;50.943396
OVERALL;16;01,10,14,22,23,31,37,39,41,46,76,79,85;39;5;DISCOVERY;159;1431;178;6.994106;114;7.966457;0.972351;1.139024;86;54.08805
OVERALL;16;01,10,14,22,23,31,37,39,41,46,76,79,85;41;13;DISCOVERY;159;1431;170;6.679764;104;7.267645;0.587881;1.088009;84;52.830189
OVERALL;16;01,10,14,22,23,31,37,39,41,46,76,79,85;46;8;DISCOVERY;159;1431;154;6.051081;99;6.918239;0.867158;1.143306;82;51.572327
OVERALL;16;01,10,14,22,23,31,37,39,41,46,76,79,85;76;11;DISCOVERY;159;1431;161;6.32613;100;6.98812;0.661991;1.104644;78;49.056604
OVERALL;16;01,10,14,22,23,31,37,39,41,46,76,79,85;79;9;DISCOVERY;159;1431;184;7.229862;114;7.966457;0.736595;1.101882;95;59.748428
OVERALL;16;01,10,14,22,23,31,37,39,41,46,76,79,85;85;12;DISCOVERY;159;1431;198;7.779961;120;8.385744;0.605784;1.077865;93;58.490566
OVERALL;16;01,10,14,22,23,31,37,39,41,46,76,79,85;1;4;VALIDATION;65;585;51;6.007067;33;5.641026;-0.366041;0.939065;25;38.461538
OVERALL;16;01,10,14,22,23,31,37,39,41,46,76,79,85;10;1;VALIDATION;65;585;57;6.713781;36;6.153846;-0.559935;0.916599;30;46.153846
OVERALL;16;01,10,14,22,23,31,37,39,41,46,76,79,85;14;2;VALIDATION;65;585;52;6.124853;46;7.863248;1.738395;1.283826;37;56.923077
OVERALL;16;01,10,14,22,23,31,37,39,41,46,76,79,85;22;7;VALIDATION;65;585;56;6.595995;38;6.495726;-0.100269;0.984799;31;47.692308
OVERALL;16;01,10,14,22,23,31,37,39,41,46,76,79,85;23;3;VALIDATION;65;585;45;5.300353;29;4.957265;-0.343088;0.935271;17;26.153846
OVERALL;16;01,10,14,22,23,31,37,39,41,46,76,79,85;31;10;VALIDATION;65;585;51;6.007067;29;4.957265;-1.049802;0.825239;26;40.0
OVERALL;16;01,10,14,22,23,31,37,39,41,46,76,79,85;37;6;VALIDATION;65;585;71;8.36278;47;8.034188;-0.328592;0.960708;36;55.384615
OVERALL;16;01,10,14,22,23,31,37,39,41,46,76,79,85;39;5;VALIDATION;65;585;57;6.713781;38;6.495726;-0.218054;0.967521;32;49.230769
OVERALL;16;01,10,14,22,23,31,37,39,41,46,76,79,85;41;13;VALIDATION;65;585;52;6.124853;28;4.786325;-1.338528;0.78146;22;33.846154
OVERALL;16;01,10,14,22,23,31,37,39,41,46,76,79,85;46;8;VALIDATION;65;585;55;6.47821;39;6.666667;0.188457;1.029091;29;44.615385
OVERALL;16;01,10,14,22,23,31,37,39,41,46,76,79,85;76;11;VALIDATION;65;585;65;7.656066;46;7.863248;0.207182;1.027061;32;49.230769
OVERALL;16;01,10,14,22,23,31,37,39,41,46,76,79,85;79;9;VALIDATION;65;585;67;7.891637;47;8.034188;0.142551;1.018064;38;58.461538
OVERALL;16;01,10,14,22,23,31,37,39,41,46,76,79,85;85;12;VALIDATION;65;585;63;7.420495;41;7.008547;-0.411948;0.944485;35;53.846154
OVERALL;16;01,10,14,22,23,31,37,39,41,46,76,79,85;1;4;TEST;50;450;54;6.360424;30;6.666667;0.306243;1.048148;25;50.0
OVERALL;16;01,10,14,22,23,31,37,39,41,46,76,79,85;10;1;TEST;50;450;58;6.831567;26;5.777778;-1.053789;0.845747;22;44.0
OVERALL;16;01,10,14,22,23,31,37,39,41,46,76,79,85;14;2;TEST;50;450;55;6.47821;41;9.111111;2.632901;1.406424;30;60.0
OVERALL;16;01,10,14,22,23,31,37,39,41,46,76,79,85;22;7;TEST;50;450;59;6.949352;24;5.333333;-1.616019;0.767458;22;44.0
OVERALL;16;01,10,14,22,23,31,37,39,41,46,76,79,85;23;3;TEST;50;450;68;8.009423;35;7.777778;-0.231645;0.971078;23;46.0
OVERALL;16;01,10,14,22,23,31,37,39,41,46,76,79,85;31;10;TEST;50;450;59;6.949352;32;7.111111;0.161759;1.023277;25;50.0
OVERALL;16;01,10,14,22,23,31,37,39,41,46,76,79,85;37;6;TEST;50;450;49;5.771496;29;6.444444;0.672949;1.116599;19;38.0
OVERALL;16;01,10,14,22,23,31,37,39,41,46,76,79,85;39;5;TEST;50;450;61;7.184923;38;8.444444;1.259521;1.175301;27;54.0
OVERALL;16;01,10,14,22,23,31,37,39,41,46,76,79,85;41;13;TEST;50;450;69;8.127208;26;5.777778;-2.349431;0.710918;24;48.0
OVERALL;16;01,10,14,22,23,31,37,39,41,46,76,79,85;46;8;TEST;50;450;58;6.831567;27;6.0;-0.831567;0.878276;26;52.0
OVERALL;16;01,10,14,22,23,31,37,39,41,46,76,79,85;76;11;TEST;50;450;49;5.771496;27;6.0;0.228504;1.039592;25;50.0
OVERALL;16;01,10,14,22,23,31,37,39,41,46,76,79,85;79;9;TEST;50;450;62;7.302709;38;8.444444;1.141735;1.156344;29;58.0
OVERALL;16;01,10,14,22,23,31,37,39,41,46,76,79,85;85;12;TEST;50;450;65;7.656066;26;5.777778;-1.878288;0.754667;22;44.0
OVERALL;17;07,08,12,26,29,30,32,40,50,51,66,69,86;7;4;DISCOVERY;177;1593;149;5.854617;111;6.967985;1.113368;1.190169;77;43.502825
OVERALL;17;07,08,12,26,29,30,32,40,50,51,66,69,86;8;1;DISCOVERY;177;1593;179;7.033399;133;8.349027;1.315628;1.187054;101;57.062147
OVERALL;17;07,08,12,26,29,30,32,40,50,51,66,69,86;12;7;DISCOVERY;177;1593;173;6.797642;122;7.658506;0.860864;1.126641;94;53.107345
OVERALL;17;07,08,12,26,29,30,32,40,50,51,66,69,86;26;6;DISCOVERY;177;1593;172;6.75835;122;7.658506;0.900156;1.133192;93;52.542373
OVERALL;17;07,08,12,26,29,30,32,40,50,51,66,69,86;29;5;DISCOVERY;177;1593;157;6.168959;113;7.093534;0.924575;1.149875;83;46.892655
OVERALL;17;07,08,12,26,29,30,32,40,50,51,66,69,86;30;9;DISCOVERY;177;1593;163;6.404715;115;7.219083;0.814368;1.127151;81;45.762712
OVERALL;17;07,08,12,26,29,30,32,40,50,51,66,69,86;32;10;DISCOVERY;177;1593;177;6.954813;123;7.721281;0.766467;1.110207;87;49.152542
OVERALL;17;07,08,12,26,29,30,32,40,50,51,66,69,86;40;3;DISCOVERY;177;1593;166;6.522593;122;7.658506;1.135913;1.17415;97;54.80226
OVERALL;17;07,08,12,26,29,30,32,40,50,51,66,69,86;50;2;DISCOVERY;177;1593;150;5.89391;113;7.093534;1.199625;1.203536;82;46.327684
OVERALL;17;07,08,12,26,29,30,32,40,50,51,66,69,86;51;11;DISCOVERY;177;1593;180;7.072692;124;7.784055;0.711364;1.100579;93;52.542373
OVERALL;17;07,08,12,26,29,30,32,40,50,51,66,69,86;66;8;DISCOVERY;177;1593;173;6.797642;122;7.658506;0.860864;1.126641;91;51.412429
OVERALL;17;07,08,12,26,29,30,32,40,50,51,66,69,86;69;12;DISCOVERY;177;1593;162;6.365422;112;7.03076;0.665337;1.104524;88;49.717514
OVERALL;17;07,08,12,26,29,30,32,40,50,51,66,69,86;86;13;DISCOVERY;177;1593;188;7.387033;128;8.035154;0.64812;1.087738;99;55.932203
OVERALL;17;07,08,12,26,29,30,32,40,50,51,66,69,86;7;4;VALIDATION;57;513;60;7.067138;38;7.407407;0.34027;1.048148;26;45.614035
OVERALL;17;07,08,12,26,29,30,32,40,50,51,66,69,86;8;1;VALIDATION;57;513;46;5.418139;27;5.263158;-0.154981;0.971396;19;33.333333
OVERALL;17;07,08,12,26,29,30,32,40,50,51,66,69,86;12;7;VALIDATION;57;513;49;5.771496;28;5.45809;-0.313406;0.945698;25;43.859649
OVERALL;17;07,08,12,26,29,30,32,40,50,51,66,69,86;26;6;VALIDATION;57;513;46;5.418139;25;4.873294;-0.544845;0.899441;21;36.842105
OVERALL;17;07,08,12,26,29,30,32,40,50,51,66,69,86;29;5;VALIDATION;57;513;55;6.47821;31;6.042885;-0.435325;0.932802;22;38.596491
OVERALL;17;07,08,12,26,29,30,32,40,50,51,66,69,86;30;9;VALIDATION;57;513;49;5.771496;25;4.873294;-0.898202;0.844373;23;40.350877
OVERALL;17;07,08,12,26,29,30,32,40,50,51,66,69,86;32;10;VALIDATION;57;513;54;6.360424;25;4.873294;-1.48713;0.76619;20;35.087719
OVERALL;17;07,08,12,26,29,30,32,40,50,51,66,69,86;40;3;VALIDATION;57;513;61;7.184923;36;7.017544;-0.16738;0.976704;29;50.877193
OVERALL;17;07,08,12,26,29,30,32,40,50,51,66,69,86;50;2;VALIDATION;57;513;48;5.65371;29;5.653021;-0.000689;0.999878;25;43.859649
OVERALL;17;07,08,12,26,29,30,32,40,50,51,66,69,86;51;11;VALIDATION;57;513;60;7.067138;32;6.237817;-0.829321;0.882651;24;42.105263
OVERALL;17;07,08,12,26,29,30,32,40,50,51,66,69,86;66;8;VALIDATION;57;513;67;7.891637;42;8.187135;0.295497;1.037444;32;56.140351
OVERALL;17;07,08,12,26,29,30,32,40,50,51,66,69,86;69;12;VALIDATION;57;513;54;6.360424;40;7.797271;1.436847;1.225904;31;54.385965
OVERALL;17;07,08,12,26,29,30,32,40,50,51,66,69,86;86;13;VALIDATION;57;513;65;7.656066;46;8.966862;1.310796;1.17121;38;66.666667
OVERALL;17;07,08,12,26,29,30,32,40,50,51,66,69,86;7;4;TEST;54;486;57;6.713781;45;9.259259;2.545478;1.379142;29;53.703704
OVERALL;17;07,08,12,26,29,30,32,40,50,51,66,69,86;8;1;TEST;54;486;59;6.949352;37;7.613169;0.663817;1.095522;29;53.703704
OVERALL;17;07,08,12,26,29,30,32,40,50,51,66,69,86;12;7;TEST;54;486;40;4.711425;29;5.967078;1.255653;1.266512;24;44.444444
OVERALL;17;07,08,12,26,29,30,32,40,50,51,66,69,86;26;6;TEST;54;486;47;5.535925;21;4.320988;-1.214937;0.780536;20;37.037037
OVERALL;17;07,08,12,26,29,30,32,40,50,51,66,69,86;29;5;TEST;54;486;52;6.124853;39;8.024691;1.899839;1.310185;29;53.703704
OVERALL;17;07,08,12,26,29,30,32,40,50,51,66,69,86;30;9;TEST;54;486;57;6.713781;27;5.555556;-1.158225;0.827485;18;33.333333
OVERALL;17;07,08,12,26,29,30,32,40,50,51,66,69,86;32;10;TEST;54;486;56;6.595995;27;5.555556;-1.04044;0.842262;22;40.740741
OVERALL;17;07,08,12,26,29,30,32,40,50,51,66,69,86;40;3;TEST;54;486;65;7.656066;50;10.288066;2.632;1.34378;38;70.37037
OVERALL;17;07,08,12,26,29,30,32,40,50,51,66,69,86;50;2;TEST;54;486;42;4.946996;19;3.909465;-1.037531;0.79027;18;33.333333
OVERALL;17;07,08,12,26,29,30,32,40,50,51,66,69,86;51;11;TEST;54;486;55;6.47821;27;5.555556;-0.922654;0.857576;24;44.444444
OVERALL;17;07,08,12,26,29,30,32,40,50,51,66,69,86;66;8;TEST;54;486;57;6.713781;33;6.790123;0.076343;1.011371;24;44.444444
OVERALL;17;07,08,12,26,29,30,32,40,50,51,66,69,86;69;12;TEST;54;486;58;6.831567;41;8.436214;1.604647;1.234887;31;57.407407
OVERALL;17;07,08,12,26,29,30,32,40,50,51,66,69,86;86;13;TEST;54;486;60;7.067138;33;6.790123;-0.277014;0.960802;28;51.851852
OVERALL;18;08,09,17,22,26,41,42,50,53,61,80,85,88;8;1;DISCOVERY;150;1350;179;7.033399;124;9.185185;2.151786;1.305938;87;58.0
OVERALL;18;08,09,17,22,26,41,42,50,53,61,80,85,88;9;3;DISCOVERY;150;1350;145;5.697446;94;6.962963;1.265517;1.22212;67;44.666667
OVERALL;18;08,09,17,22,26,41,42,50,53,61,80,85,88;17;7;DISCOVERY;150;1350;177;6.954813;107;7.925926;0.971113;1.139632;83;55.333333
OVERALL;18;08,09,17,22,26,41,42,50,53,61,80,85,88;22;9;DISCOVERY;150;1350;165;6.483301;100;7.407407;0.924107;1.142536;80;53.333333
OVERALL;18;08,09,17,22,26,41,42,50,53,61,80,85,88;26;4;DISCOVERY;150;1350;172;6.75835;107;7.925926;1.167576;1.172761;81;54.0
OVERALL;18;08,09,17,22,26,41,42,50,53,61,80,85,88;41;6;DISCOVERY;150;1350;170;6.679764;104;7.703704;1.023939;1.15329;87;58.0
OVERALL;18;08,09,17,22,26,41,42,50,53,61,80,85,88;42;5;DISCOVERY;150;1350;163;6.404715;102;7.555556;1.15084;1.179686;72;48.0
OVERALL;18;08,09,17,22,26,41,42,50,53,61,80,85,88;50;2;DISCOVERY;150;1350;150;5.89391;99;7.333333;1.439424;1.244222;65;43.333333
OVERALL;18;08,09,17,22,26,41,42,50,53,61,80,85,88;53;12;DISCOVERY;150;1350;157;6.168959;95;7.037037;0.868078;1.140717;63;42.0
OVERALL;18;08,09,17,22,26,41,42,50,53,61,80,85,88;61;13;DISCOVERY;150;1350;182;7.151277;107;7.925926;0.774649;1.108323;79;52.666667
OVERALL;18;08,09,17,22,26,41,42,50,53,61,80,85,88;80;11;DISCOVERY;150;1350;172;6.75835;103;7.62963;0.87128;1.128919;78;52.0
OVERALL;18;08,09,17,22,26,41,42,50,53,61,80,85,88;85;10;DISCOVERY;150;1350;198;7.779961;117;8.666667;0.886706;1.113973;89;59.333333
OVERALL;18;08,09,17,22,26,41,42,50,53,61,80,85,88;88;8;DISCOVERY;150;1350;191;7.504912;114;8.444444;0.939533;1.125189;92;61.333333
OVERALL;18;08,09,17,22,26,41,42,50,53,61,80,85,88;8;1;VALIDATION;44;396;46;5.418139;22;5.555556;0.137417;1.025362;18;40.909091
OVERALL;18;08,09,17,22,26,41,42,50,53,61,80,85,88;9;3;VALIDATION;44;396;65;7.656066;39;9.848485;2.192419;1.286364;25;56.818182
OVERALL;18;08,09,17,22,26,41,42,50,53,61,80,85,88;17;7;VALIDATION;44;396;57;6.713781;24;6.060606;-0.653175;0.902711;17;38.636364
OVERALL;18;08,09,17,22,26,41,42,50,53,61,80,85,88;22;9;VALIDATION;44;396;56;6.595995;30;7.575758;0.979762;1.148539;23;52.272727
OVERALL;18;08,09,17,22,26,41,42,50,53,61,80,85,88;26;4;VALIDATION;44;396;46;5.418139;31;7.828283;2.410144;1.444829;24;54.545455
OVERALL;18;08,09,17,22,26,41,42,50,53,61,80,85,88;41;6;VALIDATION;44;396;52;6.124853;22;5.555556;-0.569297;0.907051;19;43.181818
OVERALL;18;08,09,17,22,26,41,42,50,53,61,80,85,88;42;5;VALIDATION;44;396;52;6.124853;21;5.30303;-0.821822;0.865822;17;38.636364
OVERALL;18;08,09,17,22,26,41,42,50,53,61,80,85,88;50;2;VALIDATION;44;396;48;5.65371;26;6.565657;0.911946;1.161301;18;40.909091
OVERALL;18;08,09,17,22,26,41,42,50,53,61,80,85,88;53;12;VALIDATION;44;396;44;5.182568;15;3.787879;-1.394689;0.730888;14;31.818182
OVERALL;18;08,09,17,22,26,41,42,50,53,61,80,85,88;61;13;VALIDATION;44;396;49;5.771496;22;5.555556;-0.21594;0.962585;17;38.636364
OVERALL;18;08,09,17,22,26,41,42,50,53,61,80,85,88;80;11;VALIDATION;44;396;69;8.127208;39;9.848485;1.721276;1.211792;26;59.090909
OVERALL;18;08,09,17,22,26,41,42,50,53,61,80,85,88;85;10;VALIDATION;44;396;63;7.420495;31;7.828283;0.407788;1.054954;23;52.272727
OVERALL;18;08,09,17,22,26,41,42,50,53,61,80,85,88;88;8;VALIDATION;44;396;52;6.124853;18;4.545455;-1.579398;0.742133;12;27.272727
OVERALL;18;08,09,17,22,26,41,42,50,53,61,80,85,88;8;1;TEST;59;531;59;6.949352;39;7.344633;0.395281;1.05688;30;50.847458
OVERALL;18;08,09,17,22,26,41,42,50,53,61,80,85,88;9;3;TEST;59;531;59;6.949352;34;6.403013;-0.546339;0.921383;27;45.762712
OVERALL;18;08,09,17,22,26,41,42,50,53,61,80,85,88;17;7;TEST;59;531;54;6.360424;41;7.721281;1.360857;1.213957;30;50.847458
OVERALL;18;08,09,17,22,26,41,42,50,53,61,80,85,88;22;9;TEST;59;531;59;6.949352;32;6.026365;-0.922987;0.867184;28;47.457627
OVERALL;18;08,09,17,22,26,41,42,50,53,61,80,85,88;26;4;TEST;59;531;47;5.535925;35;6.591337;1.055412;1.190648;23;38.983051
OVERALL;18;08,09,17,22,26,41,42,50,53,61,80,85,88;41;6;TEST;59;531;69;8.127208;34;6.403013;-1.724195;0.787849;26;44.067797
OVERALL;18;08,09,17,22,26,41,42,50,53,61,80,85,88;42;5;TEST;59;531;72;8.480565;45;8.474576;-0.005989;0.999294;35;59.322034
OVERALL;18;08,09,17,22,26,41,42,50,53,61,80,85,88;50;2;TEST;59;531;42;4.946996;29;5.461394;0.514397;1.103982;27;45.762712
OVERALL;18;08,09,17,22,26,41,42,50,53,61,80,85,88;53;12;TEST;59;531;53;6.242638;34;6.403013;0.160375;1.02569;26;44.067797
OVERALL;18;08,09,17,22,26,41,42,50,53,61,80,85,88;61;13;TEST;59;531;51;6.007067;36;6.779661;0.772594;1.128614;27;45.762712
OVERALL;18;08,09,17,22,26,41,42,50,53,61,80,85,88;80;11;TEST;59;531;68;8.009423;37;6.967985;-1.041438;0.869973;29;49.152542
OVERALL;18;08,09,17,22,26,41,42,50,53,61,80,85,88;85;10;TEST;59;531;65;7.656066;41;7.721281;0.065215;1.008518;30;50.847458
OVERALL;18;08,09,17,22,26,41,42,50,53,61,80,85,88;88;8;TEST;59;531;55;6.47821;34;6.403013;-0.075196;0.988392;24;40.677966
OVERALL;19;01,15,16,17,31,38,39,41,48,53,66,67,75;1;10;DISCOVERY;182;1638;195;7.662083;138;8.424908;0.762826;1.099559;104;57.142857
OVERALL;19;01,15,16,17,31,38,39,41,48,53,66,67,75;15;2;DISCOVERY;182;1638;159;6.247544;118;7.203907;0.956363;1.153078;94;51.648352
OVERALL;19;01,15,16,17,31,38,39,41,48,53,66,67,75;16;8;DISCOVERY;182;1638;160;6.286837;117;7.142857;0.85602;1.136161;91;50.0
OVERALL;19;01,15,16,17,31,38,39,41,48,53,66,67,75;17;11;DISCOVERY;182;1638;177;6.954813;126;7.692308;0.737494;1.106041;93;51.098901
OVERALL;19;01,15,16,17,31,38,39,41,48,53,66,67,75;31;9;DISCOVERY;182;1638;161;6.32613;117;7.142857;0.816727;1.129104;92;50.549451
OVERALL;19;01,15,16,17,31,38,39,41,48,53,66,67,75;38;12;DISCOVERY;182;1638;176;6.915521;125;7.631258;0.715737;1.103497;88;48.351648
OVERALL;19;01,15,16,17,31,38,39,41,48,53,66,67,75;39;4;DISCOVERY;182;1638;178;6.994106;130;7.936508;0.942402;1.134742;97;53.296703
OVERALL;19;01,15,16,17,31,38,39,41,48,53,66,67,75;41;13;DISCOVERY;182;1638;170;6.679764;120;7.326007;0.646243;1.096746;94;51.648352
OVERALL;19;01,15,16,17,31,38,39,41,48,53,66,67,75;48;7;DISCOVERY;182;1638;169;6.640472;123;7.509158;0.868686;1.130817;92;50.549451
OVERALL;19;01,15,16,17,31,38,39,41,48,53,66,67,75;53;5;DISCOVERY;182;1638;157;6.168959;116;7.081807;0.912848;1.147974;82;45.054945
OVERALL;19;01,15,16,17,31,38,39,41,48,53,66,67,75;66;3;DISCOVERY;182;1638;173;6.797642;127;7.753358;0.955715;1.140595;95;52.197802
OVERALL;19;01,15,16,17,31,38,39,41,48,53,66,67,75;67;1;DISCOVERY;182;1638;164;6.444008;129;7.875458;1.43145;1.222137;92;50.549451
OVERALL;19;01,15,16,17,31,38,39,41,48,53,66,67,75;75;6;DISCOVERY;182;1638;181;7.111984;131;7.997558;0.885574;1.124519;99;54.395604
OVERALL;19;01,15,16,17,31,38,39,41,48,53,66,67,75;1;10;VALIDATION;60;540;51;6.007067;29;5.37037;-0.636697;0.894009;24;40.0
OVERALL;19;01,15,16,17,31,38,39,41,48,53,66,67,75;15;2;VALIDATION;60;540;73;8.598351;35;6.481481;-2.11687;0.753805;28;46.666667
OVERALL;19;01,15,16,17,31,38,39,41,48,53,66,67,75;16;8;VALIDATION;60;540;67;7.891637;31;5.740741;-2.150896;0.727446;24;40.0
OVERALL;19;01,15,16,17,31,38,39,41,48,53,66,67,75;17;11;VALIDATION;60;540;57;6.713781;42;7.777778;1.063997;1.15848;29;48.333333
OVERALL;19;01,15,16,17,31,38,39,41,48,53,66,67,75;31;9;VALIDATION;60;540;51;6.007067;31;5.740741;-0.266326;0.955664;27;45.0
OVERALL;19;01,15,16,17,31,38,39,41,48,53,66,67,75;38;12;VALIDATION;60;540;61;7.184923;39;7.222222;0.037299;1.005191;31;51.666667
OVERALL;19;01,15,16,17,31,38,39,41,48,53,66,67,75;39;4;VALIDATION;60;540;57;6.713781;40;7.407407;0.693626;1.103314;32;53.333333
OVERALL;19;01,15,16,17,31,38,39,41,48,53,66,67,75;41;13;VALIDATION;60;540;52;6.124853;41;7.592593;1.46774;1.239637;32;53.333333
OVERALL;19;01,15,16,17,31,38,39,41,48,53,66,67,75;48;7;VALIDATION;60;540;65;7.656066;43;7.962963;0.306897;1.040085;32;53.333333
OVERALL;19;01,15,16,17,31,38,39,41,48,53,66,67,75;53;5;VALIDATION;60;540;44;5.182568;31;5.740741;0.558173;1.107702;24;40.0
OVERALL;19;01,15,16,17,31,38,39,41,48,53,66,67,75;66;3;VALIDATION;60;540;67;7.891637;49;9.074074;1.182437;1.149834;37;61.666667
OVERALL;19;01,15,16,17,31,38,39,41,48,53,66,67,75;67;1;VALIDATION;60;540;53;6.242638;35;6.481481;0.238843;1.03826;30;50.0
OVERALL;19;01,15,16,17,31,38,39,41,48,53,66,67,75;75;6;VALIDATION;60;540;61;7.184923;34;6.296296;-0.888627;0.876321;28;46.666667
OVERALL;19;01,15,16,17,31,38,39,41,48,53,66,67,75;1;10;TEST;56;504;54;6.360424;35;6.944444;0.58402;1.091821;29;51.785714
OVERALL;19;01,15,16,17,31,38,39,41,48,53,66,67,75;15;2;TEST;56;504;46;5.418139;33;6.547619;1.12948;1.208463;26;46.428571
OVERALL;19;01,15,16,17,31,38,39,41,48,53,66,67,75;16;8;TEST;56;504;50;5.889282;27;5.357143;-0.532139;0.909643;26;46.428571
OVERALL;19;01,15,16,17,31,38,39,41,48,53,66,67,75;17;11;TEST;56;504;54;6.360424;29;5.753968;-0.606456;0.904652;21;37.5
OVERALL;19;01,15,16,17,31,38,39,41,48,53,66,67,75;31;9;TEST;56;504;59;6.949352;38;7.539683;0.59033;1.084948;30;53.571429
OVERALL;19;01,15,16,17,31,38,39,41,48,53,66,67,75;38;12;TEST;56;504;51;6.007067;32;6.349206;0.342139;1.056956;26;46.428571
OVERALL;19;01,15,16,17,31,38,39,41,48,53,66,67,75;39;4;TEST;56;504;61;7.184923;39;7.738095;0.553172;1.076991;31;55.357143
OVERALL;19;01,15,16,17,31,38,39,41,48,53,66,67,75;41;13;TEST;56;504;69;8.127208;36;7.142857;-0.984351;0.878882;29;51.785714
OVERALL;19;01,15,16,17,31,38,39,41,48,53,66,67,75;48;7;TEST;56;504;50;5.889282;26;5.15873;-0.730551;0.875952;18;32.142857
OVERALL;19;01,15,16,17,31,38,39,41,48,53,66,67,75;53;5;TEST;56;504;53;6.242638;26;5.15873;-1.083908;0.82637;22;39.285714
OVERALL;19;01,15,16,17,31,38,39,41,48,53,66,67,75;66;3;TEST;56;504;57;6.713781;36;7.142857;0.429076;1.06391;31;55.357143
OVERALL;19;01,15,16,17,31,38,39,41,48,53,66,67,75;67;1;TEST;56;504;46;5.418139;26;5.15873;-0.259409;0.952122;23;41.071429
OVERALL;19;01,15,16,17,31,38,39,41,48,53,66,67,75;75;6;TEST;56;504;51;6.007067;30;5.952381;-0.054686;0.990896;22;39.285714
OVERALL;20;03,15,17,26,33,42,44,48,57,70,71,78,82;3;7;DISCOVERY;165;1485;168;6.601179;113;7.609428;1.008249;1.152738;81;49.090909
OVERALL;20;03,15,17,26,33,42,44,48,57,70,71,78,82;15;1;DISCOVERY;165;1485;159;6.247544;116;7.811448;1.563904;1.250323;82;49.69697
OVERALL;20;03,15,17,26,33,42,44,48,57,70,71,78,82;17;8;DISCOVERY;165;1485;177;6.954813;118;7.946128;0.991315;1.142536;82;49.69697
OVERALL;20;03,15,17,26,33,42,44,48,57,70,71,78,82;26;9;DISCOVERY;165;1485;172;6.75835;114;7.676768;0.918418;1.135894;85;51.515152
OVERALL;20;03,15,17,26,33,42,44,48,57,70,71,78,82;33;10;DISCOVERY;165;1485;172;6.75835;113;7.609428;0.851078;1.12593;84;50.909091
OVERALL;20;03,15,17,26,33,42,44,48,57,70,71,78,82;42;13;DISCOVERY;165;1485;163;6.404715;106;7.138047;0.733332;1.114499;76;46.060606
OVERALL;20;03,15,17,26,33,42,44,48,57,70,71,78,82;44;12;DISCOVERY;165;1485;156;6.129666;102;6.868687;0.739021;1.120565;79;47.878788
OVERALL;20;03,15,17,26,33,42,44,48,57,70,71,78,82;48;6;DISCOVERY;165;1485;169;6.640472;115;7.744108;1.103636;1.166198;90;54.545455
OVERALL;20;03,15,17,26,33,42,44,48,57,70,71,78,82;57;5;DISCOVERY;165;1485;170;6.679764;116;7.811448;1.131684;1.16942;86;52.121212
OVERALL;20;03,15,17,26,33,42,44,48,57,70,71,78,82;70;2;DISCOVERY;165;1485;175;6.876228;124;8.350168;1.47394;1.214353;92;55.757576
OVERALL;20;03,15,17,26,33,42,44,48,57,70,71,78,82;71;3;DISCOVERY;165;1485;174;6.836935;122;8.215488;1.378553;1.201633;88;53.333333
OVERALL;20;03,15,17,26,33,42,44,48,57,70,71,78,82;78;4;DISCOVERY;165;1485;168;6.601179;117;7.878788;1.277609;1.193543;84;50.909091
OVERALL;20;03,15,17,26,33,42,44,48,57,70,71,78,82;82;11;DISCOVERY;165;1485;188;7.387033;122;8.215488;0.828455;1.11215;89;53.939394
OVERALL;20;03,15,17,26,33,42,44,48,57,70,71,78,82;3;7;VALIDATION;52;468;50;5.889282;24;5.128205;-0.761076;0.870769;21;40.384615
OVERALL;20;03,15,17,26,33,42,44,48,57,70,71,78,82;15;1;VALIDATION;52;468;73;8.598351;59;12.606838;4.008487;1.466192;39;75.0
OVERALL;20;03,15,17,26,33,42,44,48,57,70,71,78,82;17;8;VALIDATION;52;468;57;6.713781;31;6.623932;-0.089849;0.986617;24;46.153846
OVERALL;20;03,15,17,26,33,42,44,48,57,70,71,78,82;26;9;VALIDATION;52;468;46;5.418139;22;4.700855;-0.717284;0.867614;19;36.538462
OVERALL;20;03,15,17,26,33,42,44,48,57,70,71,78,82;33;10;VALIDATION;52;468;57;6.713781;37;7.905983;1.192202;1.177575;22;42.307692
OVERALL;20;03,15,17,26,33,42,44,48,57,70,71,78,82;42;13;VALIDATION;52;468;52;6.124853;34;7.264957;1.140104;1.186144;26;50.0
OVERALL;20;03,15,17,26,33,42,44,48,57,70,71,78,82;44;12;VALIDATION;52;468;54;6.360424;31;6.623932;0.263508;1.041429;20;38.461538
OVERALL;20;03,15,17,26,33,42,44,48,57,70,71,78,82;48;6;VALIDATION;52;468;65;7.656066;26;5.555556;-2.10051;0.725641;21;40.384615
OVERALL;20;03,15,17,26,33,42,44,48,57,70,71,78,82;57;5;VALIDATION;52;468;52;6.124853;30;6.410256;0.285404;1.046598;25;48.076923
OVERALL;20;03,15,17,26,33,42,44,48,57,70,71,78,82;70;2;VALIDATION;52;468;43;5.064782;20;4.273504;-0.791278;0.843769;16;30.769231
OVERALL;20;03,15,17,26,33,42,44,48,57,70,71,78,82;71;3;VALIDATION;52;468;48;5.65371;27;5.769231;0.115521;1.020433;23;44.230769
OVERALL;20;03,15,17,26,33,42,44,48,57,70,71,78,82;78;4;VALIDATION;52;468;58;6.831567;27;5.769231;-1.062336;0.844496;20;38.461538
OVERALL;20;03,15,17,26,33,42,44,48,57,70,71,78,82;82;11;VALIDATION;52;468;60;7.067138;40;8.547009;1.479871;1.209402;29;55.769231
OVERALL;20;03,15,17,26,33,42,44,48,57,70,71,78,82;3;7;TEST;61;549;54;6.360424;26;4.735883;-1.624541;0.744586;23;37.704918
OVERALL;20;03,15,17,26,33,42,44,48,57,70,71,78,82;15;1;TEST;61;549;46;5.418139;33;6.010929;0.59279;1.109408;27;44.262295
OVERALL;20;03,15,17,26,33,42,44,48,57,70,71,78,82;17;8;TEST;61;549;54;6.360424;35;6.375228;0.014804;1.002327;28;45.901639
OVERALL;20;03,15,17,26,33,42,44,48,57,70,71,78,82;26;9;TEST;61;549;47;5.535925;32;5.82878;0.292855;1.052901;23;37.704918
OVERALL;20;03,15,17,26,33,42,44,48,57,70,71,78,82;33;10;TEST;61;549;55;6.47821;32;5.82878;-0.64943;0.899752;25;40.983607
OVERALL;20;03,15,17,26,33,42,44,48,57,70,71,78,82;42;13;TEST;61;549;72;8.480565;47;8.56102;0.080455;1.009487;35;57.377049
OVERALL;20;03,15,17,26,33,42,44,48,57,70,71,78,82;44;12;TEST;61;549;53;6.242638;33;6.010929;-0.231709;0.962883;26;42.622951
OVERALL;20;03,15,17,26,33,42,44,48,57,70,71,78,82;48;6;TEST;61;549;50;5.889282;37;6.739526;0.850245;1.144372;33;54.098361
OVERALL;20;03,15,17,26,33,42,44,48,57,70,71,78,82;57;5;TEST;61;549;51;6.007067;26;4.735883;-1.271184;0.788385;19;31.147541
OVERALL;20;03,15,17,26,33,42,44,48,57,70,71,78,82;70;2;TEST;61;549;40;4.711425;21;3.825137;-0.886289;0.811885;20;32.786885
OVERALL;20;03,15,17,26,33,42,44,48,57,70,71,78,82;71;3;TEST;61;549;63;7.420495;46;8.378871;0.958376;1.129153;37;60.655738
OVERALL;20;03,15,17,26,33,42,44,48,57,70,71,78,82;78;4;TEST;61;549;44;5.182568;26;4.735883;-0.446684;0.91381;22;36.065574
OVERALL;20;03,15,17,26,33,42,44,48,57,70,71,78,82;82;11;TEST;61;549;54;6.360424;36;6.557377;0.196953;1.030965;31;50.819672
OVERALL;21;02,03,06,15,20,24,52,55,61,62,69,79,87;2;6;DISCOVERY;165;1485;156;6.129666;108;7.272727;1.143061;1.18648;79;47.878788
OVERALL;21;02,03,06,15,20,24,52,55,61,62,69,79,87;3;4;DISCOVERY;165;1485;168;6.601179;117;7.878788;1.277609;1.193543;86;52.121212
OVERALL;21;02,03,06,15,20,24,52,55,61,62,69,79,87;6;9;DISCOVERY;165;1485;182;7.151277;119;8.013468;0.862191;1.120565;91;55.151515
OVERALL;21;02,03,06,15,20,24,52,55,61,62,69,79,87;15;12;DISCOVERY;165;1485;159;6.247544;104;7.003367;0.755823;1.120979;73;44.242424
OVERALL;21;02,03,06,15,20,24,52,55,61,62,69,79,87;20;3;DISCOVERY;165;1485;165;6.483301;116;7.811448;1.328147;1.204857;91;55.151515
OVERALL;21;02,03,06,15,20,24,52,55,61,62,69,79,87;24;8;DISCOVERY;165;1485;158;6.208251;107;7.205387;0.997136;1.160615;77;46.666667
OVERALL;21;02,03,06,15,20,24,52,55,61,62,69,79,87;52;10;DISCOVERY;165;1485;175;6.876228;114;7.676768;0.80054;1.116421;83;50.30303
OVERALL;21;02,03,06,15,20,24,52,55,61,62,69,79,87;55;7;DISCOVERY;165;1485;191;7.504912;127;8.552189;1.047277;1.139546;95;57.575758
OVERALL;21;02,03,06,15,20,24,52,55,61,62,69,79,87;61;2;DISCOVERY;165;1485;182;7.151277;126;8.484848;1.333571;1.18648;92;55.757576
OVERALL;21;02,03,06,15,20,24,52,55,61,62,69,79,87;62;13;DISCOVERY;165;1485;187;7.347741;120;8.080808;0.733067;1.099768;89;53.939394
OVERALL;21;02,03,06,15,20,24,52,55,61,62,69,79,87;69;11;DISCOVERY;165;1485;162;6.365422;106;7.138047;0.772625;1.121378;79;47.878788
OVERALL;21;02,03,06,15,20,24,52,55,61,62,69,79,87;79;1;DISCOVERY;165;1485;184;7.229862;128;8.619529;1.389666;1.192212;94;56.969697
OVERALL;21;02,03,06,15,20,24,52,55,61,62,69,79,87;87;5;DISCOVERY;165;1485;186;7.308448;127;8.552189;1.243741;1.170178;93;56.363636
OVERALL;21;02,03,06,15,20,24,52,55,61,62,69,79,87;2;6;VALIDATION;63;567;48;5.65371;34;5.996473;0.342762;1.060626;29;46.031746
OVERALL;21;02,03,06,15,20,24,52,55,61,62,69,79,87;3;4;VALIDATION;63;567;50;5.889282;33;5.820106;-0.069176;0.988254;24;38.095238
OVERALL;21;02,03,06,15,20,24,52,55,61,62,69,79,87;6;9;VALIDATION;63;567;70;8.244994;43;7.583774;-0.66122;0.919803;30;47.619048
OVERALL;21;02,03,06,15,20,24,52,55,61,62,69,79,87;15;12;VALIDATION;63;567;73;8.598351;39;6.878307;-1.720044;0.799957;31;49.206349
OVERALL;21;02,03,06,15,20,24,52,55,61,62,69,79,87;20;3;VALIDATION;63;567;52;6.124853;34;5.996473;-0.12838;0.979039;23;36.507937
OVERALL;21;02,03,06,15,20,24,52,55,61,62,69,79,87;24;8;VALIDATION;63;567;50;5.889282;28;4.938272;-0.95101;0.838519;24;38.095238
OVERALL;21;02,03,06,15,20,24,52,55,61,62,69,79,87;52;10;VALIDATION;63;567;64;7.53828;49;8.641975;1.103695;1.146412;33;52.380952
OVERALL;21;02,03,06,15,20,24,52,55,61,62,69,79,87;55;7;VALIDATION;63;567;61;7.184923;42;7.407407;0.222484;1.030965;34;53.968254
OVERALL;21;02,03,06,15,20,24,52,55,61,62,69,79,87;61;2;VALIDATION;63;567;49;5.771496;30;5.291005;-0.480491;0.916748;24;38.095238
OVERALL;21;02,03,06,15,20,24,52,55,61,62,69,79,87;62;13;VALIDATION;63;567;52;6.124853;34;5.996473;-0.12838;0.979039;31;49.206349
OVERALL;21;02,03,06,15,20,24,52,55,61,62,69,79,87;69;11;VALIDATION;63;567;54;6.360424;42;7.407407;1.046983;1.164609;30;47.619048
OVERALL;21;02,03,06,15,20,24,52,55,61,62,69,79,87;79;1;VALIDATION;63;567;67;7.891637;41;7.231041;-0.660597;0.916292;36;57.142857
OVERALL;21;02,03,06,15,20,24,52,55,61,62,69,79,87;87;5;VALIDATION;63;567;58;6.831567;32;5.643739;-1.187828;0.826127;27;42.857143
OVERALL;21;02,03,06,15,20,24,52,55,61,62,69,79,87;2;6;TEST;55;495;58;6.831567;43;8.686869;1.855302;1.271578;29;52.727273
OVERALL;21;02,03,06,15,20,24,52,55,61,62,69,79,87;3;4;TEST;55;495;54;6.360424;33;6.666667;0.306243;1.048148;29;52.727273
OVERALL;21;02,03,06,15,20,24,52,55,61,62,69,79,87;6;9;TEST;55;495;67;7.891637;35;7.070707;-0.82093;0.895975;28;50.909091
OVERALL;21;02,03,06,15,20,24,52,55,61,62,69,79,87;15;12;TEST;55;495;46;5.418139;14;2.828283;-2.589856;0.522003;10;18.181818
OVERALL;21;02,03,06,15,20,24,52,55,61,62,69,79,87;20;3;TEST;55;495;63;7.420495;36;7.272727;-0.147767;0.980087;29;52.727273
OVERALL;21;02,03,06,15,20,24,52,55,61,62,69,79,87;24;8;TEST;55;495;48;5.65371;17;3.434343;-2.219367;0.607449;14;25.454545
OVERALL;21;02,03,06,15,20,24,52,55,61,62,69,79,87;52;10;TEST;55;495;66;7.773852;33;6.666667;-1.107185;0.857576;26;47.272727
OVERALL;21;02,03,06,15,20,24,52,55,61,62,69,79,87;55;7;TEST;55;495;60;7.067138;32;6.464646;-0.602491;0.914747;24;43.636364
OVERALL;21;02,03,06,15,20,24,52,55,61,62,69,79,87;61;2;TEST;55;495;51;6.007067;35;7.070707;1.06364;1.177065;25;45.454545
OVERALL;21;02,03,06,15,20,24,52,55,61,62,69,79,87;62;13;TEST;55;495;58;6.831567;30;6.060606;-0.77096;0.887147;21;38.181818
OVERALL;21;02,03,06,15,20,24,52,55,61,62,69,79,87;69;11;TEST;55;495;58;6.831567;37;7.474747;0.643181;1.094148;28;50.909091
OVERALL;21;02,03,06,15,20,24,52,55,61,62,69,79,87;79;1;TEST;55;495;62;7.302709;37;7.474747;0.172038;1.023558;28;50.909091
OVERALL;21;02,03,06,15,20,24,52,55,61,62,69,79,87;87;5;TEST;55;495;47;5.535925;35;7.070707;1.534782;1.27724;30;54.545455
OVERALL;22;12,13,27,31,43,52,64,65,67,72,73,80,86;12;2;DISCOVERY;165;1485;173;6.797642;120;8.080808;1.283166;1.188766;86;52.121212
OVERALL;22;12,13,27,31,43,52,64,65,67,72,73,80,86;13;9;DISCOVERY;165;1485;160;6.286837;108;7.272727;0.98589;1.156818;86;52.121212
OVERALL;22;12,13,27,31,43,52,64,65,67,72,73,80,86;27;12;DISCOVERY;165;1485;156;6.129666;104;7.003367;0.873701;1.142536;74;44.848485
OVERALL;22;12,13,27,31,43,52,64,65,67,72,73,80,86;31;4;DISCOVERY;165;1485;161;6.32613;112;7.542088;1.215958;1.192212;81;49.090909
OVERALL;22;12,13,27,31,43,52,64,65,67,72,73,80,86;43;6;DISCOVERY;165;1485;172;6.75835;116;7.811448;1.053098;1.155822;89;53.939394
OVERALL;22;12,13,27,31,43,52,64,65,67,72,73,80,86;52;13;DISCOVERY;165;1485;175;6.876228;115;7.744108;0.86788;1.126215;84;50.909091
OVERALL;22;12,13,27,31,43,52,64,65,67,72,73,80,86;64;3;DISCOVERY;165;1485;160;6.286837;112;7.542088;1.255251;1.199663;89;53.939394
OVERALL;22;12,13,27,31,43,52,64,65,67,72,73,80,86;65;10;DISCOVERY;165;1485;174;6.836935;116;7.811448;0.974513;1.142536;90;54.545455
OVERALL;22;12,13,27,31,43,52,64,65,67,72,73,80,86;67;11;DISCOVERY;165;1485;164;6.444008;110;7.407407;0.9634;1.149503;84;50.909091
OVERALL;22;12,13,27,31,43,52,64,65,67,72,73,80,86;72;5;DISCOVERY;165;1485;167;6.561886;115;7.744108;1.182222;1.180165;89;53.939394
OVERALL;22;12,13,27,31,43,52,64,65,67,72,73,80,86;73;1;DISCOVERY;165;1485;156;6.129666;115;7.744108;1.614442;1.263382;90;54.545455
OVERALL;22;12,13,27,31,43,52,64,65,67,72,73,80,86;80;7;DISCOVERY;165;1485;172;6.75835;116;7.811448;1.053098;1.155822;87;52.727273
OVERALL;22;12,13,27,31,43,52,64,65,67,72,73,80,86;86;8;DISCOVERY;165;1485;188;7.387033;125;8.417508;1.030475;1.139498;91;55.151515
OVERALL;22;12,13,27,31,43,52,64,65,67,72,73,80,86;12;2;VALIDATION;56;504;49;5.771496;31;6.150794;0.379298;1.065719;27;48.214286
OVERALL;22;12,13,27,31,43,52,64,65,67,72,73,80,86;13;9;VALIDATION;56;504;47;5.535925;28;5.555556;0.019631;1.003546;20;35.714286
OVERALL;22;12,13,27,31,43,52,64,65,67,72,73,80,86;27;12;VALIDATION;56;504;53;6.242638;23;4.563492;-1.679146;0.73102;16;28.571429
OVERALL;22;12,13,27,31,43,52,64,65,67,72,73,80,86;31;4;VALIDATION;56;504;51;6.007067;29;5.753968;-0.253099;0.957866;23;41.071429
OVERALL;22;12,13,27,31,43,52,64,65,67,72,73,80,86;43;6;VALIDATION;56;504;59;6.949352;29;5.753968;-1.195384;0.827986;24;42.857143
OVERALL;22;12,13,27,31,43,52,64,65,67,72,73,80,86;52;13;VALIDATION;56;504;64;7.53828;40;7.936508;0.398228;1.052827;30;53.571429
OVERALL;22;12,13,27,31,43,52,64,65,67,72,73,80,86;64;3;VALIDATION;56;504;51;6.007067;26;5.15873;-0.848337;0.858777;25;44.642857
OVERALL;22;12,13,27,31,43,52,64,65,67,72,73,80,86;65;10;VALIDATION;56;504;68;8.009423;33;6.547619;-1.461804;0.817489;25;44.642857
OVERALL;22;12,13,27,31,43,52,64,65,67,72,73,80,86;67;11;VALIDATION;56;504;53;6.242638;35;6.944444;0.701806;1.112421;27;48.214286
OVERALL;22;12,13,27,31,43,52,64,65,67,72,73,80,86;72;5;VALIDATION;56;504;63;7.420495;34;6.746032;-0.674463;0.909108;26;46.428571
OVERALL;22;12,13,27,31,43,52,64,65,67,72,73,80,86;73;1;VALIDATION;56;504;57;6.713781;29;5.753968;-0.959813;0.857038;25;44.642857
OVERALL;22;12,13,27,31,43,52,64,65,67,72,73,80,86;80;7;VALIDATION;56;504;69;8.127208;52;10.31746;2.190252;1.269496;38;67.857143
OVERALL;22;12,13,27,31,43,52,64,65,67,72,73,80,86;86;8;VALIDATION;56;504;65;7.656066;28;5.555556;-2.10051;0.725641;25;44.642857
OVERALL;22;12,13,27,31,43,52,64,65,67,72,73,80,86;12;2;TEST;58;522;40;4.711425;22;4.214559;-0.496866;0.89454;18;31.034483
OVERALL;22;12,13,27,31,43,52,64,65,67,72,73,80,86;13;9;TEST;58;522;57;6.713781;35;6.704981;-0.0088;0.998689;28;48.275862
OVERALL;22;12,13,27,31,43,52,64,65,67,72,73,80,86;27;12;TEST;58;522;53;6.242638;31;5.938697;-0.303941;0.951312;25;43.103448
OVERALL;22;12,13,27,31,43,52,64,65,67,72,73,80,86;31;4;TEST;58;522;59;6.949352;35;6.704981;-0.244371;0.964835;28;48.275862
OVERALL;22;12,13,27,31,43,52,64,65,67,72,73,80,86;43;6;TEST;58;522;65;7.656066;35;6.704981;-0.951085;0.875774;26;44.827586
OVERALL;22;12,13,27,31,43,52,64,65,67,72,73,80,86;52;13;TEST;58;522;66;7.773852;44;8.429119;0.655267;1.084291;32;55.172414
OVERALL;22;12,13,27,31,43,52,64,65,67,72,73,80,86;64;3;TEST;58;522;57;6.713781;33;6.321839;-0.391942;0.941621;25;43.103448
OVERALL;22;12,13,27,31,43,52,64,65,67,72,73,80,86;65;10;TEST;58;522;52;6.124853;29;5.555556;-0.569297;0.907051;23;39.655172
OVERALL;22;12,13,27,31,43,52,64,65,67,72,73,80,86;67;11;TEST;58;522;46;5.418139;30;5.747126;0.328987;1.06072;25;43.103448
OVERALL;22;12,13,27,31,43,52,64,65,67,72,73,80,86;72;5;TEST;58;522;60;7.067138;40;7.662835;0.595697;1.084291;34;58.62069
OVERALL;22;12,13,27,31,43,52,64,65,67,72,73,80,86;73;1;TEST;58;522;68;8.009423;35;6.704981;-1.304442;0.837137;26;44.827586
OVERALL;22;12,13,27,31,43,52,64,65,67,72,73,80,86;80;7;TEST;58;522;68;8.009423;41;7.854406;-0.155017;0.980646;29;50.0
OVERALL;22;12,13,27,31,43,52,64,65,67,72,73,80,86;86;8;TEST;58;522;60;7.067138;39;7.471264;0.404127;1.057184;31;53.448276
OVERALL;23;01,21,25,26,41,55,58,62,63,75,77,87,88;1;13;DISCOVERY;151;1359;195;7.662083;114;8.388521;0.726438;1.09481;84;55.629139
OVERALL;23;01,21,25,26,41,55,58,62,63,75,77,87,88;21;12;DISCOVERY;151;1359;165;6.483301;98;7.211185;0.727884;1.112271;75;49.668874
OVERALL;23;01,21,25,26,41,55,58,62,63,75,77,87,88;25;7;DISCOVERY;151;1359;173;6.797642;104;7.652686;0.855043;1.125785;78;51.655629
OVERALL;23;01,21,25,26,41,55,58,62,63,75,77,87,88;26;4;DISCOVERY;151;1359;172;6.75835;105;7.726269;0.96792;1.143218;79;52.317881
OVERALL;23;01,21,25,26,41,55,58,62,63,75,77,87,88;41;8;DISCOVERY;151;1359;170;6.679764;102;7.505519;0.825755;1.12362;79;52.317881
OVERALL;23;01,21,25,26,41,55,58,62,63,75,77,87,88;55;5;DISCOVERY;151;1359;191;7.504912;115;8.462104;0.957193;1.127542;83;54.966887
OVERALL;23;01,21,25,26,41,55,58,62,63,75,77,87,88;58;3;DISCOVERY;151;1359;158;6.208251;100;7.358352;1.1501;1.185253;82;54.304636
OVERALL;23;01,21,25,26,41,55,58,62,63,75,77,87,88;62;10;DISCOVERY;151;1359;187;7.347741;110;8.094187;0.746446;1.101589;82;54.304636
OVERALL;23;01,21,25,26,41,55,58,62,63,75,77,87,88;63;2;DISCOVERY;151;1359;182;7.151277;115;8.462104;1.310827;1.1833;90;59.602649
OVERALL;23;01,21,25,26,41,55,58,62,63,75,77,87,88;75;6;DISCOVERY;151;1359;181;7.111984;109;8.020603;0.908619;1.127759;80;52.980132
OVERALL;23;01,21,25,26,41,55,58,62,63,75,77,87,88;77;9;DISCOVERY;151;1359;191;7.504912;113;8.314937;0.810026;1.107933;83;54.966887
OVERALL;23;01,21,25,26,41,55,58,62,63,75,77,87,88;87;1;DISCOVERY;151;1359;186;7.308448;118;8.682855;1.374407;1.188057;92;60.927152
OVERALL;23;01,21,25,26,41,55,58,62,63,75,77,87,88;88;11;DISCOVERY;151;1359;191;7.504912;112;8.241354;0.736442;1.098128;88;58.278146
OVERALL;23;01,21,25,26,41,55,58,62,63,75,77,87,88;1;13;VALIDATION;45;405;51;6.007067;27;6.666667;0.6596;1.109804;20;44.444444
OVERALL;23;01,21,25,26,41,55,58,62,63,75,77,87,88;21;12;VALIDATION;45;405;64;7.53828;36;8.888889;1.350609;1.179167;25;55.555556
OVERALL;23;01,21,25,26,41,55,58,62,63,75,77,87,88;25;7;VALIDATION;45;405;52;6.124853;29;7.160494;1.035641;1.169088;20;44.444444
OVERALL;23;01,21,25,26,41,55,58,62,63,75,77,87,88;26;4;VALIDATION;45;405;46;5.418139;30;7.407407;1.989268;1.36715;25;55.555556
OVERALL;23;01,21,25,26,41,55,58,62,63,75,77,87,88;41;8;VALIDATION;45;405;52;6.124853;25;6.17284;0.047987;1.007835;16;35.555556
OVERALL;23;01,21,25,26,41,55,58,62,63,75,77,87,88;55;5;VALIDATION;45;405;61;7.184923;28;6.91358;-0.271343;0.962234;22;48.888889
OVERALL;23;01,21,25,26,41,55,58,62,63,75,77,87,88;58;3;VALIDATION;45;405;52;6.124853;20;4.938272;-1.186581;0.806268;13;28.888889
OVERALL;23;01,21,25,26,41,55,58,62,63,75,77,87,88;62;10;VALIDATION;45;405;52;6.124853;26;6.419753;0.2949;1.048148;21;46.666667
OVERALL;23;01,21,25,26,41,55,58,62,63,75,77,87,88;63;2;VALIDATION;45;405;52;6.124853;25;6.17284;0.047987;1.007835;20;44.444444
OVERALL;23;01,21,25,26,41,55,58,62,63,75,77,87,88;75;6;VALIDATION;45;405;61;7.184923;25;6.17284;-1.012084;0.859138;17;37.777778
OVERALL;23;01,21,25,26,41,55,58,62,63,75,77,87,88;77;9;VALIDATION;45;405;67;7.891637;30;7.407407;-0.48423;0.93864;18;40.0
OVERALL;23;01,21,25,26,41,55,58,62,63,75,77,87,88;87;1;VALIDATION;45;405;58;6.831567;27;6.666667;-0.1649;0.975862;21;46.666667
OVERALL;23;01,21,25,26,41,55,58,62,63,75,77,87,88;88;11;VALIDATION;45;405;52;6.124853;14;3.45679;-2.668063;0.564387;12;26.666667
OVERALL;23;01,21,25,26,41,55,58,62,63,75,77,87,88;1;13;TEST;68;612;54;6.360424;42;6.862745;0.502321;1.078976;30;44.117647
OVERALL;23;01,21,25,26,41,55,58,62,63,75,77,87,88;21;12;TEST;68;612;56;6.595995;48;7.843137;1.247142;1.189076;35;51.470588
OVERALL;23;01,21,25,26,41,55,58,62,63,75,77,87,88;25;7;TEST;68;612;63;7.420495;46;7.51634;0.095845;1.012916;32;47.058824
OVERALL;23;01,21,25,26,41,55,58,62,63,75,77,87,88;26;4;TEST;68;612;47;5.535925;36;5.882353;0.346428;1.062578;29;42.647059
OVERALL;23;01,21,25,26,41,55,58,62,63,75,77,87,88;41;8;TEST;68;612;69;8.127208;48;7.843137;-0.284071;0.965047;35;51.470588
OVERALL;23;01,21,25,26,41,55,58,62,63,75,77,87,88;55;5;TEST;68;612;60;7.067138;45;7.352941;0.285803;1.040441;36;52.941176
OVERALL;23;01,21,25,26,41,55,58,62,63,75,77,87,88;58;3;TEST;68;612;67;7.891637;50;8.169935;0.278297;1.035265;39;57.352941
OVERALL;23;01,21,25,26,41,55,58,62,63,75,77,87,88;62;10;TEST;68;612;58;6.831567;42;6.862745;0.031179;1.004564;36;52.941176
OVERALL;23;01,21,25,26,41,55,58,62,63,75,77,87,88;63;2;TEST;68;612;65;7.656066;41;6.699346;-0.95672;0.875038;33;48.529412
OVERALL;23;01,21,25,26,41,55,58,62,63,75,77,87,88;75;6;TEST;68;612;51;6.007067;39;6.372549;0.365482;1.060842;28;41.176471
OVERALL;23;01,21,25,26,41,55,58,62,63,75,77,87,88;77;9;TEST;68;612;47;5.535925;35;5.718954;0.18303;1.033062;29;42.647059
OVERALL;23;01,21,25,26,41,55,58,62,63,75,77,87,88;87;1;TEST;68;612;47;5.535925;26;4.248366;-1.287559;0.767418;23;33.823529
OVERALL;23;01,21,25,26,41,55,58,62,63,75,77,87,88;88;11;TEST;68;612;55;6.47821;39;6.372549;-0.105661;0.98369;30;44.117647
OVERALL;24;09,13,15,27,32,33,46,49,55,60,67,79,85;9;7;DISCOVERY;158;1422;145;5.697446;94;6.610408;0.912962;1.160241;70;44.303797
OVERALL;24;09,13,15,27,32,33,46,49,55,60,67,79,85;13;4;DISCOVERY;158;1422;160;6.286837;104;7.313643;1.026806;1.163326;81;51.265823
OVERALL;24;09,13,15,27,32,33,46,49,55,60,67,79,85;15;6;DISCOVERY;158;1422;159;6.247544;102;7.172996;0.925452;1.14813;80;50.632911
OVERALL;24;09,13,15,27,32,33,46,49,55,60,67,79,85;27;5;DISCOVERY;158;1422;156;6.129666;101;7.102672;0.973006;1.158737;72;45.56962
OVERALL;24;09,13,15,27,32,33,46,49,55,60,67,79,85;32;3;DISCOVERY;158;1422;177;6.954813;114;8.016878;1.062064;1.152709;81;51.265823
OVERALL;24;09,13,15,27,32,33,46,49,55,60,67,79,85;33;11;DISCOVERY;158;1422;172;6.75835;107;7.524613;0.766264;1.11338;76;48.101266
OVERALL;24;09,13,15,27,32,33,46,49,55,60,67,79,85;46;9;DISCOVERY;158;1422;154;6.051081;98;6.891702;0.840621;1.138921;76;48.101266
OVERALL;24;09,13,15,27,32,33,46,49,55,60,67,79,85;49;2;DISCOVERY;158;1422;188;7.387033;121;8.509142;1.122109;1.151902;83;52.531646
OVERALL;24;09,13,15,27,32,33,46,49,55,60,67,79,85;55;13;DISCOVERY;158;1422;191;7.504912;117;8.227848;0.722937;1.096328;86;54.43038
OVERALL;24;09,13,15,27,32,33,46,49,55,60,67,79,85;60;10;DISCOVERY;158;1422;134;5.265226;86;6.04782;0.782594;1.148634;62;39.240506
OVERALL;24;09,13,15,27,32,33,46,49,55,60,67,79,85;67;8;DISCOVERY;158;1422;164;6.444008;104;7.313643;0.869635;1.134952;78;49.367089
OVERALL;24;09,13,15,27,32,33,46,49,55,60,67,79,85;79;1;DISCOVERY;158;1422;184;7.229862;120;8.438819;1.208956;1.167217;93;58.860759
OVERALL;24;09,13,15,27,32,33,46,49,55,60,67,79,85;85;12;DISCOVERY;158;1422;198;7.779961;121;8.509142;0.729181;1.093726;88;55.696203
OVERALL;24;09,13,15,27,32,33,46,49,55,60,67,79,85;9;7;VALIDATION;49;441;65;7.656066;38;8.61678;0.960714;1.125484;30;61.22449
OVERALL;24;09,13,15,27,32,33,46,49,55,60,67,79,85;13;4;VALIDATION;49;441;47;5.535925;17;3.854875;-1.681049;0.696338;13;26.530612
OVERALL;24;09,13,15,27,32,33,46,49,55,60,67,79,85;15;6;VALIDATION;49;441;73;8.598351;43;9.750567;1.152216;1.134004;29;59.183673
OVERALL;24;09,13,15,27,32,33,46,49,55,60,67,79,85;27;5;VALIDATION;49;441;53;6.242638;31;7.029478;0.78684;1.126043;20;40.816327
OVERALL;24;09,13,15,27,32,33,46,49,55,60,67,79,85;32;3;VALIDATION;49;441;54;6.360424;25;5.668934;-0.69149;0.891282;22;44.897959
OVERALL;24;09,13,15,27,32,33,46,49,55,60,67,79,85;33;11;VALIDATION;49;441;57;6.713781;21;4.761905;-1.951876;0.709273;16;32.653061
OVERALL;24;09,13,15,27,32,33,46,49,55,60,67,79,85;46;9;VALIDATION;49;441;55;6.47821;31;7.029478;0.551269;1.085096;21;42.857143
OVERALL;24;09,13,15,27,32,33,46,49,55,60,67,79,85;49;2;VALIDATION;49;441;61;7.184923;31;7.029478;-0.155445;0.978365;23;46.938776
OVERALL;24;09,13,15,27,32,33,46,49,55,60,67,79,85;55;13;VALIDATION;49;441;61;7.184923;27;6.122449;-1.062474;0.852124;20;40.816327
OVERALL;24;09,13,15,27,32,33,46,49,55,60,67,79,85;60;10;VALIDATION;49;441;63;7.420495;24;5.442177;-1.978318;0.733398;20;40.816327
OVERALL;24;09,13,15,27,32,33,46,49,55,60,67,79,85;67;8;VALIDATION;49;441;53;6.242638;29;6.575964;0.333325;1.053395;22;44.897959
OVERALL;24;09,13,15,27,32,33,46,49,55,60,67,79,85;79;1;VALIDATION;49;441;67;7.891637;30;6.802721;-1.088916;0.862016;25;51.020408
OVERALL;24;09,13,15,27,32,33,46,49,55,60,67,79,85;85;12;VALIDATION;49;441;63;7.420495;38;8.61678;1.196285;1.161214;32;65.306122
OVERALL;24;09,13,15,27,32,33,46,49,55,60,67,79,85;9;7;TEST;47;423;59;6.949352;29;6.855792;-0.09356;0.986537;24;51.06383
OVERALL;24;09,13,15,27,32,33,46,49,55,60,67,79,85;13;4;TEST;47;423;57;6.713781;32;7.565012;0.851231;1.126789;25;53.191489
OVERALL;24;09,13,15,27,32,33,46,49,55,60,67,79,85;15;6;TEST;47;423;46;5.418139;21;4.964539;-0.4536;0.916281;16;34.042553
OVERALL;24;09,13,15,27,32,33,46,49,55,60,67,79,85;27;5;TEST;47;423;53;6.242638;30;7.092199;0.84956;1.13609;24;51.06383
OVERALL;24;09,13,15,27,32,33,46,49,55,60,67,79,85;32;3;TEST;47;423;56;6.595995;24;5.673759;-0.922236;0.860182;19;40.425532
OVERALL;24;09,13,15,27,32,33,46,49,55,60,67,79,85;33;11;TEST;47;423;55;6.47821;21;4.964539;-1.513671;0.766344;17;36.170213
OVERALL;24;09,13,15,27,32,33,46,49,55,60,67,79,85;46;9;TEST;47;423;58;6.831567;30;7.092199;0.260632;1.038151;28;59.574468
OVERALL;24;09,13,15,27,32,33,46,49,55,60,67,79,85;49;2;TEST;47;423;64;7.53828;26;6.146572;-1.391708;0.815381;20;42.553191
OVERALL;24;09,13,15,27,32,33,46,49,55,60,67,79,85;55;13;TEST;47;423;60;7.067138;27;6.382979;-0.684159;0.903191;24;51.06383
OVERALL;24;09,13,15,27,32,33,46,49,55,60,67,79,85;60;10;TEST;47;423;58;6.831567;31;7.328605;0.497039;1.072756;23;48.93617
OVERALL;24;09,13,15,27,32,33,46,49,55,60,67,79,85;67;8;TEST;47;423;46;5.418139;24;5.673759;0.25562;1.047179;20;42.553191
OVERALL;24;09,13,15,27,32,33,46,49,55,60,67,79,85;79;1;TEST;47;423;62;7.302709;27;6.382979;-0.91973;0.874056;23;48.93617
OVERALL;24;09,13,15,27,32,33,46,49,55,60,67,79,85;85;12;TEST;47;423;65;7.656066;39;9.219858;1.563792;1.204255;29;61.702128
OVERALL;25;01,03,13,14,16,17,33,34,35,49,50,55,70;1;12;DISCOVERY;172;1548;195;7.662083;129;8.333333;0.671251;1.087607;99;57.55814
OVERALL;25;01,03,13,14,16,17,33,34,35,49,50,55,70;3;3;DISCOVERY;172;1548;168;6.601179;120;7.751938;1.150759;1.174326;84;48.837209
OVERALL;25;01,03,13,14,16,17,33,34,35,49,50,55,70;13;7;DISCOVERY;172;1548;160;6.286837;110;7.105943;0.819106;1.130289;81;47.093023
OVERALL;25;01,03,13,14,16,17,33,34,35,49,50,55,70;14;5;DISCOVERY;172;1548;166;6.522593;116;7.49354;0.970947;1.148859;88;51.162791
OVERALL;25;01,03,13,14,16,17,33,34,35,49,50,55,70;16;1;DISCOVERY;172;1548;160;6.286837;117;7.55814;1.271303;1.202217;88;51.162791
OVERALL;25;01,03,13,14,16,17,33,34,35,49,50,55,70;17;11;DISCOVERY;172;1548;177;6.954813;119;7.687339;0.732525;1.105326;88;51.162791
OVERALL;25;01,03,13,14,16,17,33,34,35,49,50,55,70;33;13;DISCOVERY;172;1548;172;6.75835;115;7.428941;0.670591;1.099224;90;52.325581
OVERALL;25;01,03,13,14,16,17,33,34,35,49,50,55,70;34;9;DISCOVERY;172;1548;163;6.404715;111;7.170543;0.765828;1.119572;82;47.674419
OVERALL;25;01,03,13,14,16,17,33,34,35,49,50,55,70;35;2;DISCOVERY;172;1548;165;6.483301;120;7.751938;1.268637;1.195678;89;51.744186
OVERALL;25;01,03,13,14,16,17,33,34,35,49,50,55,70;49;8;DISCOVERY;172;1548;188;7.387033;127;8.204134;0.817101;1.110613;101;58.72093
OVERALL;25;01,03,13,14,16,17,33,34,35,49,50,55,70;50;4;DISCOVERY;172;1548;150;5.89391;107;6.912145;1.018235;1.172761;78;45.348837
OVERALL;25;01,03,13,14,16,17,33,34,35,49,50,55,70;55;10;DISCOVERY;172;1548;191;7.504912;128;8.268734;0.763822;1.101776;93;54.069767
OVERALL;25;01,03,13,14,16,17,33,34,35,49,50,55,70;70;6;DISCOVERY;172;1548;175;6.876228;120;7.751938;0.87571;1.127353;92;53.488372
OVERALL;25;01,03,13,14,16,17,33,34,35,49,50,55,70;1;12;VALIDATION;52;468;51;6.007067;26;5.555556;-0.451512;0.924837;19;36.538462
OVERALL;25;01,03,13,14,16,17,33,34,35,49,50,55,70;3;3;VALIDATION;52;468;50;5.889282;32;6.837607;0.948325;1.161026;27;51.923077
OVERALL;25;01,03,13,14,16,17,33,34,35,49,50,55,70;13;7;VALIDATION;52;468;47;5.535925;28;5.982906;0.446981;1.080742;21;40.384615
OVERALL;25;01,03,13,14,16,17,33,34,35,49,50,55,70;14;5;VALIDATION;52;468;52;6.124853;37;7.905983;1.78113;1.290804;25;48.076923
OVERALL;25;01,03,13,14,16,17,33,34,35,49,50,55,70;16;1;VALIDATION;52;468;67;7.891637;36;7.692308;-0.19933;0.974742;25;48.076923
OVERALL;25;01,03,13,14,16,17,33,34,35,49,50,55,70;17;11;VALIDATION;52;468;57;6.713781;31;6.623932;-0.089849;0.986617;22;42.307692
OVERALL;25;01,03,13,14,16,17,33,34,35,49,50,55,70;33;13;VALIDATION;52;468;57;6.713781;37;7.905983;1.192202;1.177575;25;48.076923
OVERALL;25;01,03,13,14,16,17,33,34,35,49,50,55,70;34;9;VALIDATION;52;468;50;5.889282;30;6.410256;0.520975;1.088462;24;46.153846
OVERALL;25;01,03,13,14,16,17,33,34,35,49,50,55,70;35;2;VALIDATION;52;468;63;7.420495;21;4.487179;-2.933315;0.604701;16;30.769231
OVERALL;25;01,03,13,14,16,17,33,34,35,49,50,55,70;49;8;VALIDATION;52;468;61;7.184923;28;5.982906;-1.202017;0.832703;24;46.153846
OVERALL;25;01,03,13,14,16,17,33,34,35,49,50,55,70;50;4;VALIDATION;52;468;48;5.65371;33;7.051282;1.397572;1.247196;26;50.0
OVERALL;25;01,03,13,14,16,17,33,34,35,49,50,55,70;55;10;VALIDATION;52;468;61;7.184923;37;7.905983;0.721059;1.100357;27;51.923077
OVERALL;25;01,03,13,14,16,17,33,34,35,49,50,55,70;70;6;VALIDATION;52;468;43;5.064782;22;4.700855;-0.363927;0.928145;18;34.615385
OVERALL;25;01,03,13,14,16,17,33,34,35,49,50,55,70;1;12;TEST;63;567;54;6.360424;31;5.467372;-0.893052;0.859592;24;38.095238
OVERALL;25;01,03,13,14,16,17,33,34,35,49,50,55,70;3;3;TEST;63;567;54;6.360424;38;6.70194;0.341516;1.053694;31;49.206349
OVERALL;25;01,03,13,14,16,17,33,34,35,49,50,55,70;13;7;TEST;63;567;57;6.713781;43;7.583774;0.869993;1.129583;31;49.206349
OVERALL;25;01,03,13,14,16,17,33,34,35,49,50,55,70;14;5;TEST;63;567;55;6.47821;27;4.761905;-1.716305;0.735065;24;38.095238
OVERALL;25;01,03,13,14,16,17,33,34,35,49,50,55,70;16;1;TEST;63;567;50;5.889282;39;6.878307;0.989025;1.167937;31;49.206349
OVERALL;25;01,03,13,14,16,17,33,34,35,49,50,55,70;17;11;TEST;63;567;54;6.360424;34;5.996473;-0.363951;0.942779;28;44.444444
OVERALL;25;01,03,13,14,16,17,33,34,35,49,50,55,70;33;13;TEST;63;567;55;6.47821;34;5.996473;-0.481737;0.925637;27;42.857143
OVERALL;25;01,03,13,14,16,17,33,34,35,49,50,55,70;34;9;TEST;63;567;61;7.184923;39;6.878307;-0.306617;0.957325;28;44.444444
OVERALL;25;01,03,13,14,16,17,33,34,35,49,50,55,70;35;2;TEST;63;567;50;5.889282;41;7.231041;1.341759;1.227831;31;49.206349
OVERALL;25;01,03,13,14,16,17,33,34,35,49,50,55,70;49;8;TEST;63;567;64;7.53828;42;7.407407;-0.130873;0.982639;34;53.968254
OVERALL;25;01,03,13,14,16,17,33,34,35,49,50,55,70;50;4;TEST;63;567;42;4.946996;24;4.232804;-0.714192;0.855631;22;34.920635
OVERALL;25;01,03,13,14,16,17,33,34,35,49,50,55,70;55;10;TEST;63;567;60;7.067138;34;5.996473;-1.070665;0.848501;28;44.444444
OVERALL;25;01,03,13,14,16,17,33,34,35,49,50,55,70;70;6;TEST;63;567;40;4.711425;23;4.056437;-0.654988;0.860979;23;36.507937
OVERALL;26;04,19,30,34,39,41,45,52,53,54,68,85,90;4;3;DISCOVERY;172;1548;171;6.719057;122;7.881137;1.16208;1.172953;92;53.488372
OVERALL;26;04,19,30,34,39,41,45,52,53,54,68,85,90;19;9;DISCOVERY;172;1548;182;7.151277;126;8.139535;0.988258;1.138193;94;54.651163
OVERALL;26;04,19,30,34,39,41,45,52,53,54,68,85,90;30;10;DISCOVERY;172;1548;163;6.404715;111;7.170543;0.765828;1.119572;85;49.418605
OVERALL;26;04,19,30,34,39,41,45,52,53,54,68,85,90;34;8;DISCOVERY;172;1548;163;6.404715;115;7.428941;1.024225;1.159917;81;47.093023
OVERALL;26;04,19,30,34,39,41,45,52,53,54,68,85,90;39;6;DISCOVERY;172;1548;178;6.994106;125;8.074935;1.080829;1.154534;95;55.232558
OVERALL;26;04,19,30,34,39,41,45,52,53,54,68,85,90;41;13;DISCOVERY;172;1548;170;6.679764;114;7.364341;0.684577;1.102485;83;48.255814
OVERALL;26;04,19,30,34,39,41,45,52,53,54,68,85,90;45;1;DISCOVERY;172;1548;179;7.033399;135;8.72093;1.687531;1.239931;99;57.55814
OVERALL;26;04,19,30,34,39,41,45,52,53,54,68,85,90;52;12;DISCOVERY;172;1548;175;6.876228;118;7.622739;0.746511;1.108564;87;50.581395
OVERALL;26;04,19,30,34,39,41,45,52,53,54,68,85,90;53;7;DISCOVERY;172;1548;157;6.168959;112;7.235142;1.066183;1.17283;81;47.093023
OVERALL;26;04,19,30,34,39,41,45,52,53,54,68,85,90;54;4;DISCOVERY;172;1548;180;7.072692;127;8.204134;1.131443;1.159973;100;58.139535
OVERALL;26;04,19,30,34,39,41,45,52,53,54,68,85,90;68;2;DISCOVERY;172;1548;171;6.719057;126;8.139535;1.420478;1.21141;92;53.488372
OVERALL;26;04,19,30,34,39,41,45,52,53,54,68,85,90;85;11;DISCOVERY;172;1548;198;7.779961;132;8.527132;0.747171;1.096038;100;58.139535
OVERALL;26;04,19,30,34,39,41,45,52,53,54,68,85,90;90;5;DISCOVERY;172;1548;197;7.740668;137;8.850129;1.109461;1.143329;95;55.232558
OVERALL;26;04,19,30,34,39,41,45,52,53,54,68,85,90;4;3;VALIDATION;46;414;45;5.300353;26;6.280193;0.97984;1.184863;20;43.478261
OVERALL;26;04,19,30,34,39,41,45,52,53,54,68,85,90;19;9;VALIDATION;46;414;60;7.067138;29;7.004831;-0.062307;0.991184;22;47.826087
OVERALL;26;04,19,30,34,39,41,45,52,53,54,68,85,90;30;10;VALIDATION;46;414;49;5.771496;23;5.555556;-0.21594;0.962585;21;45.652174
OVERALL;26;04,19,30,34,39,41,45,52,53,54,68,85,90;34;8;VALIDATION;46;414;50;5.889282;21;5.072464;-0.816818;0.861304;20;43.478261
OVERALL;26;04,19,30,34,39,41,45,52,53,54,68,85,90;39;6;VALIDATION;46;414;57;6.713781;30;7.246377;0.532596;1.079329;23;50.0
OVERALL;26;04,19,30,34,39,41,45,52,53,54,68,85,90;41;13;VALIDATION;46;414;52;6.124853;33;7.971014;1.846162;1.301421;23;50.0
OVERALL;26;04,19,30,34,39,41,45,52,53,54,68,85,90;45;1;VALIDATION;46;414;66;7.773852;33;7.971014;0.197163;1.025362;28;60.869565
OVERALL;26;04,19,30,34,39,41,45,52,53,54,68,85,90;52;12;VALIDATION;46;414;64;7.53828;26;6.280193;-1.258087;0.833107;19;41.304348
OVERALL;26;04,19,30,34,39,41,45,52,53,54,68,85,90;53;7;VALIDATION;46;414;44;5.182568;16;3.864734;-1.317833;0.745718;15;32.608696
OVERALL;26;04,19,30,34,39,41,45,52,53,54,68,85,90;54;4;VALIDATION;46;414;47;5.535925;23;5.555556;0.019631;1.003546;19;41.304348
OVERALL;26;04,19,30,34,39,41,45,52,53,54,68,85,90;68;2;VALIDATION;46;414;71;8.36278;33;7.971014;-0.391765;0.953154;28;60.869565
OVERALL;26;04,19,30,34,39,41,45,52,53,54,68,85,90;85;11;VALIDATION;46;414;63;7.420495;29;7.004831;-0.415664;0.943984;22;47.826087
OVERALL;26;04,19,30,34,39,41,45,52,53,54,68,85,90;90;5;VALIDATION;46;414;51;6.007067;33;7.971014;1.963947;1.326939;24;52.173913
OVERALL;26;04,19,30,34,39,41,45,52,53,54,68,85,90;4;3;TEST;47;423;60;7.067138;30;7.092199;0.025061;1.003546;22;46.808511
OVERALL;26;04,19,30,34,39,41,45,52,53,54,68,85,90;19;9;TEST;47;423;57;6.713781;20;4.728132;-1.985649;0.704243;16;34.042553
OVERALL;26;04,19,30,34,39,41,45,52,53,54,68,85,90;30;10;TEST;47;423;57;6.713781;30;7.092199;0.378418;1.056364;21;44.680851
OVERALL;26;04,19,30,34,39,41,45,52,53,54,68,85,90;34;8;TEST;47;423;61;7.184923;29;6.855792;-0.329131;0.954191;23;48.93617
OVERALL;26;04,19,30,34,39,41,45,52,53,54,68,85,90;39;6;TEST;47;423;61;7.184923;37;8.747045;1.562121;1.217417;30;63.829787
OVERALL;26;04,19,30,34,39,41,45,52,53,54,68,85,90;41;13;TEST;47;423;69;8.127208;30;7.092199;-1.03501;0.872649;21;44.680851
OVERALL;26;04,19,30,34,39,41,45,52,53,54,68,85,90;45;1;TEST;47;423;60;7.067138;29;6.855792;-0.211346;0.970095;25;53.191489
OVERALL;26;04,19,30,34,39,41,45,52,53,54,68,85,90;52;12;TEST;47;423;66;7.773852;24;5.673759;-2.100093;0.729852;18;38.297872
OVERALL;26;04,19,30,34,39,41,45,52,53,54,68,85,90;53;7;TEST;47;423;53;6.242638;30;7.092199;0.84956;1.13609;25;53.191489
OVERALL;26;04,19,30,34,39,41,45,52,53,54,68,85,90;54;4;TEST;47;423;59;6.949352;31;7.328605;0.379253;1.054574;18;38.297872
OVERALL;26;04,19,30,34,39,41,45,52,53,54,68,85,90;68;2;TEST;47;423;64;7.53828;30;7.092199;-0.446082;0.940824;28;59.574468
OVERALL;26;04,19,30,34,39,41,45,52,53,54,68,85,90;85;11;TEST;47;423;65;7.656066;32;7.565012;-0.091054;0.988107;22;46.808511
OVERALL;26;04,19,30,34,39,41,45,52,53,54,68,85,90;90;5;TEST;47;423;53;6.242638;22;5.200946;-1.041693;0.833133;20;42.553191
OVERALL;27;03,05,17,33,43,47,53,58,60,71,73,81,85;3;6;DISCOVERY;155;1395;168;6.601179;108;7.741935;1.140757;1.172811;77;49.677419
OVERALL;27;03,05,17,33,43,47,53,58,60,71,73,81,85;5;10;DISCOVERY;155;1395;151;5.933202;94;6.738351;0.805149;1.135702;67;43.225806
OVERALL;27;03,05,17,33,43,47,53,58,60,71,73,81,85;17;11;DISCOVERY;155;1395;177;6.954813;107;7.670251;0.715438;1.102869;75;48.387097
OVERALL;27;03,05,17,33,43,47,53,58,60,71,73,81,85;33;12;DISCOVERY;155;1395;172;6.75835;104;7.455197;0.696847;1.103109;83;53.548387
OVERALL;27;03,05,17,33,43,47,53,58,60,71,73,81,85;43;4;DISCOVERY;155;1395;172;6.75835;113;8.100358;1.342009;1.19857;81;52.258065
OVERALL;27;03,05,17,33,43,47,53,58,60,71,73,81,85;47;7;DISCOVERY;155;1395;164;6.444008;105;7.526882;1.082874;1.168044;83;53.548387
OVERALL;27;03,05,17,33,43,47,53,58,60,71,73,81,85;53;9;DISCOVERY;155;1395;157;6.168959;98;7.02509;0.856131;1.13878;67;43.225806
OVERALL;27;03,05,17,33,43,47,53,58,60,71,73,81,85;58;1;DISCOVERY;155;1395;158;6.208251;110;7.885305;1.677053;1.270133;87;56.129032
OVERALL;27;03,05,17,33,43,47,53,58,60,71,73,81,85;60;2;DISCOVERY;155;1395;134;5.265226;95;6.810036;1.54481;1.293399;69;44.516129
OVERALL;27;03,05,17,33,43,47,53,58,60,71,73,81,85;71;13;DISCOVERY;155;1395;174;6.836935;105;7.526882;0.689947;1.100915;83;53.548387
OVERALL;27;03,05,17,33,43,47,53,58,60,71,73,81,85;73;8;DISCOVERY;155;1395;156;6.129666;100;7.168459;1.038793;1.16947;77;49.677419
OVERALL;27;03,05,17,33,43,47,53,58,60,71,73,81,85;81;5;DISCOVERY;155;1395;189;7.426326;122;8.74552;1.319194;1.177637;88;56.774194
OVERALL;27;03,05,17,33,43,47,53,58,60,71,73,81,85;85;3;DISCOVERY;155;1395;198;7.779961;130;9.318996;1.539036;1.19782;97;62.580645
OVERALL;27;03,05,17,33,43,47,53,58,60,71,73,81,85;3;6;VALIDATION;53;477;50;5.889282;27;5.660377;-0.228904;0.961132;24;45.283019
OVERALL;27;03,05,17,33,43,47,53,58,60,71,73,81,85;5;10;VALIDATION;53;477;50;5.889282;31;6.498952;0.60967;1.103522;25;47.169811
OVERALL;27;03,05,17,33,43,47,53,58,60,71,73,81,85;17;11;VALIDATION;53;477;57;6.713781;23;4.821803;-1.891978;0.718195;21;39.622642
OVERALL;27;03,05,17,33,43,47,53,58,60,71,73,81,85;33;12;VALIDATION;53;477;57;6.713781;28;5.870021;-0.84376;0.874324;25;47.169811
OVERALL;27;03,05,17,33,43,47,53,58,60,71,73,81,85;43;4;VALIDATION;53;477;59;6.949352;40;8.385744;1.436392;1.206694;29;54.716981
OVERALL;27;03,05,17,33,43,47,53,58,60,71,73,81,85;47;7;VALIDATION;53;477;73;8.598351;47;9.853249;1.254898;1.145946;30;56.603774
OVERALL;27;03,05,17,33,43,47,53,58,60,71,73,81,85;53;9;VALIDATION;53;477;44;5.182568;29;6.079665;0.897097;1.173099;24;45.283019
OVERALL;27;03,05,17,33,43,47,53,58,60,71,73,81,85;58;1;VALIDATION;53;477;52;6.124853;29;6.079665;-0.045188;0.992622;25;47.169811
OVERALL;27;03,05,17,33,43,47,53,58,60,71,73,81,85;60;2;VALIDATION;53;477;63;7.420495;39;8.176101;0.755606;1.101827;28;52.830189
OVERALL;27;03,05,17,33,43,47,53,58,60,71,73,81,85;71;13;VALIDATION;53;477;48;5.65371;31;6.498952;0.845242;1.149502;24;45.283019
OVERALL;27;03,05,17,33,43,47,53,58,60,71,73,81,85;73;8;VALIDATION;53;477;57;6.713781;30;6.289308;-0.424473;0.936776;25;47.169811
OVERALL;27;03,05,17,33,43,47,53,58,60,71,73,81,85;81;5;VALIDATION;53;477;60;7.067138;37;7.756813;0.689676;1.097589;29;54.716981
OVERALL;27;03,05,17,33,43,47,53,58,60,71,73,81,85;85;3;VALIDATION;53;477;63;7.420495;39;8.176101;0.755606;1.101827;30;56.603774
OVERALL;27;03,05,17,33,43,47,53,58,60,71,73,81,85;3;6;TEST;53;477;54;6.360424;30;6.289308;-0.071116;0.988819;27;50.943396
OVERALL;27;03,05,17,33,43,47,53,58,60,71,73,81,85;5;10;TEST;53;477;64;7.53828;35;7.337526;-0.200754;0.973369;32;60.377358
OVERALL;27;03,05,17,33,43,47,53,58,60,71,73,81,85;17;11;TEST;53;477;54;6.360424;37;7.756813;1.396389;1.219543;28;52.830189
OVERALL;27;03,05,17,33,43,47,53,58,60,71,73,81,85;33;12;TEST;53;477;55;6.47821;34;7.127883;0.649673;1.100286;28;52.830189
OVERALL;27;03,05,17,33,43,47,53,58,60,71,73,81,85;43;4;TEST;53;477;65;7.656066;44;9.224319;1.568253;1.204838;29;54.716981
OVERALL;27;03,05,17,33,43,47,53,58,60,71,73,81,85;47;7;TEST;53;477;55;6.47821;34;7.127883;0.649673;1.100286;28;52.830189
OVERALL;27;03,05,17,33,43,47,53,58,60,71,73,81,85;53;9;TEST;53;477;53;6.242638;34;7.127883;0.885244;1.141806;27;50.943396
OVERALL;27;03,05,17,33,43,47,53,58,60,71,73,81,85;58;1;TEST;53;477;67;7.891637;35;7.337526;-0.554111;0.929785;26;49.056604
OVERALL;27;03,05,17,33,43,47,53,58,60,71,73,81,85;60;2;TEST;53;477;58;6.831567;28;5.870021;-0.961546;0.85925;24;45.283019
OVERALL;27;03,05,17,33,43,47,53,58,60,71,73,81,85;71;13;TEST;53;477;63;7.420495;37;7.756813;0.336319;1.045323;27;50.943396
OVERALL;27;03,05,17,33,43,47,53,58,60,71,73,81,85;73;8;TEST;53;477;68;8.009423;27;5.660377;-2.349045;0.706715;22;41.509434
OVERALL;27;03,05,17,33,43,47,53,58,60,71,73,81,85;81;5;TEST;53;477;61;7.184923;36;7.54717;0.362246;1.050418;27;50.943396
OVERALL;27;03,05,17,33,43,47,53,58,60,71,73,81,85;85;3;TEST;53;477;65;7.656066;37;7.756813;0.100747;1.013159;30;56.603774
OVERALL;28;06,08,19,30,38,40,56,64,65,66,83,86,88;6;5;DISCOVERY;148;1332;182;7.151277;110;8.258258;1.106981;1.154795;81;54.72973
OVERALL;28;06,08,19,30,38,40,56,64,65,66,83,86,88;8;11;DISCOVERY;148;1332;179;7.033399;105;7.882883;0.849484;1.120779;77;52.027027
OVERALL;28;06,08,19,30,38,40,56,64,65,66,83,86,88;19;13;DISCOVERY;148;1332;182;7.151277;106;7.957958;0.806681;1.112802;79;53.378378
OVERALL;28;06,08,19,30,38,40,56,64,65,66,83,86,88;30;1;DISCOVERY;148;1332;163;6.404715;113;8.483483;2.078768;1.324568;77;52.027027
OVERALL;28;06,08,19,30,38,40,56,64,65,66,83,86,88;38;6;DISCOVERY;148;1332;176;6.915521;105;7.882883;0.967362;1.139883;79;53.378378
OVERALL;28;06,08,19,30,38,40,56,64,65,66,83,86,88;40;8;DISCOVERY;148;1332;166;6.522593;99;7.432432;0.909839;1.13949;80;54.054054
OVERALL;28;06,08,19,30,38,40,56,64,65,66,83,86,88;56;9;DISCOVERY;148;1332;184;7.229862;108;8.108108;0.878246;1.121475;77;52.027027
OVERALL;28;06,08,19,30,38,40,56,64,65,66,83,86,88;64;7;DISCOVERY;148;1332;160;6.286837;96;7.207207;0.92037;1.146396;70;47.297297
OVERALL;28;06,08,19,30,38,40,56,64,65,66,83,86,88;65;2;DISCOVERY;148;1332;174;6.836935;111;8.333333;1.496398;1.21887;86;58.108108
OVERALL;28;06,08,19,30,38,40,56,64,65,66,83,86,88;66;10;DISCOVERY;148;1332;173;6.797642;102;7.657658;0.860015;1.126517;81;54.72973
OVERALL;28;06,08,19,30,38,40,56,64,65,66,83,86,88;83;12;DISCOVERY;148;1332;187;7.347741;109;8.183183;0.835443;1.113701;78;52.702703
OVERALL;28;06,08,19,30,38,40,56,64,65,66,83,86,88;86;3;DISCOVERY;148;1332;188;7.387033;117;8.783784;1.39675;1.189081;88;59.459459
OVERALL;28;06,08,19,30,38,40,56,64,65,66,83,86,88;88;4;DISCOVERY;148;1332;191;7.504912;115;8.633634;1.128722;1.150398;90;60.810811
OVERALL;28;06,08,19,30,38,40,56,64,65,66,83,86,88;6;5;VALIDATION;57;513;70;8.244994;37;7.212476;-1.032518;0.87477;26;45.614035
OVERALL;28;06,08,19,30,38,40,56,64,65,66,83,86,88;8;11;VALIDATION;57;513;46;5.418139;29;5.653021;0.234882;1.043351;23;40.350877
OVERALL;28;06,08,19,30,38,40,56,64,65,66,83,86,88;19;13;VALIDATION;57;513;60;7.067138;43;8.382066;1.314928;1.186062;30;52.631579
OVERALL;28;06,08,19,30,38,40,56,64,65,66,83,86,88;30;1;VALIDATION;57;513;49;5.771496;34;6.62768;0.856184;1.148347;28;49.122807
OVERALL;28;06,08,19,30,38,40,56,64,65,66,83,86,88;38;6;VALIDATION;57;513;61;7.184923;44;8.576998;1.392075;1.193749;32;56.140351
OVERALL;28;06,08,19,30,38,40,56,64,65,66,83,86,88;40;8;VALIDATION;57;513;61;7.184923;32;6.237817;-0.947107;0.868181;24;42.105263
OVERALL;28;06,08,19,30,38,40,56,64,65,66,83,86,88;56;9;VALIDATION;57;513;50;5.889282;27;5.263158;-0.626124;0.893684;26;45.614035
OVERALL;28;06,08,19,30,38,40,56,64,65,66,83,86,88;64;7;VALIDATION;57;513;51;6.007067;29;5.653021;-0.354046;0.941062;26;45.614035
OVERALL;28;06,08,19,30,38,40,56,64,65,66,83,86,88;65;2;VALIDATION;57;513;68;8.009423;34;6.62768;-1.381743;0.827485;27;47.368421
OVERALL;28;06,08,19,30,38,40,56,64,65,66,83,86,88;66;10;VALIDATION;57;513;67;7.891637;36;7.017544;-0.874093;0.889238;29;50.877193
OVERALL;28;06,08,19,30,38,40,56,64,65,66,83,86,88;83;12;VALIDATION;57;513;59;6.949352;33;6.432749;-0.516604;0.925662;27;47.368421
OVERALL;28;06,08,19,30,38,40,56,64,65,66,83,86,88;86;3;VALIDATION;57;513;65;7.656066;38;7.407407;-0.248659;0.967521;31;54.385965
OVERALL;28;06,08,19,30,38,40,56,64,65,66,83,86,88;88;4;VALIDATION;57;513;52;6.124853;31;6.042885;-0.081968;0.986617;25;43.859649
OVERALL;28;06,08,19,30,38,40,56,64,65,66,83,86,88;6;5;TEST;65;585;67;7.891637;43;7.350427;-0.54121;0.93142;35;53.846154
OVERALL;28;06,08,19,30,38,40,56,64,65,66,83,86,88;8;11;TEST;65;585;59;6.949352;40;6.837607;-0.111745;0.98392;34;52.307692
OVERALL;28;06,08,19,30,38,40,56,64,65,66,83,86,88;19;13;TEST;65;585;57;6.713781;52;8.888889;2.175108;1.323977;41;63.076923
OVERALL;28;06,08,19,30,38,40,56,64,65,66,83,86,88;30;1;TEST;65;585;57;6.713781;28;4.786325;-1.927456;0.71291;21;32.307692
OVERALL;28;06,08,19,30,38,40,56,64,65,66,83,86,88;38;6;TEST;65;585;51;6.007067;40;6.837607;0.83054;1.13826;31;47.692308
OVERALL;28;06,08,19,30,38,40,56,64,65,66,83,86,88;40;8;TEST;65;585;65;7.656066;44;7.521368;-0.134698;0.982406;34;52.307692
OVERALL;28;06,08,19,30,38,40,56,64,65,66,83,86,88;56;9;TEST;65;585;59;6.949352;43;7.350427;0.401075;1.057714;31;47.692308
OVERALL;28;06,08,19,30,38,40,56,64,65,66,83,86,88;64;7;TEST;65;585;57;6.713781;36;6.153846;-0.559935;0.916599;28;43.076923
OVERALL;28;06,08,19,30,38,40,56,64,65,66,83,86,88;65;2;TEST;65;585;52;6.124853;36;6.153846;0.028993;1.004734;22;33.846154
OVERALL;28;06,08,19,30,38,40,56,64,65,66,83,86,88;66;10;TEST;65;585;57;6.713781;39;6.666667;-0.047114;0.992982;32;49.230769
OVERALL;28;06,08,19,30,38,40,56,64,65,66,83,86,88;83;12;TEST;65;585;65;7.656066;37;6.324786;-1.33128;0.826114;32;49.230769
OVERALL;28;06,08,19,30,38,40,56,64,65,66,83,86,88;86;3;TEST;65;585;60;7.067138;41;7.008547;-0.058591;0.991709;32;49.230769
OVERALL;28;06,08,19,30,38,40,56,64,65,66,83,86,88;88;4;TEST;65;585;55;6.47821;26;4.444444;-2.033765;0.686061;25;38.461538
OVERALL;29;02,19,31,37,42,43,45,56,67,68,74,77,90;2;2;DISCOVERY;156;1404;156;6.129666;107;7.621083;1.491417;1.243311;80;51.282051
OVERALL;29;02,19,31,37,42,43,45,56,67,68,74,77,90;19;11;DISCOVERY;156;1404;182;7.151277;110;7.834758;0.683481;1.095575;83;53.205128
OVERALL;29;02,19,31,37,42,43,45,56,67,68,74,77,90;31;4;DISCOVERY;156;1404;161;6.32613;107;7.621083;1.294953;1.204699;76;48.717949
OVERALL;29;02,19,31,37,42,43,45,56,67,68,74,77,90;37;6;DISCOVERY;156;1404;163;6.404715;104;7.407407;1.002692;1.156555;79;50.641026
OVERALL;29;02,19,31,37,42,43,45,56,67,68,74,77,90;42;7;DISCOVERY;156;1404;163;6.404715;104;7.407407;1.002692;1.156555;77;49.358974
OVERALL;29;02,19,31,37,42,43,45,56,67,68,74,77,90;43;13;DISCOVERY;156;1404;172;6.75835;104;7.407407;0.649058;1.096038;76;48.717949
OVERALL;29;02,19,31,37,42,43,45,56,67,68,74,77,90;45;3;DISCOVERY;156;1404;179;7.033399;119;8.475783;1.442385;1.205076;83;53.205128
OVERALL;29;02,19,31,37,42,43,45,56,67,68,74,77,90;56;5;DISCOVERY;156;1404;184;7.229862;117;8.333333;1.103471;1.152627;84;53.846154
OVERALL;29;02,19,31,37,42,43,45,56,67,68,74,77,90;67;1;DISCOVERY;156;1404;164;6.444008;112;7.977208;1.5332;1.237926;77;49.358974
OVERALL;29;02,19,31,37,42,43,45,56,67,68,74,77,90;68;9;DISCOVERY;156;1404;171;6.719057;106;7.549858;0.830801;1.123648;76;48.717949
OVERALL;29;02,19,31,37,42,43,45,56,67,68,74,77,90;74;8;DISCOVERY;156;1404;174;6.836935;110;7.834758;0.997823;1.145946;81;51.923077
OVERALL;29;02,19,31,37,42,43,45,56,67,68,74,77,90;77;10;DISCOVERY;156;1404;191;7.504912;116;8.262108;0.757197;1.100893;83;53.205128
OVERALL;29;02,19,31,37,42,43,45,56,67,68,74,77,90;90;12;DISCOVERY;156;1404;197;7.740668;118;8.404558;0.66389;1.085767;85;54.487179
OVERALL;29;02,19,31,37,42,43,45,56,67,68,74,77,90;2;2;VALIDATION;54;486;48;5.65371;23;4.73251;-0.9212;0.837063;21;38.888889
OVERALL;29;02,19,31,37,42,43,45,56,67,68,74,77,90;19;11;VALIDATION;54;486;60;7.067138;32;6.584362;-0.482776;0.931687;23;42.592593
OVERALL;29;02,19,31,37,42,43,45,56,67,68,74,77,90;31;4;VALIDATION;54;486;51;6.007067;15;3.08642;-2.920647;0.513798;14;25.925926
OVERALL;29;02,19,31,37,42,43,45,56,67,68,74,77,90;37;6;VALIDATION;54;486;71;8.36278;29;5.967078;-2.395702;0.713528;27;50.0
OVERALL;29;02,19,31,37,42,43,45,56,67,68,74,77,90;42;7;VALIDATION;54;486;52;6.124853;23;4.73251;-1.392342;0.772673;21;38.888889
OVERALL;29;02,19,31,37,42,43,45,56,67,68,74,77,90;43;13;VALIDATION;54;486;59;6.949352;24;4.938272;-2.011081;0.710609;19;35.185185
OVERALL;29;02,19,31,37,42,43,45,56,67,68,74,77,90;45;3;VALIDATION;54;486;66;7.773852;41;8.436214;0.662362;1.085204;32;59.259259
OVERALL;29;02,19,31,37,42,43,45,56,67,68,74,77,90;56;5;VALIDATION;54;486;50;5.889282;32;6.584362;0.695081;1.118025;25;46.296296
OVERALL;29;02,19,31,37,42,43,45,56,67,68,74,77,90;67;1;VALIDATION;54;486;53;6.242638;30;6.17284;-0.069799;0.988819;28;51.851852
OVERALL;29;02,19,31,37,42,43,45,56,67,68,74,77,90;68;9;VALIDATION;54;486;71;8.36278;47;9.670782;1.308002;1.156408;27;50.0
OVERALL;29;02,19,31,37,42,43,45,56,67,68,74,77,90;74;8;VALIDATION;54;486;55;6.47821;37;7.613169;1.134959;1.175196;22;40.740741
OVERALL;29;02,19,31,37,42,43,45,56,67,68,74,77,90;77;10;VALIDATION;54;486;67;7.891637;52;10.699588;2.807951;1.355814;33;61.111111
OVERALL;29;02,19,31,37,42,43,45,56,67,68,74,77,90;90;12;VALIDATION;54;486;51;6.007067;27;5.555556;-0.451512;0.924837;22;40.740741
OVERALL;29;02,19,31,37,42,43,45,56,67,68,74,77,90;2;2;TEST;51;459;58;6.831567;36;7.843137;1.011571;1.148073;23;45.098039
OVERALL;29;02,19,31,37,42,43,45,56,67,68,74,77,90;19;11;TEST;51;459;57;6.713781;39;8.496732;1.782951;1.265566;31;60.784314
OVERALL;29;02,19,31,37,42,43,45,56,67,68,74,77,90;31;4;TEST;51;459;59;6.949352;36;7.843137;0.893785;1.128614;29;56.862745
OVERALL;29;02,19,31,37,42,43,45,56,67,68,74,77,90;37;6;TEST;51;459;49;5.771496;27;5.882353;0.110857;1.019208;20;39.215686
OVERALL;29;02,19,31,37,42,43,45,56,67,68,74,77,90;42;7;TEST;51;459;72;8.480565;46;10.021786;1.541221;1.181736;33;64.705882
OVERALL;29;02,19,31,37,42,43,45,56,67,68,74,77,90;43;13;TEST;51;459;65;7.656066;34;7.407407;-0.248659;0.967521;26;50.980392
OVERALL;29;02,19,31,37,42,43,45,56,67,68,74,77,90;45;3;TEST;51;459;60;7.067138;37;8.061002;0.993864;1.140632;29;56.862745
OVERALL;29;02,19,31,37,42,43,45,56,67,68,74,77,90;56;5;TEST;51;459;59;6.949352;30;6.535948;-0.413404;0.940512;21;41.176471
OVERALL;29;02,19,31,37,42,43,45,56,67,68,74,77,90;67;1;TEST;51;459;46;5.418139;17;3.703704;-1.714435;0.683575;14;27.45098
OVERALL;29;02,19,31,37,42,43,45,56,67,68,74,77,90;68;9;TEST;51;459;64;7.53828;30;6.535948;-1.002333;0.867034;22;43.137255
OVERALL;29;02,19,31,37,42,43,45,56,67,68,74,77,90;74;8;TEST;51;459;54;6.360424;35;7.625272;1.264848;1.198862;28;54.901961
OVERALL;29;02,19,31,37,42,43,45,56,67,68,74,77,90;77;10;TEST;51;459;47;5.535925;27;5.882353;0.346428;1.062578;20;39.215686
OVERALL;29;02,19,31,37,42,43,45,56,67,68,74,77,90;90;12;TEST;51;459;53;6.242638;33;7.189542;0.946904;1.151683;27;52.941176
OVERALL;30;18,23,25,29,54,60,62,66,69,70,75,83,85;18;5;DISCOVERY;163;1467;151;5.933202;105;7.157464;1.224262;1.206341;79;48.466258
OVERALL;30;18,23,25,29,54,60,62,66,69,70,75,83,85;23;1;DISCOVERY;163;1467;152;5.972495;116;7.907294;1.934799;1.323951;81;49.693252
OVERALL;30;18,23,25,29,54,60,62,66,69,70,75,83,85;25;10;DISCOVERY;163;1467;173;6.797642;111;7.566462;0.76882;1.113101;85;52.147239
OVERALL;30;18,23,25,29,54,60,62,66,69,70,75,83,85;29;8;DISCOVERY;163;1467;157;6.168959;104;7.089298;0.920339;1.149189;83;50.920245
OVERALL;30;18,23,25,29,54,60,62,66,69,70,75,83,85;54;4;DISCOVERY;163;1467;180;7.072692;122;8.316292;1.2436;1.175831;89;54.601227
OVERALL;30;18,23,25,29,54,60,62,66,69,70,75,83,85;60;6;DISCOVERY;163;1467;134;5.265226;93;6.339468;1.074242;1.204026;65;39.877301
OVERALL;30;18,23,25,29,54,60,62,66,69,70,75,83,85;62;13;DISCOVERY;163;1467;187;7.347741;117;7.97546;0.627719;1.08543;90;55.214724
OVERALL;30;18,23,25,29,54,60,62,66,69,70,75,83,85;66;7;DISCOVERY;163;1467;173;6.797642;114;7.770961;0.973319;1.143185;85;52.147239
OVERALL;30;18,23,25,29,54,60,62,66,69,70,75,83,85;69;3;DISCOVERY;163;1467;162;6.365422;114;7.770961;1.405539;1.220808;85;52.147239
OVERALL;30;18,23,25,29,54,60,62,66,69,70,75,83,85;70;9;DISCOVERY;163;1467;175;6.876228;113;7.702795;0.826567;1.120206;86;52.760736
OVERALL;30;18,23,25,29,54,60,62,66,69,70,75,83,85;75;2;DISCOVERY;163;1467;181;7.111984;127;8.657123;1.545139;1.217259;83;50.920245
OVERALL;30;18,23,25,29,54,60,62,66,69,70,75,83,85;83;12;DISCOVERY;163;1467;187;7.347741;118;8.043626;0.695886;1.094707;86;52.760736
OVERALL;30;18,23,25,29,54,60,62,66,69,70,75,83,85;85;11;DISCOVERY;163;1467;198;7.779961;125;8.520791;0.74083;1.095223;90;55.214724
OVERALL;30;18,23,25,29,54,60,62,66,69,70,75,83,85;18;5;VALIDATION;49;441;45;5.300353;18;4.081633;-1.218721;0.770068;17;34.693878
OVERALL;30;18,23,25,29,54,60,62,66,69,70,75,83,85;23;1;VALIDATION;49;441;45;5.300353;36;8.163265;2.862912;1.540136;26;53.061224
OVERALL;30;18,23,25,29,54,60,62,66,69,70,75,83,85;25;10;VALIDATION;49;441;52;6.124853;22;4.988662;-1.136191;0.814495;18;36.734694
OVERALL;30;18,23,25,29,54,60,62,66,69,70,75,83,85;29;8;VALIDATION;49;441;55;6.47821;20;4.535147;-1.943062;0.700062;18;36.734694
OVERALL;30;18,23,25,29,54,60,62,66,69,70,75,83,85;54;4;VALIDATION;49;441;47;5.535925;17;3.854875;-1.681049;0.696338;15;30.612245
OVERALL;30;18,23,25,29,54,60,62,66,69,70,75,83,85;60;6;VALIDATION;49;441;63;7.420495;21;4.761905;-2.65859;0.641723;20;40.816327
OVERALL;30;18,23,25,29,54,60,62,66,69,70,75,83,85;62;13;VALIDATION;49;441;52;6.124853;30;6.802721;0.677868;1.110675;27;55.102041
OVERALL;30;18,23,25,29,54,60,62,66,69,70,75,83,85;66;7;VALIDATION;49;441;67;7.891637;32;7.256236;-0.635401;0.919484;25;51.020408
OVERALL;30;18,23,25,29,54,60,62,66,69,70,75,83,85;69;3;VALIDATION;49;441;54;6.360424;28;6.349206;-0.011218;0.998236;23;46.938776
OVERALL;30;18,23,25,29,54,60,62,66,69,70,75,83,85;70;9;VALIDATION;49;441;43;5.064782;21;4.761905;-0.302877;0.940199;16;32.653061
OVERALL;30;18,23,25,29,54,60,62,66,69,70,75,83,85;75;2;VALIDATION;49;441;61;7.184923;22;4.988662;-2.196261;0.694324;19;38.77551
OVERALL;30;18,23,25,29,54,60,62,66,69,70,75,83,85;83;12;VALIDATION;49;441;59;6.949352;25;5.668934;-1.280418;0.81575;20;40.816327
OVERALL;30;18,23,25,29,54,60,62,66,69,70,75,83,85;85;11;VALIDATION;49;441;63;7.420495;32;7.256236;-0.164259;0.977864;25;51.020408
OVERALL;30;18,23,25,29,54,60,62,66,69,70,75,83,85;18;5;TEST;57;513;60;7.067138;33;6.432749;-0.634389;0.910234;24;42.105263
OVERALL;30;18,23,25,29,54,60,62,66,69,70,75,83,85;23;1;TEST;57;513;68;8.009423;35;6.822612;-1.186811;0.851823;27;47.368421
OVERALL;30;18,23,25,29,54,60,62,66,69,70,75,83,85;25;10;TEST;57;513;63;7.420495;26;5.068226;-2.352269;0.683004;20;35.087719
OVERALL;30;18,23,25,29,54,60,62,66,69,70,75,83,85;29;8;TEST;57;513;52;6.124853;36;7.017544;0.892691;1.145749;30;52.631579
OVERALL;30;18,23,25,29,54,60,62,66,69,70,75,83,85;54;4;TEST;57;513;59;6.949352;32;6.237817;-0.711535;0.897611;26;45.614035
OVERALL;30;18,23,25,29,54,60,62,66,69,70,75,83,85;60;6;TEST;57;513;58;6.831567;31;6.042885;-0.788682;0.884553;27;47.368421
OVERALL;30;18,23,25,29,54,60,62,66,69,70,75,83,85;62;13;TEST;57;513;58;6.831567;41;7.992203;1.160636;1.169893;28;49.122807
OVERALL;30;18,23,25,29,54,60,62,66,69,70,75,83,85;66;7;TEST;57;513;57;6.713781;37;7.212476;0.498695;1.074279;31;54.385965
OVERALL;30;18,23,25,29,54,60,62,66,69,70,75,83,85;69;3;TEST;57;513;58;6.831567;29;5.653021;-1.178545;0.827485;23;40.350877
OVERALL;30;18,23,25,29,54,60,62,66,69,70,75,83,85;70;9;TEST;57;513;40;4.711425;23;4.483431;-0.227994;0.951608;22;38.596491
OVERALL;30;18,23,25,29,54,60,62,66,69,70,75,83,85;75;2;TEST;57;513;51;6.007067;26;5.068226;-0.938841;0.843711;24;42.105263
OVERALL;30;18,23,25,29,54,60,62,66,69,70,75,83,85;83;12;TEST;57;513;65;7.656066;42;8.187135;0.531069;1.069366;30;52.631579
OVERALL;30;18,23,25,29,54,60,62,66,69,70,75,83,85;85;11;TEST;57;513;65;7.656066;42;8.187135;0.531069;1.069366;32;56.140351
OVERALL;31;13,22,39,43,44,46,50,54,59,65,68,84,87;13;4;DISCOVERY;160;1440;160;6.286837;105;7.291667;1.00483;1.159831;83;51.875
OVERALL;31;13,22,39,43,44,46,50,54,59,65,68,84,87;22;3;DISCOVERY;160;1440;165;6.483301;109;7.569444;1.086144;1.167529;82;51.25
OVERALL;31;13,22,39,43,44,46,50,54,59,65,68,84,87;39;6;DISCOVERY;160;1440;178;6.994106;114;7.916667;0.922561;1.131905;87;54.375
OVERALL;31;13,22,39,43,44,46,50,54,59,65,68,84,87;43;1;DISCOVERY;160;1440;172;6.75835;119;8.263889;1.505539;1.222767;85;53.125
OVERALL;31;13,22,39,43,44,46,50,54,59,65,68,84,87;44;9;DISCOVERY;160;1440;156;6.129666;101;7.013889;0.884223;1.144253;82;51.25
OVERALL;31;13,22,39,43,44,46,50,54,59,65,68,84,87;46;2;DISCOVERY;160;1440;154;6.051081;103;7.152778;1.101697;1.182066;76;47.5
OVERALL;31;13,22,39,43,44,46,50,54,59,65,68,84,87;50;7;DISCOVERY;160;1440;150;5.89391;98;6.805556;0.911646;1.154676;75;46.875
OVERALL;31;13,22,39,43,44,46,50,54,59,65,68,84,87;54;11;DISCOVERY;160;1440;180;7.072692;112;7.777778;0.705086;1.099691;83;51.875
OVERALL;31;13,22,39,43,44,46,50,54,59,65,68,84,87;59;10;DISCOVERY;160;1440;146;5.736739;95;6.597222;0.860484;1.149995;77;48.125
OVERALL;31;13,22,39,43,44,46,50,54,59,65,68,84,87;65;5;DISCOVERY;160;1440;174;6.836935;112;7.777778;0.940843;1.137612;84;52.5
OVERALL;31;13,22,39,43,44,46,50,54,59,65,68,84,87;68;13;DISCOVERY;160;1440;171;6.719057;106;7.361111;0.642054;1.095557;80;50.0
OVERALL;31;13,22,39,43,44,46,50,54,59,65,68,84,87;84;12;DISCOVERY;160;1440;175;6.876228;109;7.569444;0.693217;1.100813;82;51.25
OVERALL;31;13,22,39,43,44,46,50,54,59,65,68,84,87;87;8;DISCOVERY;160;1440;186;7.308448;118;8.194444;0.885997;1.121229;91;56.875
OVERALL;31;13,22,39,43,44,46,50,54,59,65,68,84,87;13;4;VALIDATION;49;441;47;5.535925;19;4.30839;-1.227535;0.77826;14;28.571429
OVERALL;31;13,22,39,43,44,46,50,54,59,65,68,84,87;22;3;VALIDATION;49;441;56;6.595995;23;5.21542;-1.380576;0.790695;18;36.734694
OVERALL;31;13,22,39,43,44,46,50,54,59,65,68,84,87;39;6;VALIDATION;49;441;57;6.713781;32;7.256236;0.542455;1.080797;27;55.102041
OVERALL;31;13,22,39,43,44,46,50,54,59,65,68,84,87;43;1;VALIDATION;49;441;59;6.949352;25;5.668934;-1.280418;0.81575;17;34.693878
OVERALL;31;13,22,39,43,44,46,50,54,59,65,68,84,87;44;9;VALIDATION;49;441;54;6.360424;38;8.61678;2.256356;1.354749;30;61.22449
OVERALL;31;13,22,39,43,44,46,50,54,59,65,68,84,87;46;2;VALIDATION;49;441;55;6.47821;15;3.401361;-3.076849;0.525046;13;26.530612
OVERALL;31;13,22,39,43,44,46,50,54,59,65,68,84,87;50;7;VALIDATION;49;441;48;5.65371;21;4.761905;-0.891805;0.842262;15;30.612245
OVERALL;31;13,22,39,43,44,46,50,54,59,65,68,84,87;54;11;VALIDATION;49;441;47;5.535925;26;5.895692;0.359767;1.064988;22;44.897959
OVERALL;31;13,22,39,43,44,46,50,54,59,65,68,84,87;59;10;VALIDATION;49;441;63;7.420495;33;7.482993;0.062498;1.008422;26;53.061224
OVERALL;31;13,22,39,43,44,46,50,54,59,65,68,84,87;65;5;VALIDATION;49;441;68;8.009423;30;6.802721;-1.206702;0.84934;22;44.897959
OVERALL;31;13,22,39,43,44,46,50,54,59,65,68,84,87;68;13;VALIDATION;49;441;71;8.36278;36;8.163265;-0.199514;0.976143;29;59.183673
OVERALL;31;13,22,39,43,44,46,50,54,59,65,68,84,87;84;12;VALIDATION;49;441;51;6.007067;27;6.122449;0.115382;1.019208;24;48.979592
OVERALL;31;13,22,39,43,44,46,50,54,59,65,68,84,87;87;8;VALIDATION;49;441;58;6.831567;30;6.802721;-0.028845;0.995778;25;51.020408
OVERALL;31;13,22,39,43,44,46,50,54,59,65,68,84,87;13;4;TEST;58;522;57;6.713781;32;6.130268;-0.583513;0.913087;26;44.827586
OVERALL;31;13,22,39,43,44,46,50,54,59,65,68,84,87;22;3;TEST;58;522;59;6.949352;33;6.321839;-0.627513;0.909702;28;48.275862
OVERALL;31;13,22,39,43,44,46,50,54,59,65,68,84,87;39;6;TEST;58;522;61;7.184923;42;8.045977;0.861054;1.119842;31;53.448276
OVERALL;31;13,22,39,43,44,46,50,54,59,65,68,84,87;43;1;TEST;58;522;65;7.656066;31;5.938697;-1.717369;0.775685;23;39.655172
OVERALL;31;13,22,39,43,44,46,50,54,59,65,68,84,87;44;9;TEST;58;522;53;6.242638;37;7.088123;0.845484;1.135437;29;50.0
OVERALL;31;13,22,39,43,44,46,50,54,59,65,68,84,87;46;2;TEST;58;522;58;6.831567;35;6.704981;-0.126586;0.98147;27;46.551724
OVERALL;31;13,22,39,43,44,46,50,54,59,65,68,84,87;50;7;TEST;58;522;42;4.946996;26;4.980843;0.033846;1.006842;21;36.206897
OVERALL;31;13,22,39,43,44,46,50,54,59,65,68,84,87;54;11;TEST;58;522;59;6.949352;31;5.938697;-1.010655;0.854568;23;39.655172
OVERALL;31;13,22,39,43,44,46,50,54,59,65,68,84,87;59;10;TEST;58;522;54;6.360424;29;5.555556;-0.804868;0.873457;24;41.37931
OVERALL;31;13,22,39,43,44,46,50,54,59,65,68,84,87;65;5;TEST;58;522;52;6.124853;27;5.172414;-0.952439;0.844496;23;39.655172
OVERALL;31;13,22,39,43,44,46,50,54,59,65,68,84,87;68;13;TEST;58;522;64;7.53828;34;6.51341;-1.02487;0.864045;30;51.724138
OVERALL;31;13,22,39,43,44,46,50,54,59,65,68,84,87;84;12;TEST;58;522;52;6.124853;23;4.40613;-1.718722;0.719385;19;32.758621
OVERALL;31;13,22,39,43,44,46,50,54,59,65,68,84,87;87;8;TEST;58;522;47;5.535925;28;5.363985;-0.17194;0.968941;26;44.827586
OVERALL;32;04,10,15,16,40,41,50,53,63,68,71,74,80;4;7;DISCOVERY;177;1593;171;6.719057;119;7.470182;0.751125;1.11179;93;52.542373
OVERALL;32;04,10,15,16,40,41,50,53,63,68,71,74,80;10;9;DISCOVERY;177;1593;160;6.286837;111;6.967985;0.681148;1.108345;83;46.892655
OVERALL;32;04,10,15,16,40,41,50,53,63,68,71,74,80;15;13;DISCOVERY;177;1593;159;6.247544;109;6.842436;0.594891;1.09522;87;49.152542
OVERALL;32;04,10,15,16,40,41,50,53,63,68,71,74,80;16;12;DISCOVERY;177;1593;160;6.286837;110;6.90521;0.618373;1.09836;84;47.457627
OVERALL;32;04,10,15,16,40,41,50,53,63,68,71,74,80;40;1;DISCOVERY;177;1593;166;6.522593;127;7.972379;1.449786;1.222271;94;53.107345
OVERALL;32;04,10,15,16,40,41,50,53,63,68,71,74,80;41;10;DISCOVERY;177;1593;170;6.679764;117;7.344633;0.664869;1.099535;96;54.237288
OVERALL;32;04,10,15,16,40,41,50,53,63,68,71,74,80;50;2;DISCOVERY;177;1593;150;5.89391;116;7.281858;1.387949;1.235489;90;50.847458
OVERALL;32;04,10,15,16,40,41,50,53,63,68,71,74,80;53;5;DISCOVERY;177;1593;157;6.168959;115;7.219083;1.050125;1.170227;80;45.19774
OVERALL;32;04,10,15,16,40,41,50,53,63,68,71,74,80;63;11;DISCOVERY;177;1593;182;7.151277;124;7.784055;0.632778;1.088485;92;51.977401
OVERALL;32;04,10,15,16,40,41,50,53,63,68,71,74,80;68;4;DISCOVERY;177;1593;171;6.719057;124;7.784055;1.064998;1.158504;89;50.282486
OVERALL;32;04,10,15,16,40,41,50,53,63,68,71,74,80;71;8;DISCOVERY;177;1593;174;6.836935;120;7.532957;0.696022;1.101803;86;48.587571
OVERALL;32;04,10,15,16,40,41,50,53,63,68,71,74,80;74;3;DISCOVERY;177;1593;174;6.836935;128;8.035154;1.198219;1.175257;93;52.542373
OVERALL;32;04,10,15,16,40,41,50,53,63,68,71,74,80;80;6;DISCOVERY;177;1593;172;6.75835;121;7.595731;0.837382;1.123903;91;51.412429
OVERALL;32;04,10,15,16,40,41,50,53,63,68,71,74,80;4;7;VALIDATION;54;486;45;5.300353;21;4.320988;-0.979366;0.815226;18;33.333333
OVERALL;32;04,10,15,16,40,41,50,53,63,68,71,74,80;10;9;VALIDATION;54;486;57;6.713781;27;5.555556;-1.158225;0.827485;23;42.592593
OVERALL;32;04,10,15,16,40,41,50,53,63,68,71,74,80;15;13;VALIDATION;54;486;73;8.598351;37;7.613169;-0.985182;0.885422;31;57.407407
OVERALL;32;04,10,15,16,40,41,50,53,63,68,71,74,80;16;12;VALIDATION;54;486;67;7.891637;50;10.288066;2.396429;1.303667;32;59.259259
OVERALL;32;04,10,15,16,40,41,50,53,63,68,71,74,80;40;1;VALIDATION;54;486;61;7.184923;27;5.555556;-1.629368;0.773224;24;44.444444
OVERALL;32;04,10,15,16,40,41,50,53,63,68,71,74,80;41;10;VALIDATION;54;486;52;6.124853;27;5.555556;-0.569297;0.907051;21;38.888889
OVERALL;32;04,10,15,16,40,41,50,53,63,68,71,74,80;50;2;VALIDATION;54;486;48;5.65371;28;5.761317;0.107607;1.019033;24;44.444444
OVERALL;32;04,10,15,16,40,41,50,53,63,68,71,74,80;53;5;VALIDATION;54;486;44;5.182568;22;4.526749;-0.655819;0.873457;18;33.333333
OVERALL;32;04,10,15,16,40,41,50,53,63,68,71,74,80;63;11;VALIDATION;54;486;52;6.124853;31;6.378601;0.253748;1.041429;24;44.444444
OVERALL;32;04,10,15,16,40,41,50,53,63,68,71,74,80;68;4;VALIDATION;54;486;71;8.36278;45;9.259259;0.89648;1.107199;36;66.666667
OVERALL;32;04,10,15,16,40,41,50,53,63,68,71,74,80;71;8;VALIDATION;54;486;48;5.65371;26;5.349794;-0.303916;0.946245;20;37.037037
OVERALL;32;04,10,15,16,40,41,50,53,63,68,71,74,80;74;3;VALIDATION;54;486;55;6.47821;26;5.349794;-1.128415;0.825814;20;37.037037
OVERALL;32;04,10,15,16,40,41,50,53,63,68,71,74,80;80;6;VALIDATION;54;486;69;8.127208;34;6.995885;-1.131324;0.860798;24;44.444444
OVERALL;32;04,10,15,16,40,41,50,53,63,68,71,74,80;4;7;TEST;56;504;60;7.067138;31;6.150794;-0.916344;0.870337;25;44.642857
OVERALL;32;04,10,15,16,40,41,50,53,63,68,71,74,80;10;9;TEST;56;504;58;6.831567;36;7.142857;0.311291;1.045567;24;42.857143
OVERALL;32;04,10,15,16,40,41,50,53,63,68,71,74,80;15;13;TEST;56;504;46;5.418139;34;6.746032;1.327893;1.245083;23;41.071429
OVERALL;32;04,10,15,16,40,41,50,53,63,68,71,74,80;16;12;TEST;56;504;50;5.889282;29;5.753968;-0.135313;0.977024;21;37.5
OVERALL;32;04,10,15,16,40,41,50,53,63,68,71,74,80;40;1;TEST;56;504;65;7.656066;39;7.738095;0.082029;1.010714;28;50.0
OVERALL;32;04,10,15,16,40,41,50,53,63,68,71,74,80;41;10;TEST;56;504;69;8.127208;38;7.539683;-0.587526;0.927709;31;55.357143
OVERALL;32;04,10,15,16,40,41,50,53,63,68,71,74,80;50;2;TEST;56;504;42;4.946996;20;3.968254;-0.978742;0.802154;19;33.928571
OVERALL;32;04,10,15,16,40,41,50,53,63,68,71,74,80;53;5;TEST;56;504;53;6.242638;35;6.944444;0.701806;1.112421;26;46.428571
OVERALL;32;04,10,15,16,40,41,50,53,63,68,71,74,80;63;11;TEST;56;504;65;7.656066;41;8.134921;0.478855;1.062546;32;57.142857
OVERALL;32;04,10,15,16,40,41,50,53,63,68,71,74,80;68;4;TEST;56;504;64;7.53828;39;7.738095;0.199815;1.026507;28;50.0
OVERALL;32;04,10,15,16,40,41,50,53,63,68,71,74,80;71;8;TEST;56;504;63;7.420495;42;8.333333;0.912839;1.123016;32;57.142857
OVERALL;32;04,10,15,16,40,41,50,53,63,68,71,74,80;74;3;TEST;56;504;54;6.360424;37;7.34127;0.980846;1.154211;29;51.785714
OVERALL;32;04,10,15,16,40,41,50,53,63,68,71,74,80;80;6;TEST;56;504;68;8.009423;35;6.944444;-1.064978;0.867034;26;46.428571
OVERALL;33;16,25,30,31,41,51,53,65,70,81,84,85,90;16;2;DISCOVERY;172;1548;160;6.286837;120;7.751938;1.465101;1.233043;87;50.581395
OVERALL;33;16,25,30,31,41,51,53,65,70,81,84,85,90;25;13;DISCOVERY;172;1548;173;6.797642;115;7.428941;0.631298;1.09287;91;52.906977
OVERALL;33;16,25,30,31,41,51,53,65,70,81,84,85,90;30;9;DISCOVERY;172;1548;163;6.404715;111;7.170543;0.765828;1.119572;77;44.767442
OVERALL;33;16,25,30,31,41,51,53,65,70,81,84,85,90;31;8;DISCOVERY;172;1548;161;6.32613;112;7.235142;0.909012;1.143692;84;48.837209
OVERALL;33;16,25,30,31,41,51,53,65,70,81,84,85,90;41;11;DISCOVERY;172;1548;170;6.679764;114;7.364341;0.684577;1.102485;91;52.906977
OVERALL;33;16,25,30,31,41,51,53,65,70,81,84,85,90;51;6;DISCOVERY;172;1548;180;7.072692;125;8.074935;1.002244;1.141706;101;58.72093
OVERALL;33;16,25,30,31,41,51,53,65,70,81,84,85,90;53;10;DISCOVERY;172;1548;157;6.168959;107;6.912145;0.743186;1.120472;72;41.860465
OVERALL;33;16,25,30,31,41,51,53,65,70,81,84,85,90;65;12;DISCOVERY;172;1548;174;6.836935;116;7.49354;0.656605;1.096038;88;51.162791
OVERALL;33;16,25,30,31,41,51,53,65,70,81,84,85,90;70;4;DISCOVERY;172;1548;175;6.876228;124;8.010336;1.134108;1.164932;98;56.976744
OVERALL;33;16,25,30,31,41,51,53,65,70,81,84,85,90;81;7;DISCOVERY;172;1548;189;7.426326;130;8.397933;0.971607;1.130833;106;61.627907
OVERALL;33;16,25,30,31,41,51,53,65,70,81,84,85,90;84;5;DISCOVERY;172;1548;175;6.876228;123;7.945736;1.069509;1.155537;96;55.813953
OVERALL;33;16,25,30,31,41,51,53,65,70,81,84,85,90;85;3;DISCOVERY;172;1548;198;7.779961;139;8.979328;1.199367;1.154161;102;59.302326
OVERALL;33;16,25,30,31,41,51,53,65,70,81,84,85,90;90;1;DISCOVERY;172;1548;197;7.740668;144;9.302326;1.561658;1.201747;97;56.395349
OVERALL;33;16,25,30,31,41,51,53,65,70,81,84,85,90;16;2;VALIDATION;56;504;67;7.891637;45;8.928571;1.036934;1.131397;30;53.571429
OVERALL;33;16,25,30,31,41,51,53,65,70,81,84,85,90;25;13;VALIDATION;56;504;52;6.124853;33;6.547619;0.422766;1.069025;28;50.0
OVERALL;33;16,25,30,31,41,51,53,65,70,81,84,85,90;30;9;VALIDATION;56;504;49;5.771496;32;6.349206;0.57771;1.100097;26;46.428571
OVERALL;33;16,25,30,31,41,51,53,65,70,81,84,85,90;31;8;VALIDATION;56;504;51;6.007067;18;3.571429;-2.435639;0.594538;17;30.357143
OVERALL;33;16,25,30,31,41,51,53,65,70,81,84,85,90;41;11;VALIDATION;56;504;52;6.124853;25;4.960317;-1.164535;0.809867;22;39.285714
OVERALL;33;16,25,30,31,41,51,53,65,70,81,84,85,90;51;6;VALIDATION;56;504;60;7.067138;41;8.134921;1.067783;1.151091;29;51.785714
OVERALL;33;16,25,30,31,41,51,53,65,70,81,84,85,90;53;10;VALIDATION;56;504;44;5.182568;31;6.150794;0.968226;1.186824;23;41.071429
OVERALL;33;16,25,30,31,41,51,53,65,70,81,84,85,90;65;12;VALIDATION;56;504;68;8.009423;50;9.920635;1.911212;1.23862;32;57.142857
OVERALL;33;16,25,30,31,41,51,53,65,70,81,84,85,90;70;4;VALIDATION;56;504;43;5.064782;21;4.166667;-0.898115;0.822674;18;32.142857
OVERALL;33;16,25,30,31,41,51,53,65,70,81,84,85,90;81;7;VALIDATION;56;504;60;7.067138;34;6.746032;-0.321106;0.954563;25;44.642857
OVERALL;33;16,25,30,31,41,51,53,65,70,81,84,85,90;84;5;VALIDATION;56;504;51;6.007067;23;4.563492;-1.443575;0.759687;17;30.357143
OVERALL;33;16,25,30,31,41,51,53,65,70,81,84,85,90;85;3;VALIDATION;56;504;63;7.420495;29;5.753968;-1.666526;0.775416;23;41.071429
OVERALL;33;16,25,30,31,41,51,53,65,70,81,84,85,90;90;1;VALIDATION;56;504;51;6.007067;33;6.547619;0.540552;1.089986;26;46.428571
OVERALL;33;16,25,30,31,41,51,53,65,70,81,84,85,90;16;2;TEST;54;486;50;5.889282;30;6.17284;0.283558;1.048148;23;42.592593
OVERALL;33;16,25,30,31,41,51,53,65,70,81,84,85,90;25;13;TEST;54;486;63;7.420495;32;6.584362;-0.836133;0.887321;25;46.296296
OVERALL;33;16,25,30,31,41,51,53,65,70,81,84,85,90;30;9;TEST;54;486;57;6.713781;27;5.555556;-1.158225;0.827485;22;40.740741
OVERALL;33;16,25,30,31,41,51,53,65,70,81,84,85,90;31;8;TEST;54;486;59;6.949352;36;7.407407;0.458055;1.065913;29;53.703704
OVERALL;33;16,25,30,31,41,51,53,65,70,81,84,85,90;41;11;TEST;54;486;69;8.127208;30;6.17284;-1.954369;0.759528;24;44.444444
OVERALL;33;16,25,30,31,41,51,53,65,70,81,84,85,90;51;6;TEST;54;486;55;6.47821;33;6.790123;0.311914;1.048148;26;48.148148
OVERALL;33;16,25,30,31,41,51,53,65,70,81,84,85,90;53;10;TEST;54;486;53;6.242638;41;8.436214;2.193576;1.351386;28;51.851852
OVERALL;33;16,25,30,31,41,51,53,65,70,81,84,85,90;65;12;TEST;54;486;52;6.124853;24;4.938272;-1.186581;0.806268;18;33.333333
OVERALL;33;16,25,30,31,41,51,53,65,70,81,84,85,90;70;4;TEST;54;486;40;4.711425;29;5.967078;1.255653;1.266512;25;46.296296
OVERALL;33;16,25,30,31,41,51,53,65,70,81,84,85,90;81;7;TEST;54;486;61;7.184923;49;10.082305;2.897381;1.403258;36;66.666667
OVERALL;33;16,25,30,31,41,51,53,65,70,81,84,85,90;84;5;TEST;54;486;52;6.124853;26;5.349794;-0.775059;0.873457;24;44.444444
OVERALL;33;16,25,30,31,41,51,53,65,70,81,84,85,90;85;3;TEST;54;486;65;7.656066;41;8.436214;0.780148;1.101899;27;50.0
OVERALL;33;16,25,30,31,41,51,53,65,70,81,84,85,90;90;1;TEST;54;486;53;6.242638;31;6.378601;0.135962;1.02178;30;55.555556
OVERALL;34;04,05,09,14,27,37,45,46,49,52,64,78,84;4;2;DISCOVERY;161;1449;171;6.719057;114;7.867495;1.148438;1.170922;83;51.552795
OVERALL;34;04,05,09,14,27,37,45,46,49,52,64,78,84;5;9;DISCOVERY;161;1449;151;5.933202;97;6.694272;0.76107;1.128273;77;47.826087
OVERALL;34;04,05,09,14,27,37,45,46,49,52,64,78,84;9;6;DISCOVERY;161;1449;145;5.697446;95;6.556246;0.8588;1.150734;73;45.341615
OVERALL;34;04,05,09,14,27,37,45,46,49,52,64,78,84;14;4;DISCOVERY;161;1449;166;6.522593;109;7.522429;0.999836;1.153288;78;48.447205
OVERALL;34;04,05,09,14,27,37,45,46,49,52,64,78,84;27;1;DISCOVERY;161;1449;156;6.129666;107;7.384403;1.254737;1.204699;82;50.931677
OVERALL;34;04,05,09,14,27,37,45,46,49,52,64,78,84;37;8;DISCOVERY;161;1449;163;6.404715;104;7.177364;0.772649;1.120637;78;48.447205
OVERALL;34;04,05,09,14,27,37,45,46,49,52,64,78,84;45;13;DISCOVERY;161;1449;179;7.033399;111;7.660455;0.627057;1.089154;78;48.447205
OVERALL;34;04,05,09,14,27,37,45,46,49,52,64,78,84;46;5;DISCOVERY;161;1449;154;6.051081;101;6.970324;0.919244;1.151914;79;49.068323
OVERALL;34;04,05,09,14,27,37,45,46,49,52,64,78,84;49;10;DISCOVERY;161;1449;188;7.387033;118;8.143547;0.756514;1.102411;86;53.416149
OVERALL;34;04,05,09,14,27,37,45,46,49,52,64,78,84;52;11;DISCOVERY;161;1449;175;6.876228;110;7.591442;0.715214;1.104013;86;53.416149
OVERALL;34;04,05,09,14,27,37,45,46,49,52,64,78,84;64;12;DISCOVERY;161;1449;160;6.286837;101;6.970324;0.683487;1.108717;71;44.099379
OVERALL;34;04,05,09,14,27,37,45,46,49,52,64,78,84;78;3;DISCOVERY;161;1449;168;6.601179;111;7.660455;1.059277;1.160468;86;53.416149
OVERALL;34;04,05,09,14,27,37,45,46,49,52,64,78,84;84;7;DISCOVERY;161;1449;175;6.876228;112;7.729469;0.853241;1.124086;88;54.658385
OVERALL;34;04,05,09,14,27,37,45,46,49,52,64,78,84;4;2;VALIDATION;49;441;45;5.300353;23;5.21542;-0.084934;0.983976;19;38.77551
OVERALL;34;04,05,09,14,27,37,45,46,49,52,64,78,84;5;9;VALIDATION;49;441;50;5.889282;24;5.442177;-0.447105;0.924082;18;36.734694
OVERALL;34;04,05,09,14,27,37,45,46,49,52,64,78,84;9;6;VALIDATION;49;441;65;7.656066;30;6.802721;-0.853345;0.88854;22;44.897959
OVERALL;34;04,05,09,14,27,37,45,46,49,52,64,78,84;14;4;VALIDATION;49;441;52;6.124853;22;4.988662;-1.136191;0.814495;18;36.734694
OVERALL;34;04,05,09,14,27,37,45,46,49,52,64,78,84;27;1;VALIDATION;49;441;53;6.242638;27;6.122449;-0.120189;0.980747;19;38.77551
OVERALL;34;04,05,09,14,27,37,45,46,49,52,64,78,84;37;8;VALIDATION;49;441;71;8.36278;35;7.936508;-0.426272;0.949027;25;51.020408
OVERALL;34;04,05,09,14,27,37,45,46,49,52,64,78,84;45;13;VALIDATION;49;441;66;7.773852;38;8.61678;0.842928;1.108431;33;67.346939
OVERALL;34;04,05,09,14,27,37,45,46,49,52,64,78,84;46;5;VALIDATION;49;441;55;6.47821;27;6.122449;-0.355761;0.945083;20;40.816327
OVERALL;34;04,05,09,14,27,37,45,46,49,52,64,78,84;49;10;VALIDATION;49;441;61;7.184923;39;8.843537;1.658614;1.230846;30;61.22449
OVERALL;34;04,05,09,14,27,37,45,46,49,52,64,78,84;52;11;VALIDATION;49;441;64;7.53828;31;7.029478;-0.508802;0.932504;23;46.938776
OVERALL;34;04,05,09,14,27,37,45,46,49,52,64,78,84;64;12;VALIDATION;49;441;51;6.007067;27;6.122449;0.115382;1.019208;23;46.938776
OVERALL;34;04,05,09,14,27,37,45,46,49,52,64,78,84;78;3;VALIDATION;49;441;58;6.831567;23;5.21542;-1.616147;0.76343;20;40.816327
OVERALL;34;04,05,09,14,27,37,45,46,49,52,64,78,84;84;7;VALIDATION;49;441;51;6.007067;27;6.122449;0.115382;1.019208;23;46.938776
OVERALL;34;04,05,09,14,27,37,45,46,49,52,64,78,84;4;2;TEST;59;531;60;7.067138;36;6.779661;-0.287477;0.959322;30;50.847458
OVERALL;34;04,05,09,14,27,37,45,46,49,52,64,78,84;5;9;TEST;59;531;64;7.53828;42;7.909605;0.371324;1.049258;32;54.237288
OVERALL;34;04,05,09,14,27,37,45,46,49,52,64,78,84;9;6;TEST;59;531;59;6.949352;43;8.097928;1.148576;1.165278;32;54.237288
OVERALL;34;04,05,09,14,27,37,45,46,49,52,64,78,84;14;4;TEST;59;531;55;6.47821;29;5.461394;-1.016816;0.843041;24;40.677966
OVERALL;34;04,05,09,14,27,37,45,46,49,52,64,78,84;27;1;TEST;59;531;53;6.242638;28;5.27307;-0.969569;0.844686;23;38.983051
OVERALL;34;04,05,09,14,27,37,45,46,49,52,64,78,84;37;8;TEST;59;531;49;5.771496;33;6.214689;0.443193;1.07679;26;44.067797
OVERALL;34;04,05,09,14,27,37,45,46,49,52,64,78,84;45;13;TEST;59;531;60;7.067138;33;6.214689;-0.852449;0.879379;25;42.372881
OVERALL;34;04,05,09,14,27,37,45,46,49,52,64,78,84;46;5;TEST;59;531;58;6.831567;35;6.591337;-0.240229;0.964835;30;50.847458
OVERALL;34;04,05,09,14,27,37,45,46,49,52,64,78,84;49;10;TEST;59;531;64;7.53828;43;8.097928;0.559648;1.074241;32;54.237288
OVERALL;34;04,05,09,14,27,37,45,46,49,52,64,78,84;52;11;TEST;59;531;66;7.773852;33;6.214689;-1.559162;0.799435;25;42.372881
OVERALL;34;04,05,09,14,27,37,45,46,49,52,64,78,84;64;12;TEST;59;531;57;6.713781;35;6.591337;-0.122444;0.981762;28;47.457627
OVERALL;34;04,05,09,14,27,37,45,46,49,52,64,78,84;78;3;TEST;59;531;44;5.182568;32;6.026365;0.843798;1.162815;28;47.457627
OVERALL;34;04,05,09,14,27,37,45,46,49,52,64,78,84;84;7;TEST;59;531;52;6.124853;29;5.461394;-0.663459;0.891678;21;35.59322
OVERALL;35;02,06,08,13,19,21,42,58,65,74,82,85,90;2;7;DISCOVERY;164;1476;156;6.129666;108;7.317073;1.187407;1.193715;73;44.512195
OVERALL;35;02,06,08,13,19,21,42,58,65,74,82,85,90;6;2;DISCOVERY;164;1476;182;7.151277;132;8.943089;1.791812;1.250558;92;56.097561
OVERALL;35;02,06,08,13,19,21,42,58,65,74,82,85,90;8;8;DISCOVERY;164;1476;179;7.033399;121;8.197832;1.164433;1.165558;86;52.439024
OVERALL;35;02,06,08,13,19,21,42,58,65,74,82,85,90;13;13;DISCOVERY;164;1476;160;6.286837;104;7.04607;0.759234;1.120766;79;48.170732
OVERALL;35;02,06,08,13,19,21,42,58,65,74,82,85,90;19;12;DISCOVERY;164;1476;182;7.151277;117;7.926829;0.775552;1.108449;92;56.097561
OVERALL;35;02,06,08,13,19,21,42,58,65,74,82,85,90;21;1;DISCOVERY;164;1476;165;6.483301;128;8.672087;2.188786;1.337604;89;54.268293
OVERALL;35;02,06,08,13,19,21,42,58,65,74,82,85,90;42;9;DISCOVERY;164;1476;163;6.404715;111;7.520325;1.11561;1.174186;83;50.609756
OVERALL;35;02,06,08,13,19,21,42,58,65,74,82,85,90;58;11;DISCOVERY;164;1476;158;6.208251;106;7.181572;0.97332;1.156778;78;47.560976
OVERALL;35;02,06,08,13,19,21,42,58,65,74,82,85,90;65;4;DISCOVERY;164;1476;174;6.836935;124;8.401084;1.564149;1.228779;91;55.487805
OVERALL;35;02,06,08,13,19,21,42,58,65,74,82,85,90;74;6;DISCOVERY;164;1476;174;6.836935;119;8.062331;1.225395;1.179232;87;53.04878
OVERALL;35;02,06,08,13,19,21,42,58,65,74,82,85,90;82;3;DISCOVERY;164;1476;188;7.387033;133;9.01084;1.623807;1.219819;95;57.926829
OVERALL;35;02,06,08,13,19,21,42,58,65,74,82,85,90;85;10;DISCOVERY;164;1476;198;7.779961;131;8.875339;1.095378;1.140795;99;60.365854
OVERALL;35;02,06,08,13,19,21,42,58,65,74,82,85,90;90;5;DISCOVERY;164;1476;197;7.740668;133;9.01084;1.270172;1.164091;92;56.097561
OVERALL;35;02,06,08,13,19,21,42,58,65,74,82,85,90;2;7;VALIDATION;63;567;48;5.65371;24;4.232804;-1.420906;0.748677;23;36.507937
OVERALL;35;02,06,08,13,19,21,42,58,65,74,82,85,90;6;2;VALIDATION;63;567;70;8.244994;44;7.760141;-0.484853;0.941194;32;50.793651
OVERALL;35;02,06,08,13,19,21,42,58,65,74,82,85,90;8;8;VALIDATION;63;567;46;5.418139;33;5.820106;0.401967;1.074189;25;39.68254
OVERALL;35;02,06,08,13,19,21,42,58,65,74,82,85,90;13;13;VALIDATION;63;567;47;5.535925;35;6.17284;0.636915;1.115051;24;38.095238
OVERALL;35;02,06,08,13,19,21,42,58,65,74,82,85,90;19;12;VALIDATION;63;567;60;7.067138;45;7.936508;0.86937;1.123016;28;44.444444
OVERALL;35;02,06,08,13,19,21,42,58,65,74,82,85,90;21;1;VALIDATION;63;567;64;7.53828;45;7.936508;0.398228;1.052827;33;52.380952
OVERALL;35;02,06,08,13,19,21,42,58,65,74,82,85,90;42;9;VALIDATION;63;567;52;6.124853;27;4.761905;-1.362948;0.777473;24;38.095238
OVERALL;35;02,06,08,13,19,21,42,58,65,74,82,85,90;58;11;VALIDATION;63;567;52;6.124853;34;5.996473;-0.12838;0.979039;31;49.206349
OVERALL;35;02,06,08,13,19,21,42,58,65,74,82,85,90;65;4;VALIDATION;63;567;68;8.009423;51;8.994709;0.985286;1.123016;32;50.793651
OVERALL;35;02,06,08,13,19,21,42,58,65,74,82,85,90;74;6;VALIDATION;63;567;55;6.47821;34;5.996473;-0.481737;0.925637;25;39.68254
OVERALL;35;02,06,08,13,19,21,42,58,65,74,82,85,90;82;3;VALIDATION;63;567;60;7.067138;47;8.289242;1.222104;1.172928;33;52.380952
OVERALL;35;02,06,08,13,19,21,42,58,65,74,82,85,90;85;10;VALIDATION;63;567;63;7.420495;27;4.761905;-2.65859;0.641723;24;38.095238
OVERALL;35;02,06,08,13,19,21,42,58,65,74,82,85,90;90;5;VALIDATION;63;567;51;6.007067;28;4.938272;-1.068796;0.822077;25;39.68254
OVERALL;35;02,06,08,13,19,21,42,58,65,74,82,85,90;2;7;TEST;50;450;58;6.831567;34;7.555556;0.723989;1.105977;24;48.0
OVERALL;35;02,06,08,13,19,21,42,58,65,74,82,85,90;6;2;TEST;50;450;67;7.891637;25;5.555556;-2.336082;0.70398;22;44.0
OVERALL;35;02,06,08,13,19,21,42,58,65,74,82,85,90;8;8;TEST;50;450;59;6.949352;36;8.0;1.050648;1.151186;33;66.0
OVERALL;35;02,06,08,13,19,21,42,58,65,74,82,85,90;13;13;TEST;50;450;57;6.713781;30;6.666667;-0.047114;0.992982;20;40.0
OVERALL;35;02,06,08,13,19,21,42,58,65,74,82,85,90;19;12;TEST;50;450;57;6.713781;25;5.555556;-1.158225;0.827485;20;40.0
OVERALL;35;02,06,08,13,19,21,42,58,65,74,82,85,90;21;1;TEST;50;450;56;6.595995;31;6.888889;0.292894;1.044405;22;44.0
OVERALL;35;02,06,08,13,19,21,42,58,65,74,82,85,90;42;9;TEST;50;450;72;8.480565;37;8.222222;-0.258343;0.969537;30;60.0
OVERALL;35;02,06,08,13,19,21,42,58,65,74,82,85,90;58;11;TEST;50;450;67;7.891637;33;7.333333;-0.558304;0.929254;24;48.0
OVERALL;35;02,06,08,13,19,21,42,58,65,74,82,85,90;65;4;TEST;50;450;52;6.124853;25;5.555556;-0.569297;0.907051;17;34.0
OVERALL;35;02,06,08,13,19,21,42,58,65,74,82,85,90;74;6;TEST;50;450;54;6.360424;33;7.333333;0.972909;1.152963;25;50.0
OVERALL;35;02,06,08,13,19,21,42,58,65,74,82,85,90;82;3;TEST;50;450;54;6.360424;27;6.0;-0.360424;0.943333;25;50.0
OVERALL;35;02,06,08,13,19,21,42,58,65,74,82,85,90;85;10;TEST;50;450;65;7.656066;28;6.222222;-1.433844;0.812718;23;46.0
OVERALL;35;02,06,08,13,19,21,42,58,65,74,82,85,90;90;5;TEST;50;450;53;6.242638;34;7.555556;1.312917;1.210314;30;60.0
OVERALL;36;01,05,07,26,29,33,41,56,59,64,71,74,88;1;7;DISCOVERY;156;1404;195;7.662083;121;8.618234;0.956151;1.12479;86;55.128205
OVERALL;36;01,05,07,26,29,33,41,56,59,64,71,74,88;5;1;DISCOVERY;156;1404;151;5.933202;105;7.478632;1.54543;1.260472;79;50.641026
OVERALL;36;01,05,07,26,29,33,41,56,59,64,71,74,88;7;2;DISCOVERY;156;1404;149;5.854617;101;7.193732;1.339115;1.228728;78;50.0
OVERALL;36;01,05,07,26,29,33,41,56,59,64,71,74,88;26;10;DISCOVERY;156;1404;172;6.75835;105;7.478632;0.720283;1.106577;81;51.923077
OVERALL;36;01,05,07,26,29,33,41,56,59,64,71,74,88;29;12;DISCOVERY;156;1404;157;6.168959;96;6.837607;0.668648;1.108389;74;47.435897
OVERALL;36;01,05,07,26,29,33,41,56,59,64,71,74,88;33;5;DISCOVERY;156;1404;172;6.75835;111;7.905983;1.147633;1.16981;77;49.358974
OVERALL;36;01,05,07,26,29,33,41,56,59,64,71,74,88;41;9;DISCOVERY;156;1404;170;6.679764;106;7.549858;0.870093;1.130258;81;51.923077
OVERALL;36;01,05,07,26,29,33,41,56,59,64,71,74,88;56;8;DISCOVERY;156;1404;184;7.229862;114;8.119658;0.889796;1.123072;85;54.487179
OVERALL;36;01,05,07,26,29,33,41,56,59,64,71,74,88;59;11;DISCOVERY;156;1404;146;5.736739;90;6.410256;0.673518;1.117404;74;47.435897
OVERALL;36;01,05,07,26,29,33,41,56,59,64,71,74,88;64;6;DISCOVERY;156;1404;160;6.286837;102;7.264957;0.97812;1.155582;73;46.794872
OVERALL;36;01,05,07,26,29,33,41,56,59,64,71,74,88;71;3;DISCOVERY;156;1404;174;6.836935;113;8.048433;1.211498;1.177199;84;53.846154
OVERALL;36;01,05,07,26,29,33,41,56,59,64,71,74,88;74;13;DISCOVERY;156;1404;174;6.836935;105;7.478632;0.641697;1.093857;77;49.358974
OVERALL;36;01,05,07,26,29,33,41,56,59,64,71,74,88;88;4;DISCOVERY;156;1404;191;7.504912;122;8.689459;1.184547;1.157836;91;58.333333
OVERALL;36;01,05,07,26,29,33,41,56,59,64,71,74,88;1;7;VALIDATION;50;450;51;6.007067;21;4.666667;-1.3404;0.776863;19;38.0
OVERALL;36;01,05,07,26,29,33,41,56,59,64,71,74,88;5;1;VALIDATION;50;450;50;5.889282;23;5.111111;-0.77817;0.867867;19;38.0
OVERALL;36;01,05,07,26,29,33,41,56,59,64,71,74,88;7;2;VALIDATION;50;450;60;7.067138;32;7.111111;0.043973;1.006222;27;54.0
OVERALL;36;01,05,07,26,29,33,41,56,59,64,71,74,88;26;10;VALIDATION;50;450;46;5.418139;24;5.333333;-0.084806;0.984348;21;42.0
OVERALL;36;01,05,07,26,29,33,41,56,59,64,71,74,88;29;12;VALIDATION;50;450;55;6.47821;25;5.555556;-0.922654;0.857576;20;40.0
OVERALL;36;01,05,07,26,29,33,41,56,59,64,71,74,88;33;5;VALIDATION;50;450;57;6.713781;32;7.111111;0.39733;1.059181;25;50.0
OVERALL;36;01,05,07,26,29,33,41,56,59,64,71,74,88;41;9;VALIDATION;50;450;52;6.124853;30;6.666667;0.541814;1.088462;20;40.0
OVERALL;36;01,05,07,26,29,33,41,56,59,64,71,74,88;56;8;VALIDATION;50;450;50;5.889282;28;6.222222;0.332941;1.056533;24;48.0
OVERALL;36;01,05,07,26,29,33,41,56,59,64,71,74,88;59;11;VALIDATION;50;450;63;7.420495;36;8.0;0.579505;1.078095;27;54.0
OVERALL;36;01,05,07,26,29,33,41,56,59,64,71,74,88;64;6;VALIDATION;50;450;51;6.007067;27;6.0;-0.007067;0.998824;24;48.0
OVERALL;36;01,05,07,26,29,33,41,56,59,64,71,74,88;71;3;VALIDATION;50;450;48;5.65371;31;6.888889;1.235179;1.218472;23;46.0
OVERALL;36;01,05,07,26,29,33,41,56,59,64,71,74,88;74;13;VALIDATION;50;450;55;6.47821;25;5.555556;-0.922654;0.857576;20;40.0
OVERALL;36;01,05,07,26,29,33,41,56,59,64,71,74,88;88;4;VALIDATION;50;450;52;6.124853;29;6.444444;0.319592;1.052179;25;50.0
OVERALL;36;01,05,07,26,29,33,41,56,59,64,71,74,88;1;7;TEST;44;396;54;6.360424;20;5.050505;-1.309919;0.794052;17;38.636364
OVERALL;36;01,05,07,26,29,33,41,56,59,64,71,74,88;5;1;TEST;44;396;64;7.53828;32;8.080808;0.542528;1.07197;24;54.545455
OVERALL;36;01,05,07,26,29,33,41,56,59,64,71,74,88;7;2;TEST;44;396;57;6.713781;37;9.343434;2.629653;1.39168;26;59.090909
OVERALL;36;01,05,07,26,29,33,41,56,59,64,71,74,88;26;10;TEST;44;396;47;5.535925;22;5.555556;0.019631;1.003546;19;43.181818
OVERALL;36;01,05,07,26,29,33,41,56,59,64,71,74,88;29;12;TEST;44;396;52;6.124853;26;6.565657;0.440804;1.07197;22;50.0
OVERALL;36;01,05,07,26,29,33,41,56,59,64,71,74,88;33;5;TEST;44;396;55;6.47821;20;5.050505;-1.427705;0.779614;17;38.636364
OVERALL;36;01,05,07,26,29,33,41,56,59,64,71,74,88;41;9;TEST;44;396;69;8.127208;26;6.565657;-1.561552;0.807861;21;47.727273
OVERALL;36;01,05,07,26,29,33,41,56,59,64,71,74,88;56;8;TEST;44;396;59;6.949352;31;7.828283;0.878931;1.126477;24;54.545455
OVERALL;36;01,05,07,26,29,33,41,56,59,64,71,74,88;59;11;TEST;44;396;54;6.360424;18;4.545455;-1.814969;0.714646;14;31.818182
OVERALL;36;01,05,07,26,29,33,41,56,59,64,71,74,88;64;6;TEST;44;396;57;6.713781;23;5.808081;-0.9057;0.865098;19;43.181818
OVERALL;36;01,05,07,26,29,33,41,56,59,64,71,74,88;71;3;TEST;44;396;63;7.420495;32;8.080808;0.660313;1.088985;25;56.818182
OVERALL;36;01,05,07,26,29,33,41,56,59,64,71,74,88;74;13;TEST;44;396;54;6.360424;27;6.818182;0.457758;1.07197;23;52.272727
OVERALL;36;01,05,07,26,29,33,41,56,59,64,71,74,88;88;4;TEST;44;396;55;6.47821;26;6.565657;0.087447;1.013499;21;47.727273
OVERALL;37;06,09,11,12,15,19,34,57,63,67,76,78,88;6;13;DISCOVERY;163;1467;182;7.151277;117;7.97546;0.824183;1.11525;86;52.760736
OVERALL;37;06,09,11,12,15,19,34,57,63,67,76,78,88;9;4;DISCOVERY;163;1467;145;5.697446;101;6.884799;1.187353;1.208401;75;46.01227
OVERALL;37;06,09,11,12,15,19,34,57,63,67,76,78,88;11;3;DISCOVERY;163;1467;171;6.719057;116;7.907294;1.188237;1.176846;87;53.374233
OVERALL;37;06,09,11,12,15,19,34,57,63,67,76,78,88;12;10;DISCOVERY;163;1467;173;6.797642;114;7.770961;0.973319;1.143185;84;51.533742
OVERALL;37;06,09,11,12,15,19,34,57,63,67,76,78,88;15;9;DISCOVERY;163;1467;159;6.247544;106;7.225631;0.978086;1.156555;81;49.693252
OVERALL;37;06,09,11,12,15,19,34,57,63,67,76,78,88;19;12;DISCOVERY;163;1467;182;7.151277;118;8.043626;0.892349;1.124782;87;53.374233
OVERALL;37;06,09,11,12,15,19,34,57,63,67,76,78,88;34;1;DISCOVERY;163;1467;163;6.404715;112;7.634628;1.229913;1.192032;80;49.079755
OVERALL;37;06,09,11,12,15,19,34,57,63,67,76,78,88;57;8;DISCOVERY;163;1467;170;6.679764;113;7.702795;1.023031;1.153154;88;53.98773
OVERALL;37;06,09,11,12,15,19,34,57,63,67,76,78,88;63;7;DISCOVERY;163;1467;182;7.151277;120;8.179959;1.028682;1.143846;90;55.214724
OVERALL;37;06,09,11,12,15,19,34,57,63,67,76,78,88;67;5;DISCOVERY;163;1467;164;6.444008;111;7.566462;1.122454;1.174186;81;49.693252
OVERALL;37;06,09,11,12,15,19,34,57,63,67,76,78,88;76;11;DISCOVERY;163;1467;161;6.32613;107;7.293797;0.967667;1.152964;80;49.079755
OVERALL;37;06,09,11,12,15,19,34,57,63,67,76,78,88;78;6;DISCOVERY;163;1467;168;6.601179;112;7.634628;1.03345;1.156555;82;50.306748
OVERALL;37;06,09,11,12,15,19,34,57,63,67,76,78,88;88;2;DISCOVERY;163;1467;191;7.504912;128;8.72529;1.220378;1.162611;96;58.895706
OVERALL;37;06,09,11,12,15,19,34,57,63,67,76,78,88;6;13;VALIDATION;71;639;70;8.244994;60;9.389671;1.144677;1.138833;40;56.338028
OVERALL;37;06,09,11,12,15,19,34,57,63,67,76,78,88;9;4;VALIDATION;71;639;65;7.656066;50;7.824726;0.16866;1.02203;37;52.112676
OVERALL;37;06,09,11,12,15,19,34,57,63,67,76,78,88;11;3;VALIDATION;71;639;56;6.595995;42;6.57277;-0.023225;0.996479;35;49.295775
OVERALL;37;06,09,11,12,15,19,34,57,63,67,76,78,88;12;10;VALIDATION;71;639;49;5.771496;37;5.790297;0.018801;1.003258;31;43.661972
OVERALL;37;06,09,11,12,15,19,34,57,63,67,76,78,88;15;9;VALIDATION;71;639;73;8.598351;55;8.607199;0.008848;1.001029;44;61.971831
OVERALL;37;06,09,11,12,15,19,34,57,63,67,76,78,88;19;12;VALIDATION;71;639;60;7.067138;41;6.416275;-0.650862;0.907903;34;47.887324
OVERALL;37;06,09,11,12,15,19,34,57,63,67,76,78,88;34;1;VALIDATION;71;639;50;5.889282;29;4.538341;-1.35094;0.77061;25;35.211268
OVERALL;37;06,09,11,12,15,19,34,57,63,67,76,78,88;57;8;VALIDATION;71;639;52;6.124853;35;5.477308;-0.647544;0.894276;29;40.84507
OVERALL;37;06,09,11,12,15,19,34,57,63,67,76,78,88;63;7;VALIDATION;71;639;52;6.124853;51;7.981221;1.856368;1.303088;40;56.338028
OVERALL;37;06,09,11,12,15,19,34,57,63,67,76,78,88;67;5;VALIDATION;71;639;53;6.242638;36;5.633803;-0.608836;0.902471;29;40.84507
OVERALL;37;06,09,11,12,15,19,34,57,63,67,76,78,88;76;11;VALIDATION;71;639;65;7.656066;54;8.450704;0.794638;1.103792;37;52.112676
OVERALL;37;06,09,11,12,15,19,34,57,63,67,76,78,88;78;6;VALIDATION;71;639;58;6.831567;45;7.042254;0.210687;1.03084;34;47.887324
OVERALL;37;06,09,11,12,15,19,34,57,63,67,76,78,88;88;2;VALIDATION;71;639;52;6.124853;44;6.885759;0.760906;1.124233;34;47.887324
OVERALL;37;06,09,11,12,15,19,34,57,63,67,76,78,88;6;13;TEST;49;441;67;7.891637;30;6.802721;-1.088916;0.862016;23;46.938776
OVERALL;37;06,09,11,12,15,19,34,57,63,67,76,78,88;9;4;TEST;49;441;59;6.949352;45;10.204082;3.254729;1.46835;29;59.183673
OVERALL;37;06,09,11,12,15,19,34,57,63,67,76,78,88;11;3;TEST;49;441;55;6.47821;28;6.349206;-0.129003;0.980087;22;44.897959
OVERALL;37;06,09,11,12,15,19,34,57,63,67,76,78,88;12;10;TEST;49;441;40;4.711425;20;4.535147;-0.176278;0.962585;16;32.653061
OVERALL;37;06,09,11,12,15,19,34,57,63,67,76,78,88;15;9;TEST;49;441;46;5.418139;33;7.482993;2.064854;1.3811;25;51.020408
OVERALL;37;06,09,11,12,15,19,34,57,63,67,76,78,88;19;12;TEST;49;441;57;6.713781;32;7.256236;0.542455;1.080797;25;51.020408
OVERALL;37;06,09,11,12,15,19,34,57,63,67,76,78,88;34;1;TEST;49;441;61;7.184923;25;5.668934;-1.515989;0.789004;21;42.857143
OVERALL;37;06,09,11,12,15,19,34,57,63,67,76,78,88;57;8;TEST;49;441;51;6.007067;25;5.668934;-0.338133;0.943711;18;36.734694
OVERALL;37;06,09,11,12,15,19,34,57,63,67,76,78,88;63;7;TEST;49;441;65;7.656066;35;7.936508;0.280442;1.03663;28;57.142857
OVERALL;37;06,09,11,12,15,19,34,57,63,67,76,78,88;67;5;TEST;49;441;46;5.418139;25;5.668934;0.250795;1.046288;19;38.77551
OVERALL;37;06,09,11,12,15,19,34,57,63,67,76,78,88;76;11;TEST;49;441;49;5.771496;25;5.668934;-0.102562;0.98223;19;38.77551
OVERALL;37;06,09,11,12,15,19,34,57,63,67,76,78,88;78;6;TEST;49;441;44;5.182568;24;5.442177;0.259609;1.050093;21;42.857143
OVERALL;37;06,09,11,12,15,19,34,57,63,67,76,78,88;88;2;TEST;49;441;55;6.47821;35;7.936508;1.458298;1.225108;23;46.938776
OVERALL;38;15,29,33,47,54,55,57,58,60,67,72,79,85;15;12;DISCOVERY;176;1584;159;6.247544;109;6.881313;0.633769;1.101443;86;48.863636
OVERALL;38;15,29,33,47,54,55,57,58,60,67,72,79,85;29;1;DISCOVERY;176;1584;157;6.168959;118;7.449495;1.280536;1.207577;97;55.113636
OVERALL;38;15,29,33,47,54,55,57,58,60,67,72,79,85;33;8;DISCOVERY;176;1584;172;6.75835;119;7.512626;0.754277;1.111607;89;50.568182
OVERALL;38;15,29,33,47,54,55,57,58,60,67,72,79,85;47;6;DISCOVERY;176;1584;164;6.444008;117;7.386364;0.942356;1.146238;86;48.863636
OVERALL;38;15,29,33,47,54,55,57,58,60,67,72,79,85;54;13;DISCOVERY;176;1584;180;7.072692;122;7.70202;0.629329;1.08898;94;53.409091
OVERALL;38;15,29,33,47,54,55,57,58,60,67,72,79,85;55;11;DISCOVERY;176;1584;191;7.504912;129;8.143939;0.639028;1.085148;93;52.840909
OVERALL;38;15,29,33,47,54,55,57,58,60,67,72,79,85;57;5;DISCOVERY;176;1584;170;6.679764;121;7.638889;0.959125;1.143587;99;56.25
OVERALL;38;15,29,33,47,54,55,57,58,60,67,72,79,85;58;4;DISCOVERY;176;1584;158;6.208251;116;7.323232;1.114981;1.179597;88;50.0
OVERALL;38;15,29,33,47,54,55,57,58,60,67,72,79,85;60;10;DISCOVERY;176;1584;134;5.265226;95;5.997475;0.732249;1.139073;70;39.772727
OVERALL;38;15,29,33,47,54,55,57,58,60,67,72,79,85;67;9;DISCOVERY;176;1584;164;6.444008;114;7.19697;0.752962;1.116847;86;48.863636
OVERALL;38;15,29,33,47,54,55,57,58,60,67,72,79,85;72;3;DISCOVERY;176;1584;167;6.561886;122;7.70202;1.140134;1.173751;93;52.840909
OVERALL;38;15,29,33,47,54,55,57,58,60,67,72,79,85;79;2;DISCOVERY;176;1584;184;7.229862;133;8.396465;1.166602;1.161359;103;58.522727
OVERALL;38;15,29,33,47,54,55,57,58,60,67,72,79,85;85;7;DISCOVERY;176;1584;198;7.779961;138;8.712121;0.932161;1.119816;99;56.25
OVERALL;38;15,29,33,47,54,55,57,58,60,67,72,79,85;15;12;VALIDATION;59;531;73;8.598351;49;9.227872;0.629521;1.073214;37;62.711864
OVERALL;38;15,29,33,47,54,55,57,58,60,67,72,79,85;29;1;VALIDATION;59;531;55;6.47821;26;4.896422;-1.581788;0.755829;23;38.983051
OVERALL;38;15,29,33,47,54,55,57,58,60,67,72,79,85;33;8;VALIDATION;59;531;57;6.713781;41;7.721281;1.0075;1.150064;29;49.152542
OVERALL;38;15,29,33,47,54,55,57,58,60,67,72,79,85;47;6;VALIDATION;59;531;73;8.598351;49;9.227872;0.629521;1.073214;35;59.322034
OVERALL;38;15,29,33,47,54,55,57,58,60,67,72,79,85;54;13;VALIDATION;59;531;47;5.535925;29;5.461394;-0.074531;0.986537;27;45.762712
OVERALL;38;15,29,33,47,54,55,57,58,60,67,72,79,85;55;11;VALIDATION;59;531;61;7.184923;30;5.649718;-1.535206;0.78633;23;38.983051
OVERALL;38;15,29,33,47,54,55,57,58,60,67,72,79,85;57;5;VALIDATION;59;531;52;6.124853;23;4.33145;-1.793403;0.707193;22;37.288136
OVERALL;38;15,29,33,47,54,55,57,58,60,67,72,79,85;58;4;VALIDATION;59;531;52;6.124853;32;6.026365;-0.098487;0.98392;29;49.152542
OVERALL;38;15,29,33,47,54,55,57,58,60,67,72,79,85;60;10;VALIDATION;59;531;63;7.420495;49;9.227872;1.807377;1.243566;32;54.237288
OVERALL;38;15,29,33,47,54,55,57,58,60,67,72,79,85;67;9;VALIDATION;59;531;53;6.242638;30;5.649718;-0.592921;0.905021;24;40.677966
OVERALL;38;15,29,33,47,54,55,57,58,60,67,72,79,85;72;3;VALIDATION;59;531;63;7.420495;41;7.721281;0.300786;1.040534;28;47.457627
OVERALL;38;15,29,33,47,54,55,57,58,60,67,72,79,85;79;2;VALIDATION;59;531;67;7.891637;47;8.851224;0.959587;1.121595;34;57.627119
OVERALL;38;15,29,33,47,54,55,57,58,60,67,72,79,85;85;7;VALIDATION;59;531;63;7.420495;36;6.779661;-0.640834;0.91364;30;50.847458
OVERALL;38;15,29,33,47,54,55,57,58,60,67,72,79,85;15;12;TEST;50;450;46;5.418139;15;3.333333;-2.084806;0.615217;13;26.0
OVERALL;38;15,29,33,47,54,55,57,58,60,67,72,79,85;29;1;TEST;50;450;52;6.124853;34;7.555556;1.430703;1.23359;25;50.0
OVERALL;38;15,29,33,47,54,55,57,58,60,67,72,79,85;33;8;TEST;50;450;55;6.47821;33;7.333333;0.855124;1.132;24;48.0
OVERALL;38;15,29,33,47,54,55,57,58,60,67,72,79,85;47;6;TEST;50;450;55;6.47821;28;6.222222;-0.255987;0.960485;25;50.0
OVERALL;38;15,29,33,47,54,55,57,58,60,67,72,79,85;54;13;TEST;50;450;59;6.949352;24;5.333333;-1.616019;0.767458;19;38.0
OVERALL;38;15,29,33,47,54,55,57,58,60,67,72,79,85;55;11;TEST;50;450;60;7.067138;28;6.222222;-0.844916;0.880444;24;48.0
OVERALL;38;15,29,33,47,54,55,57,58,60,67,72,79,85;57;5;TEST;50;450;51;6.007067;29;6.444444;0.437377;1.07281;20;40.0
OVERALL;38;15,29,33,47,54,55,57,58,60,67,72,79,85;58;4;TEST;50;450;67;7.891637;40;8.888889;0.997252;1.126368;30;60.0
OVERALL;38;15,29,33,47,54,55,57,58,60,67,72,79,85;60;10;TEST;50;450;58;6.831567;25;5.555556;-1.276011;0.813218;21;42.0
OVERALL;38;15,29,33,47,54,55,57,58,60,67,72,79,85;67;9;TEST;50;450;46;5.418139;19;4.222222;-1.195917;0.779275;16;32.0
OVERALL;38;15,29,33,47,54,55,57,58,60,67,72,79,85;72;3;TEST;50;450;60;7.067138;26;5.777778;-1.28936;0.817556;23;46.0
OVERALL;38;15,29,33,47,54,55,57,58,60,67,72,79,85;79;2;TEST;50;450;62;7.302709;27;6.0;-1.302709;0.821613;19;38.0
OVERALL;38;15,29,33,47,54,55,57,58,60,67,72,79,85;85;7;TEST;50;450;65;7.656066;32;7.111111;-0.544955;0.928821;28;56.0
OVERALL;39;03,05,06,17,41,42,47,52,62,64,66,75,80;3;11;DISCOVERY;177;1593;168;6.601179;118;7.407407;0.806229;1.122134;84;47.457627
OVERALL;39;03,05,06,17,41,42,47,52,62,64,66,75,80;5;13;DISCOVERY;177;1593;151;5.933202;104;6.528562;0.59536;1.100344;79;44.632768
OVERALL;39;03,05,06,17,41,42,47,52,62,64,66,75,80;6;2;DISCOVERY;177;1593;182;7.151277;133;8.349027;1.19775;1.167488;102;57.627119
OVERALL;39;03,05,06,17,41,42,47,52,62,64,66,75,80;17;9;DISCOVERY;177;1593;177;6.954813;124;7.784055;0.829242;1.119233;93;52.542373
OVERALL;39;03,05,06,17,41,42,47,52,62,64,66,75,80;41;5;DISCOVERY;177;1593;170;6.679764;121;7.595731;0.915967;1.137126;93;52.542373
OVERALL;39;03,05,06,17,41,42,47,52,62,64,66,75,80;42;10;DISCOVERY;177;1593;163;6.404715;115;7.219083;0.814368;1.127151;80;45.19774
OVERALL;39;03,05,06,17,41,42,47,52,62,64,66,75,80;47;7;DISCOVERY;177;1593;164;6.444008;117;7.344633;0.900625;1.139762;92;51.977401
OVERALL;39;03,05,06,17,41,42,47,52,62,64,66,75,80;52;6;DISCOVERY;177;1593;175;6.876228;124;7.784055;0.907827;1.132024;89;50.282486
OVERALL;39;03,05,06,17,41,42,47,52,62,64,66,75,80;62;1;DISCOVERY;177;1593;187;7.347741;138;8.6629;1.31516;1.178988;106;59.887006
OVERALL;39;03,05,06,17,41,42,47,52,62,64,66,75,80;64;3;DISCOVERY;177;1593;160;6.286837;116;7.281858;0.995021;1.158271;88;49.717514
OVERALL;39;03,05,06,17,41,42,47,52,62,64,66,75,80;66;4;DISCOVERY;177;1593;173;6.797642;123;7.721281;0.923638;1.135876;93;52.542373
OVERALL;39;03,05,06,17,41,42,47,52,62,64,66,75,80;75;12;DISCOVERY;177;1593;181;7.111984;126;7.909605;0.79762;1.112152;94;53.107345
OVERALL;39;03,05,06,17,41,42,47,52,62,64,66,75,80;80;8;DISCOVERY;177;1593;172;6.75835;121;7.595731;0.837382;1.123903;89;50.282486
OVERALL;39;03,05,06,17,41,42,47,52,62,64,66,75,80;3;11;VALIDATION;56;504;50;5.889282;39;7.738095;1.848814;1.313929;28;50.0
OVERALL;39;03,05,06,17,41,42,47,52,62,64,66,75,80;5;13;VALIDATION;56;504;50;5.889282;25;4.960317;-0.928964;0.842262;22;39.285714
OVERALL;39;03,05,06,17,41,42,47,52,62,64,66,75,80;6;2;VALIDATION;56;504;70;8.244994;43;8.531746;0.286752;1.034779;31;55.357143
OVERALL;39;03,05,06,17,41,42,47,52,62,64,66,75,80;17;9;VALIDATION;56;504;57;6.713781;33;6.547619;-0.166162;0.975251;25;44.642857
OVERALL;39;03,05,06,17,41,42,47,52,62,64,66,75,80;41;5;VALIDATION;56;504;52;6.124853;26;5.15873;-0.966123;0.842262;20;35.714286
OVERALL;39;03,05,06,17,41,42,47,52,62,64,66,75,80;42;10;VALIDATION;56;504;52;6.124853;32;6.349206;0.224354;1.03663;27;48.214286
OVERALL;39;03,05,06,17,41,42,47,52,62,64,66,75,80;47;7;VALIDATION;56;504;73;8.598351;31;6.150794;-2.447557;0.715346;25;44.642857
OVERALL;39;03,05,06,17,41,42,47,52,62,64,66,75,80;52;6;VALIDATION;56;504;64;7.53828;40;7.936508;0.398228;1.052827;31;55.357143
OVERALL;39;03,05,06,17,41,42,47,52,62,64,66,75,80;62;1;VALIDATION;56;504;52;6.124853;29;5.753968;-0.370885;0.939446;26;46.428571
OVERALL;39;03,05,06,17,41,42,47,52,62,64,66,75,80;64;3;VALIDATION;56;504;51;6.007067;27;5.357143;-0.649924;0.891807;25;44.642857
OVERALL;39;03,05,06,17,41,42,47,52,62,64,66,75,80;66;4;VALIDATION;56;504;67;7.891637;34;6.746032;-1.145605;0.854833;27;48.214286
OVERALL;39;03,05,06,17,41,42,47,52,62,64,66,75,80;75;12;VALIDATION;56;504;61;7.184923;32;6.349206;-0.835717;0.883685;25;44.642857
OVERALL;39;03,05,06,17,41,42,47,52,62,64,66,75,80;80;8;VALIDATION;56;504;69;8.127208;45;8.928571;0.801363;1.098602;32;57.142857
OVERALL;39;03,05,06,17,41,42,47,52,62,64,66,75,80;3;11;TEST;60;540;54;6.360424;47;8.703704;2.34328;1.368416;37;61.666667
OVERALL;39;03,05,06,17,41,42,47,52,62,64,66,75,80;5;13;TEST;60;540;64;7.53828;41;7.592593;0.054312;1.007205;30;50.0
OVERALL;39;03,05,06,17,41,42,47,52,62,64,66,75,80;6;2;TEST;60;540;67;7.891637;40;7.407407;-0.48423;0.93864;31;51.666667
OVERALL;39;03,05,06,17,41,42,47,52,62,64,66,75,80;17;9;TEST;60;540;54;6.360424;30;5.555556;-0.804868;0.873457;26;43.333333
OVERALL;39;03,05,06,17,41,42,47,52,62,64,66,75,80;41;5;TEST;60;540;69;8.127208;39;7.222222;-0.904986;0.888647;29;48.333333
OVERALL;39;03,05,06,17,41,42,47,52,62,64,66,75,80;42;10;TEST;60;540;72;8.480565;48;8.888889;0.408324;1.048148;36;60.0
OVERALL;39;03,05,06,17,41,42,47,52,62,64,66,75,80;47;7;TEST;60;540;55;6.47821;33;6.111111;-0.367099;0.943333;26;43.333333
OVERALL;39;03,05,06,17,41,42,47,52,62,64,66,75,80;52;6;TEST;60;540;66;7.773852;45;8.333333;0.559482;1.07197;32;53.333333
OVERALL;39;03,05,06,17,41,42,47,52,62,64,66,75,80;62;1;TEST;60;540;58;6.831567;34;6.296296;-0.53527;0.921648;27;45.0
OVERALL;39;03,05,06,17,41,42,47,52,62,64,66,75,80;64;3;TEST;60;540;57;6.713781;37;6.851852;0.138071;1.020565;27;45.0
OVERALL;39;03,05,06,17,41,42,47,52,62,64,66,75,80;66;4;TEST;60;540;57;6.713781;27;5.0;-1.713781;0.744737;24;40.0
OVERALL;39;03,05,06,17,41,42,47,52,62,64,66,75,80;75;12;TEST;60;540;51;6.007067;32;5.925926;-0.081141;0.986492;23;38.333333
OVERALL;39;03,05,06,17,41,42,47,52,62,64,66,75,80;80;8;TEST;60;540;68;8.009423;36;6.666667;-1.342756;0.832353;27;45.0
OVERALL;40;02,23,26,35,36,43,48,50,61,80,83,88,90;2;1;DISCOVERY;165;1485;156;6.129666;110;7.407407;1.277741;1.208452;76;46.060606
OVERALL;40;02,23,26,35,36,43,48,50,61,80,83,88,90;23;9;DISCOVERY;165;1485;152;5.972495;99;6.666667;0.694172;1.116228;78;47.272727
OVERALL;40;02,23,26,35,36,43,48,50,61,80,83,88,90;26;12;DISCOVERY;165;1485;172;6.75835;110;7.407407;0.649058;1.096038;84;50.909091
OVERALL;40;02,23,26,35,36,43,48,50,61,80,83,88,90;35;11;DISCOVERY;165;1485;165;6.483301;106;7.138047;0.654747;1.10099;84;50.909091
OVERALL;40;02,23,26,35,36,43,48,50,61,80,83,88,90;36;5;DISCOVERY;165;1485;156;6.129666;104;7.003367;0.873701;1.142536;84;50.909091
OVERALL;40;02,23,26,35,36,43,48,50,61,80,83,88,90;43;6;DISCOVERY;165;1485;172;6.75835;113;7.609428;0.851078;1.12593;86;52.121212
OVERALL;40;02,23,26,35,36,43,48,50,61,80,83,88,90;48;13;DISCOVERY;165;1485;169;6.640472;108;7.272727;0.632256;1.095212;81;49.090909
OVERALL;40;02,23,26,35,36,43,48,50,61,80,83,88,90;50;7;DISCOVERY;165;1485;150;5.89391;100;6.734007;0.840097;1.142536;76;46.060606
OVERALL;40;02,23,26,35,36,43,48,50,61,80,83,88,90;61;10;DISCOVERY;165;1485;182;7.151277;116;7.811448;0.660171;1.092315;86;52.121212
OVERALL;40;02,23,26,35,36,43,48,50,61,80,83,88,90;80;2;DISCOVERY;165;1485;172;6.75835;118;7.946128;1.187778;1.17575;87;52.727273
OVERALL;40;02,23,26,35,36,43,48,50,61,80,83,88,90;83;8;DISCOVERY;165;1485;187;7.347741;121;8.148148;0.800407;1.108932;89;53.939394
OVERALL;40;02,23,26,35,36,43,48,50,61,80,83,88,90;88;4;DISCOVERY;165;1485;191;7.504912;125;8.417508;0.912597;1.1216;92;55.757576
OVERALL;40;02,23,26,35,36,43,48,50,61,80,83,88,90;90;3;DISCOVERY;165;1485;197;7.740668;129;8.686869;0.946201;1.122238;96;58.181818
OVERALL;40;02,23,26,35,36,43,48,50,61,80,83,88,90;2;1;VALIDATION;60;540;48;5.65371;24;4.444444;-1.209266;0.786111;21;35.0
OVERALL;40;02,23,26,35,36,43,48,50,61,80,83,88,90;23;9;VALIDATION;60;540;45;5.300353;21;3.888889;-1.411464;0.733704;19;31.666667
OVERALL;40;02,23,26,35,36,43,48,50,61,80,83,88,90;26;12;VALIDATION;60;540;46;5.418139;36;6.666667;1.248528;1.230435;26;43.333333
OVERALL;40;02,23,26,35,36,43,48,50,61,80,83,88,90;35;11;VALIDATION;60;540;63;7.420495;35;6.481481;-0.939013;0.873457;24;40.0
OVERALL;40;02,23,26,35,36,43,48,50,61,80,83,88,90;36;5;VALIDATION;60;540;50;5.889282;40;7.407407;1.518126;1.257778;31;51.666667
OVERALL;40;02,23,26,35,36,43,48,50,61,80,83,88,90;43;6;VALIDATION;60;540;59;6.949352;32;5.925926;-1.023426;0.852731;24;40.0
OVERALL;40;02,23,26,35,36,43,48,50,61,80,83,88,90;48;13;VALIDATION;60;540;65;7.656066;41;7.592593;-0.063473;0.991709;27;45.0
OVERALL;40;02,23,26,35,36,43,48,50,61,80,83,88,90;50;7;VALIDATION;60;540;48;5.65371;36;6.666667;1.012956;1.179167;30;50.0
OVERALL;40;02,23,26,35,36,43,48,50,61,80,83,88,90;61;10;VALIDATION;60;540;49;5.771496;35;6.481481;0.709986;1.123016;28;46.666667
OVERALL;40;02,23,26,35,36,43,48,50,61,80,83,88,90;80;2;VALIDATION;60;540;69;8.127208;44;8.148148;0.02094;1.002576;25;41.666667
OVERALL;40;02,23,26,35,36,43,48,50,61,80,83,88,90;83;8;VALIDATION;60;540;59;6.949352;50;9.259259;2.309907;1.332392;37;61.666667
OVERALL;40;02,23,26,35,36,43,48,50,61,80,83,88,90;88;4;VALIDATION;60;540;52;6.124853;30;5.555556;-0.569297;0.907051;21;35.0
OVERALL;40;02,23,26,35,36,43,48,50,61,80,83,88,90;90;3;VALIDATION;60;540;51;6.007067;24;4.444444;-1.562623;0.739869;18;30.0
OVERALL;40;02,23,26,35,36,43,48,50,61,80,83,88,90;2;1;TEST;64;576;58;6.831567;31;5.381944;-1.449622;0.787805;25;39.0625
OVERALL;40;02,23,26,35,36,43,48,50,61,80,83,88,90;23;9;TEST;64;576;68;8.009423;50;8.680556;0.671133;1.083793;34;53.125
OVERALL;40;02,23,26,35,36,43,48,50,61,80,83,88,90;26;12;TEST;64;576;47;5.535925;24;4.166667;-1.369258;0.75266;21;32.8125
OVERALL;40;02,23,26,35,36,43,48,50,61,80,83,88,90;35;11;TEST;64;576;50;5.889282;34;5.902778;0.013496;1.002292;26;40.625
OVERALL;40;02,23,26,35,36,43,48,50,61,80,83,88,90;36;5;TEST;64;576;44;5.182568;24;4.166667;-1.015901;0.803977;19;29.6875
OVERALL;40;02,23,26,35,36,43,48,50,61,80,83,88,90;43;6;TEST;64;576;65;7.656066;46;7.986111;0.330045;1.043109;31;48.4375
OVERALL;40;02,23,26,35,36,43,48,50,61,80,83,88,90;48;13;TEST;64;576;50;5.889282;41;7.118056;1.228774;1.208646;32;50.0
OVERALL;40;02,23,26,35,36,43,48,50,61,80,83,88,90;50;7;TEST;64;576;42;4.946996;23;3.993056;-0.953941;0.807168;20;31.25
OVERALL;40;02,23,26,35,36,43,48,50,61,80,83,88,90;61;10;TEST;64;576;51;6.007067;37;6.423611;0.416544;1.069342;30;46.875
OVERALL;40;02,23,26,35,36,43,48,50,61,80,83,88,90;80;2;TEST;64;576;68;8.009423;44;7.638889;-0.370534;0.953738;34;53.125
OVERALL;40;02,23,26,35,36,43,48,50,61,80,83,88,90;83;8;TEST;64;576;65;7.656066;36;6.25;-1.406066;0.816346;28;43.75
OVERALL;40;02,23,26,35,36,43,48,50,61,80,83,88,90;88;4;TEST;64;576;55;6.47821;45;7.8125;1.33429;1.205966;36;56.25
OVERALL;40;02,23,26,35,36,43,48,50,61,80,83,88,90;90;3;TEST;64;576;53;6.242638;39;6.770833;0.528195;1.084611;32;50.0
OVERALL;41;04,15,24,25,27,28,34,52,59,61,74,76,88;4;6;DISCOVERY;170;1530;171;6.719057;120;7.843137;1.12408;1.167297;87;51.176471
OVERALL;41;04,15,24,25,27,28,34,52,59,61,74,76,88;15;3;DISCOVERY;170;1530;159;6.247544;115;7.51634;1.268796;1.203087;89;52.352941
OVERALL;41;04,15,24,25,27,28,34,52,59,61,74,76,88;24;12;DISCOVERY;170;1530;158;6.208251;107;6.993464;0.785213;1.126479;77;45.294118
OVERALL;41;04,15,24,25,27,28,34,52,59,61,74,76,88;25;7;DISCOVERY;170;1530;173;6.797642;120;7.843137;1.045495;1.153803;89;52.352941
OVERALL;41;04,15,24,25,27,28,34,52,59,61,74,76,88;27;10;DISCOVERY;170;1530;156;6.129666;107;6.993464;0.863798;1.140921;84;49.411765
OVERALL;41;04,15,24,25,27,28,34,52,59,61,74,76,88;28;13;DISCOVERY;170;1530;150;5.89391;102;6.666667;0.772757;1.131111;75;44.117647
OVERALL;41;04,15,24,25,27,28,34,52,59,61,74,76,88;34;1;DISCOVERY;170;1530;163;6.404715;120;7.843137;1.438422;1.224588;89;52.352941
OVERALL;41;04,15,24,25,27,28,34,52,59,61,74,76,88;52;8;DISCOVERY;170;1530;175;6.876228;121;7.908497;1.032269;1.150121;83;48.823529
OVERALL;41;04,15,24,25,27,28,34,52,59,61,74,76,88;59;4;DISCOVERY;170;1530;146;5.736739;107;6.993464;1.256725;1.219066;78;45.882353
OVERALL;41;04,15,24,25,27,28,34,52,59,61,74,76,88;61;2;DISCOVERY;170;1530;182;7.151277;130;8.496732;1.345455;1.188142;101;59.411765
OVERALL;41;04,15,24,25,27,28,34,52,59,61,74,76,88;74;5;DISCOVERY;170;1530;174;6.836935;122;7.973856;1.136921;1.166291;91;53.529412
OVERALL;41;04,15,24,25,27,28,34,52,59,61,74,76,88;76;9;DISCOVERY;170;1530;161;6.32613;112;7.320261;0.994132;1.157147;89;52.352941
OVERALL;41;04,15,24,25,27,28,34,52,59,61,74,76,88;88;11;DISCOVERY;170;1530;191;7.504912;127;8.300654;0.795742;1.106029;105;61.764706
OVERALL;41;04,15,24,25,27,28,34,52,59,61,74,76,88;4;6;VALIDATION;52;468;45;5.300353;17;3.632479;-1.667875;0.685328;15;28.846154
OVERALL;41;04,15,24,25,27,28,34,52,59,61,74,76,88;15;3;VALIDATION;52;468;73;8.598351;28;5.982906;-2.615445;0.69582;22;42.307692
OVERALL;41;04,15,24,25,27,28,34,52,59,61,74,76,88;24;12;VALIDATION;52;468;50;5.889282;34;7.264957;1.375676;1.23359;29;55.769231
OVERALL;41;04,15,24,25,27,28,34,52,59,61,74,76,88;25;7;VALIDATION;52;468;52;6.124853;20;4.273504;-1.851348;0.697732;18;34.615385
OVERALL;41;04,15,24,25,27,28,34,52,59,61,74,76,88;27;10;VALIDATION;52;468;53;6.242638;36;7.692308;1.449669;1.232221;21;40.384615
OVERALL;41;04,15,24,25,27,28,34,52,59,61,74,76,88;28;13;VALIDATION;52;468;58;6.831567;28;5.982906;-0.848661;0.875774;25;48.076923
OVERALL;41;04,15,24,25,27,28,34,52,59,61,74,76,88;34;1;VALIDATION;52;468;50;5.889282;30;6.410256;0.520975;1.088462;25;48.076923
OVERALL;41;04,15,24,25,27,28,34,52,59,61,74,76,88;52;8;VALIDATION;52;468;64;7.53828;36;7.692308;0.154027;1.020433;26;50.0
OVERALL;41;04,15,24,25,27,28,34,52,59,61,74,76,88;59;4;VALIDATION;52;468;63;7.420495;35;7.478632;0.058138;1.007835;25;48.076923
OVERALL;41;04,15,24,25,27,28,34,52,59,61,74,76,88;61;2;VALIDATION;52;468;49;5.771496;31;6.623932;0.852436;1.147698;26;50.0
OVERALL;41;04,15,24,25,27,28,34,52,59,61,74,76,88;74;5;VALIDATION;52;468;55;6.47821;29;6.196581;-0.281628;0.956527;23;44.230769
OVERALL;41;04,15,24,25,27,28,34,52,59,61,74,76,88;76;9;VALIDATION;52;468;65;7.656066;40;8.547009;0.890943;1.116371;27;51.923077
OVERALL;41;04,15,24,25,27,28,34,52,59,61,74,76,88;88;11;VALIDATION;52;468;52;6.124853;31;6.623932;0.499079;1.081484;19;36.538462
OVERALL;41;04,15,24,25,27,28,34,52,59,61,74,76,88;4;6;TEST;69;621;60;7.067138;45;7.246377;0.179239;1.025362;32;46.376812
OVERALL;41;04,15,24,25,27,28,34,52,59,61,74,76,88;15;3;TEST;69;621;46;5.418139;32;5.152979;-0.26516;0.951061;22;31.884058
OVERALL;41;04,15,24,25,27,28,34,52,59,61,74,76,88;24;12;TEST;69;621;48;5.65371;28;4.508857;-1.144854;0.797504;23;33.333333
OVERALL;41;04,15,24,25,27,28,34,52,59,61,74,76,88;25;7;TEST;69;621;63;7.420495;44;7.085346;-0.335148;0.954835;30;43.478261
OVERALL;41;04,15,24,25,27,28,34,52,59,61,74,76,88;27;10;TEST;69;621;53;6.242638;49;7.890499;1.647861;1.263969;42;60.869565
OVERALL;41;04,15,24,25,27,28,34,52,59,61,74,76,88;28;13;TEST;69;621;65;7.656066;38;6.119163;-1.536903;0.799257;31;44.927536
OVERALL;41;04,15,24,25,27,28,34,52,59,61,74,76,88;34;1;TEST;69;621;61;7.184923;31;4.991948;-2.192975;0.694781;25;36.231884
OVERALL;41;04,15,24,25,27,28,34,52,59,61,74,76,88;52;8;TEST;69;621;66;7.773852;65;10.466989;2.693137;1.346435;47;68.115942
OVERALL;41;04,15,24,25,27,28,34,52,59,61,74,76,88;59;4;TEST;69;621;54;6.360424;42;6.763285;0.402861;1.063339;34;49.275362
OVERALL;41;04,15,24,25,27,28,34,52,59,61,74,76,88;61;2;TEST;69;621;51;6.007067;42;6.763285;0.756218;1.125888;31;44.927536
OVERALL;41;04,15,24,25,27,28,34,52,59,61,74,76,88;74;5;TEST;69;621;54;6.360424;39;6.280193;-0.080231;0.987386;31;44.927536
OVERALL;41;04,15,24,25,27,28,34,52,59,61,74,76,88;76;9;TEST;69;621;49;5.771496;29;4.669887;-1.101609;0.809129;24;34.782609
OVERALL;41;04,15,24,25,27,28,34,52,59,61,74,76,88;88;11;TEST;69;621;55;6.47821;35;5.636071;-0.842139;0.870004;31;44.927536
OVERALL;42;03,15,17,21,22,26,31,39,50,65,66,77,89;3;8;DISCOVERY;163;1467;168;6.601179;112;7.634628;1.03345;1.156555;81;49.693252
OVERALL;42;03,15,17,21,22,26,31,39,50,65,66,77,89;15;4;DISCOVERY;163;1467;159;6.247544;109;7.43013;1.182585;1.189288;85;52.147239
OVERALL;42;03,15,17,21,22,26,31,39,50,65,66,77,89;17;10;DISCOVERY;163;1467;177;6.954813;116;7.907294;0.95248;1.136953;81;49.693252
OVERALL;42;03,15,17,21,22,26,31,39,50,65,66,77,89;21;11;DISCOVERY;163;1467;165;6.483301;109;7.43013;0.946829;1.146041;86;52.760736
OVERALL;42;03,15,17,21,22,26,31,39,50,65,66,77,89;22;6;DISCOVERY;163;1467;165;6.483301;111;7.566462;1.083162;1.167069;83;50.920245
OVERALL;42;03,15,17,21,22,26,31,39,50,65,66,77,89;26;7;DISCOVERY;163;1467;172;6.75835;115;7.839127;1.080778;1.159917;85;52.147239
OVERALL;42;03,15,17,21,22,26,31,39,50,65,66,77,89;31;13;DISCOVERY;163;1467;161;6.32613;105;7.157464;0.831335;1.131413;78;47.852761
OVERALL;42;03,15,17,21,22,26,31,39,50,65,66,77,89;39;12;DISCOVERY;163;1467;178;6.994106;116;7.907294;0.913188;1.130565;85;52.147239
OVERALL;42;03,15,17,21,22,26,31,39,50,65,66,77,89;50;9;DISCOVERY;163;1467;150;5.89391;101;6.884799;0.990889;1.168121;69;42.331288
OVERALL;42;03,15,17,21,22,26,31,39,50,65,66,77,89;65;3;DISCOVERY;163;1467;174;6.836935;118;8.043626;1.206691;1.176496;94;57.668712
OVERALL;42;03,15,17,21,22,26,31,39,50,65,66,77,89;66;5;DISCOVERY;163;1467;173;6.797642;116;7.907294;1.109651;1.163241;83;50.920245
OVERALL;42;03,15,17,21,22,26,31,39,50,65,66,77,89;77;2;DISCOVERY;163;1467;191;7.504912;128;8.72529;1.220378;1.162611;90;55.214724
OVERALL;42;03,15,17,21,22,26,31,39,50,65,66,77,89;89;1;DISCOVERY;163;1467;165;6.483301;116;7.907294;1.423993;1.21964;90;55.214724
OVERALL;42;03,15,17,21,22,26,31,39,50,65,66,77,89;3;8;VALIDATION;52;468;50;5.889282;27;5.769231;-0.120051;0.979615;23;44.230769
OVERALL;42;03,15,17,21,22,26,31,39,50,65,66,77,89;15;4;VALIDATION;52;468;73;8.598351;50;10.683761;2.08541;1.242536;38;73.076923
OVERALL;42;03,15,17,21,22,26,31,39,50,65,66,77,89;17;10;VALIDATION;52;468;57;6.713781;23;4.91453;-1.799251;0.732006;23;44.230769
OVERALL;42;03,15,17,21,22,26,31,39,50,65,66,77,89;21;11;VALIDATION;52;468;64;7.53828;28;5.982906;-1.555374;0.79367;23;44.230769
OVERALL;42;03,15,17,21,22,26,31,39,50,65,66,77,89;22;6;VALIDATION;52;468;56;6.595995;26;5.555556;-1.04044;0.842262;19;36.538462
OVERALL;42;03,15,17,21,22,26,31,39,50,65,66,77,89;26;7;VALIDATION;52;468;46;5.418139;29;6.196581;0.778442;1.143673;21;40.384615
OVERALL;42;03,15,17,21,22,26,31,39,50,65,66,77,89;31;13;VALIDATION;52;468;51;6.007067;30;6.410256;0.403189;1.067119;24;46.153846
OVERALL;42;03,15,17,21,22,26,31,39,50,65,66,77,89;39;12;VALIDATION;52;468;57;6.713781;34;7.264957;0.551176;1.082096;28;53.846154
OVERALL;42;03,15,17,21,22,26,31,39,50,65,66,77,89;50;9;VALIDATION;52;468;48;5.65371;20;4.273504;-1.380206;0.755876;17;32.692308
OVERALL;42;03,15,17,21,22,26,31,39,50,65,66,77,89;65;3;VALIDATION;52;468;68;8.009423;33;7.051282;-0.958141;0.880373;22;42.307692
OVERALL;42;03,15,17,21,22,26,31,39,50,65,66,77,89;66;5;VALIDATION;52;468;67;7.891637;43;9.188034;1.296397;1.164275;33;63.461538
OVERALL;42;03,15,17,21,22,26,31,39,50,65,66,77,89;77;2;VALIDATION;52;468;67;7.891637;36;7.692308;-0.19933;0.974742;24;46.153846
OVERALL;42;03,15,17,21,22,26,31,39,50,65,66,77,89;89;1;VALIDATION;52;468;61;7.184923;29;6.196581;-0.988342;0.862442;21;40.384615
OVERALL;42;03,15,17,21,22,26,31,39,50,65,66,77,89;3;8;TEST;72;648;54;6.360424;43;6.635802;0.275378;1.043296;38;52.777778
OVERALL;42;03,15,17,21,22,26,31,39,50,65,66,77,89;15;4;TEST;72;648;46;5.418139;33;5.092593;-0.325546;0.939915;26;36.111111
OVERALL;42;03,15,17,21,22,26,31,39,50,65,66,77,89;17;10;TEST;72;648;54;6.360424;43;6.635802;0.275378;1.043296;34;47.222222
OVERALL;42;03,15,17,21,22,26,31,39,50,65,66,77,89;21;11;TEST;72;648;56;6.595995;39;6.018519;-0.577477;0.91245;32;44.444444
OVERALL;42;03,15,17,21,22,26,31,39,50,65,66,77,89;22;6;TEST;72;648;59;6.949352;46;7.098765;0.149413;1.0215;37;51.388889
OVERALL;42;03,15,17,21,22,26,31,39,50,65,66,77,89;26;7;TEST;72;648;47;5.535925;54;8.333333;2.797409;1.505319;40;55.555556
OVERALL;42;03,15,17,21,22,26,31,39,50,65,66,77,89;31;13;TEST;72;648;59;6.949352;44;6.790123;-0.159229;0.977087;32;44.444444
OVERALL;42;03,15,17,21,22,26,31,39,50,65,66,77,89;39;12;TEST;72;648;61;7.184923;44;6.790123;-0.3948;0.945052;32;44.444444
OVERALL;42;03,15,17,21,22,26,31,39,50,65,66,77,89;50;9;TEST;72;648;42;4.946996;30;4.62963;-0.317367;0.935847;30;41.666667
OVERALL;42;03,15,17,21,22,26,31,39,50,65,66,77,89;65;3;TEST;72;648;52;6.124853;43;6.635802;0.51095;1.083422;33;45.833333
OVERALL;42;03,15,17,21,22,26,31,39,50,65,66,77,89;66;5;TEST;72;648;57;6.713781;38;5.864198;-0.849583;0.873457;31;43.055556
OVERALL;42;03,15,17,21,22,26,31,39,50,65,66,77,89;77;2;TEST;72;648;47;5.535925;32;4.938272;-0.597653;0.892041;26;36.111111
OVERALL;42;03,15,17,21,22,26,31,39,50,65,66,77,89;89;1;TEST;72;648;52;6.124853;51;7.87037;1.745518;1.284989;36;50.0
OVERALL;43;03,08,28,37,39,42,45,60,64,65,74,84,86;3;10;DISCOVERY;170;1530;168;6.601179;111;7.254902;0.653723;1.099031;83;48.823529
OVERALL;43;03,08,28,37,39,42,45,60,64,65,74,84,86;8;11;DISCOVERY;170;1530;179;7.033399;117;7.647059;0.61366;1.087249;88;51.764706
OVERALL;43;03,08,28,37,39,42,45,60,64,65,74,84,86;28;12;DISCOVERY;170;1530;150;5.89391;99;6.470588;0.576679;1.097843;79;46.470588
OVERALL;43;03,08,28,37,39,42,45,60,64,65,74,84,86;37;8;DISCOVERY;170;1530;163;6.404715;109;7.124183;0.719468;1.112334;85;50.0
OVERALL;43;03,08,28,37,39,42,45,60,64,65,74,84,86;39;5;DISCOVERY;170;1530;178;6.994106;121;7.908497;0.914391;1.130737;87;51.176471
OVERALL;43;03,08,28,37,39,42,45,60,64,65,74,84,86;42;3;DISCOVERY;170;1530;163;6.404715;114;7.45098;1.046265;1.163359;82;48.235294
OVERALL;43;03,08,28,37,39,42,45,60,64,65,74,84,86;45;2;DISCOVERY;170;1530;179;7.033399;124;8.104575;1.071176;1.152299;81;47.647059
OVERALL;43;03,08,28,37,39,42,45,60,64,65,74,84,86;60;6;DISCOVERY;170;1530;134;5.265226;94;6.143791;0.878565;1.166862;69;40.588235
OVERALL;43;03,08,28,37,39,42,45,60,64,65,74,84,86;64;13;DISCOVERY;170;1530;160;6.286837;105;6.862745;0.575908;1.091605;81;47.647059
OVERALL;43;03,08,28,37,39,42,45,60,64,65,74,84,86;65;9;DISCOVERY;170;1530;174;6.836935;115;7.51634;0.679405;1.099373;88;51.764706
OVERALL;43;03,08,28,37,39,42,45,60,64,65,74,84,86;74;7;DISCOVERY;170;1530;174;6.836935;117;7.647059;0.810124;1.118492;87;51.176471
OVERALL;43;03,08,28,37,39,42,45,60,64,65,74,84,86;84;1;DISCOVERY;170;1530;175;6.876228;124;8.104575;1.228347;1.178637;101;59.411765
OVERALL;43;03,08,28,37,39,42,45,60,64,65,74,84,86;86;4;DISCOVERY;170;1530;188;7.387033;128;8.366013;0.97898;1.132527;92;54.117647
OVERALL;43;03,08,28,37,39,42,45,60,64,65,74,84,86;3;10;VALIDATION;58;522;50;5.889282;30;5.747126;-0.142155;0.975862;23;39.655172
OVERALL;43;03,08,28,37,39,42,45,60,64,65,74,84,86;8;11;VALIDATION;58;522;46;5.418139;22;4.214559;-1.20358;0.777861;17;29.310345
OVERALL;43;03,08,28,37,39,42,45,60,64,65,74,84,86;28;12;VALIDATION;58;522;58;6.831567;43;8.237548;1.405981;1.205807;32;55.172414
OVERALL;43;03,08,28,37,39,42,45,60,64,65,74,84,86;37;8;VALIDATION;58;522;71;8.36278;50;9.578544;1.215764;1.145378;36;62.068966
OVERALL;43;03,08,28,37,39,42,45,60,64,65,74,84,86;39;5;VALIDATION;58;522;57;6.713781;36;6.896552;0.182771;1.027223;30;51.724138
OVERALL;43;03,08,28,37,39,42,45,60,64,65,74,84,86;42;3;VALIDATION;58;522;52;6.124853;31;5.938697;-0.186155;0.969607;25;43.103448
OVERALL;43;03,08,28,37,39,42,45,60,64,65,74,84,86;45;2;VALIDATION;58;522;66;7.773852;54;10.344828;2.570976;1.330721;43;74.137931
OVERALL;43;03,08,28,37,39,42,45,60,64,65,74,84,86;60;6;VALIDATION;58;522;63;7.420495;47;9.003831;1.583337;1.213373;33;56.896552
OVERALL;43;03,08,28,37,39,42,45,60,64,65,74,84,86;64;13;VALIDATION;58;522;51;6.007067;30;5.747126;-0.259941;0.956728;26;44.827586
OVERALL;43;03,08,28,37,39,42,45,60,64,65,74,84,86;65;9;VALIDATION;58;522;68;8.009423;49;9.386973;1.37755;1.171991;40;68.965517
OVERALL;43;03,08,28,37,39,42,45,60,64,65,74,84,86;74;7;VALIDATION;58;522;55;6.47821;26;4.980843;-1.497367;0.768861;21;36.206897
OVERALL;43;03,08,28,37,39,42,45,60,64,65,74,84,86;84;1;VALIDATION;58;522;51;6.007067;33;6.321839;0.314772;1.0524;27;46.551724
OVERALL;43;03,08,28,37,39,42,45,60,64,65,74,84,86;86;4;VALIDATION;58;522;65;7.656066;42;8.045977;0.389911;1.050928;35;60.344828
OVERALL;43;03,08,28,37,39,42,45,60,64,65,74,84,86;3;10;TEST;64;576;54;6.360424;30;5.208333;-1.152091;0.818866;29;45.3125
OVERALL;43;03,08,28,37,39,42,45,60,64,65,74,84,86;8;11;TEST;64;576;59;6.949352;35;6.076389;-0.872963;0.874382;28;43.75
OVERALL;43;03,08,28,37,39,42,45,60,64,65,74,84,86;28;12;TEST;64;576;65;7.656066;43;7.465278;-0.190788;0.97508;36;56.25
OVERALL;43;03,08,28,37,39,42,45,60,64,65,74,84,86;37;8;TEST;64;576;49;5.771496;22;3.819444;-1.952051;0.661777;18;28.125
OVERALL;43;03,08,28,37,39,42,45,60,64,65,74,84,86;39;5;TEST;64;576;61;7.184923;36;6.25;-0.934923;0.869877;28;43.75
OVERALL;43;03,08,28,37,39,42,45,60,64,65,74,84,86;42;3;TEST;64;576;72;8.480565;50;8.680556;0.19999;1.023582;39;60.9375
OVERALL;43;03,08,28,37,39,42,45,60,64,65,74,84,86;45;2;TEST;64;576;60;7.067138;44;7.638889;0.571751;1.080903;36;56.25
OVERALL;43;03,08,28,37,39,42,45,60,64,65,74,84,86;60;6;TEST;64;576;58;6.831567;51;8.854167;2.0226;1.296067;38;59.375
OVERALL;43;03,08,28,37,39,42,45,60,64,65,74,84,86;64;13;TEST;64;576;57;6.713781;34;5.902778;-0.811003;0.879203;30;46.875
OVERALL;43;03,08,28,37,39,42,45,60,64,65,74,84,86;65;9;TEST;64;576;52;6.124853;34;5.902778;-0.222075;0.963742;24;37.5
OVERALL;43;03,08,28,37,39,42,45,60,64,65,74,84,86;74;7;TEST;64;576;54;6.360424;40;6.944444;0.58402;1.091821;35;54.6875
OVERALL;43;03,08,28,37,39,42,45,60,64,65,74,84,86;84;1;TEST;64;576;52;6.124853;30;5.208333;-0.916519;0.850361;26;40.625
OVERALL;43;03,08,28,37,39,42,45,60,64,65,74,84,86;86;4;TEST;64;576;60;7.067138;39;6.770833;-0.296304;0.958073;34;53.125
OVERALL;44;01,07,13,35,45,48,56,57,59,69,75,82,88;1;10;DISCOVERY;155;1395;195;7.662083;119;8.530466;0.868383;1.113335;82;52.903226
OVERALL;44;01,07,13,35,45,48,56,57,59,69,75,82,88;7;1;DISCOVERY;155;1395;149;5.854617;107;7.670251;1.815634;1.31012;80;51.612903
OVERALL;44;01,07,13,35,45,48,56,57,59,69,75,82,88;13;4;DISCOVERY;155;1395;160;6.286837;108;7.741935;1.455099;1.231452;80;51.612903
OVERALL;44;01,07,13,35,45,48,56,57,59,69,75,82,88;35;2;DISCOVERY;155;1395;165;6.483301;112;8.028674;1.545373;1.238362;79;50.967742
OVERALL;44;01,07,13,35,45,48,56,57,59,69,75,82,88;45;8;DISCOVERY;155;1395;179;7.033399;111;7.956989;0.92359;1.131315;81;52.258065
OVERALL;44;01,07,13,35,45,48,56,57,59,69,75,82,88;48;12;DISCOVERY;155;1395;169;6.640472;104;7.455197;0.814726;1.122691;74;47.741935
OVERALL;44;01,07,13,35,45,48,56,57,59,69,75,82,88;56;13;DISCOVERY;155;1395;184;7.229862;112;8.028674;0.798811;1.110488;83;53.548387
OVERALL;44;01,07,13,35,45,48,56,57,59,69,75,82,88;57;5;DISCOVERY;155;1395;170;6.679764;113;8.100358;1.420594;1.212671;78;50.322581
OVERALL;44;01,07,13,35,45,48,56,57,59,69,75,82,88;59;11;DISCOVERY;155;1395;146;5.736739;92;6.594982;0.858243;1.149605;69;44.516129
OVERALL;44;01,07,13,35,45,48,56,57,59,69,75,82,88;69;9;DISCOVERY;155;1395;162;6.365422;101;7.240143;0.874721;1.137418;74;47.741935
OVERALL;44;01,07,13,35,45,48,56,57,59,69,75,82,88;75;6;DISCOVERY;155;1395;181;7.111984;116;8.315412;1.203428;1.169211;87;56.129032
OVERALL;44;01,07,13,35,45,48,56,57,59,69,75,82,88;82;7;DISCOVERY;155;1395;188;7.387033;116;8.315412;0.928379;1.125677;83;53.548387
OVERALL;44;01,07,13,35,45,48,56,57,59,69,75,82,88;88;3;DISCOVERY;155;1395;191;7.504912;126;9.032258;1.527346;1.203513;89;57.419355
OVERALL;44;01,07,13,35,45,48,56,57,59,69,75,82,88;1;10;VALIDATION;53;477;51;6.007067;26;5.450734;-0.556333;0.907387;22;41.509434
OVERALL;44;01,07,13,35,45,48,56,57,59,69,75,82,88;7;1;VALIDATION;53;477;60;7.067138;32;6.708595;-0.358542;0.949266;28;52.830189
OVERALL;44;01,07,13,35,45,48,56,57,59,69,75,82,88;13;4;VALIDATION;53;477;47;5.535925;21;4.402516;-1.133409;0.795263;15;28.301887
OVERALL;44;01,07,13,35,45,48,56,57,59,69,75,82,88;35;2;VALIDATION;53;477;63;7.420495;35;7.337526;-0.082968;0.988819;22;41.509434
OVERALL;44;01,07,13,35,45,48,56,57,59,69,75,82,88;45;8;VALIDATION;53;477;66;7.773852;32;6.708595;-1.065256;0.862969;26;49.056604
OVERALL;44;01,07,13,35,45,48,56,57,59,69,75,82,88;48;12;VALIDATION;53;477;65;7.656066;35;7.337526;-0.31854;0.958394;26;49.056604
OVERALL;44;01,07,13,35,45,48,56,57,59,69,75,82,88;56;13;VALIDATION;53;477;50;5.889282;33;6.918239;1.028957;1.174717;26;49.056604
OVERALL;44;01,07,13,35,45,48,56,57,59,69,75,82,88;57;5;VALIDATION;53;477;52;6.124853;25;5.24109;-0.883763;0.855709;23;43.396226
OVERALL;44;01,07,13,35,45,48,56,57,59,69,75,82,88;59;11;VALIDATION;53;477;63;7.420495;35;7.337526;-0.082968;0.988819;25;47.169811
OVERALL;44;01,07,13,35,45,48,56,57,59,69,75,82,88;69;9;VALIDATION;53;477;54;6.360424;29;6.079665;-0.280759;0.955858;26;49.056604
OVERALL;44;01,07,13,35,45,48,56,57,59,69,75,82,88;75;6;VALIDATION;53;477;61;7.184923;39;8.176101;0.991177;1.137952;25;47.169811
OVERALL;44;01,07,13,35,45,48,56,57,59,69,75,82,88;82;7;VALIDATION;53;477;60;7.067138;35;7.337526;0.270388;1.03826;26;49.056604
OVERALL;44;01,07,13,35,45,48,56,57,59,69,75,82,88;88;3;VALIDATION;53;477;52;6.124853;30;6.289308;0.164455;1.026851;20;37.735849
OVERALL;44;01,07,13,35,45,48,56,57,59,69,75,82,88;1;10;TEST;53;477;54;6.360424;32;6.708595;0.348171;1.05474;24;45.283019
OVERALL;44;01,07,13,35,45,48,56,57,59,69,75,82,88;7;1;TEST;53;477;57;6.713781;29;6.079665;-0.634116;0.90555;21;39.622642
OVERALL;44;01,07,13,35,45,48,56,57,59,69,75,82,88;13;4;TEST;53;477;57;6.713781;41;8.595388;1.881607;1.28026;32;60.377358
OVERALL;44;01,07,13,35,45,48,56,57,59,69,75,82,88;35;2;TEST;53;477;50;5.889282;26;5.450734;-0.438548;0.925535;20;37.735849
OVERALL;44;01,07,13,35,45,48,56,57,59,69,75,82,88;45;8;TEST;53;477;60;7.067138;19;3.983229;-3.083909;0.563627;18;33.962264
OVERALL;44;01,07,13,35,45,48,56,57,59,69,75,82,88;48;12;TEST;53;477;50;5.889282;21;4.402516;-1.486766;0.747547;16;30.188679
OVERALL;44;01,07,13,35,45,48,56,57,59,69,75,82,88;56;13;TEST;53;477;59;6.949352;24;5.031447;-1.917906;0.724017;16;30.188679
OVERALL;44;01,07,13,35,45,48,56,57,59,69,75,82,88;57;5;TEST;53;477;51;6.007067;27;5.660377;-0.34669;0.942286;19;35.849057
OVERALL;44;01,07,13,35,45,48,56,57,59,69,75,82,88;59;11;TEST;53;477;54;6.360424;27;5.660377;-0.700047;0.889937;22;41.509434
OVERALL;44;01,07,13,35,45,48,56,57,59,69,75,82,88;69;9;TEST;53;477;58;6.831567;20;4.192872;-2.638694;0.61375;16;30.188679
OVERALL;44;01,07,13,35,45,48,56,57,59,69,75,82,88;75;6;TEST;53;477;51;6.007067;28;5.870021;-0.137046;0.977186;23;43.396226
OVERALL;44;01,07,13,35,45,48,56,57,59,69,75,82,88;82;7;TEST;53;477;54;6.360424;34;7.127883;0.767459;1.120662;28;52.830189
OVERALL;44;01,07,13,35,45,48,56,57,59,69,75,82,88;88;3;TEST;53;477;55;6.47821;37;7.756813;1.278604;1.19737;27;50.943396
OVERALL;45;08,09,18,26,27,34,44,47,57,64,75,78,88;8;4;DISCOVERY;179;1611;179;7.033399;129;8.007449;0.97405;1.138489;92;51.396648
OVERALL;45;08,09,18,26,27,34,44,47,57,64,75,78,88;9;3;DISCOVERY;179;1611;145;5.697446;109;6.765984;1.068538;1.187547;83;46.368715
OVERALL;45;08,09,18,26,27,34,44,47,57,64,75,78,88;18;1;DISCOVERY;179;1611;151;5.933202;116;7.200497;1.267294;1.213594;87;48.603352
OVERALL;45;08,09,18,26,27,34,44,47,57,64,75,78,88;26;12;DISCOVERY;179;1611;172;6.75835;118;7.324643;0.566293;1.083792;85;47.486034
OVERALL;45;08,09,18,26,27,34,44,47,57,64,75,78,88;27;6;DISCOVERY;179;1611;156;6.129666;114;7.07635;0.946684;1.154443;91;50.837989
OVERALL;45;08,09,18,26,27,34,44,47,57,64,75,78,88;34;2;DISCOVERY;179;1611;163;6.404715;121;7.510863;1.106148;1.172708;90;50.27933
OVERALL;45;08,09,18,26,27,34,44,47,57,64,75,78,88;44;7;DISCOVERY;179;1611;156;6.129666;113;7.014277;0.884611;1.144316;86;48.044693
OVERALL;45;08,09,18,26,27,34,44,47,57,64,75,78,88;47;8;DISCOVERY;179;1611;164;6.444008;116;7.200497;0.756489;1.117394;91;50.837989
OVERALL;45;08,09,18,26,27,34,44,47,57,64,75,78,88;57;5;DISCOVERY;179;1611;170;6.679764;123;7.635009;0.955245;1.143006;92;51.396648
OVERALL;45;08,09,18,26,27,34,44,47,57,64,75,78,88;64;13;DISCOVERY;179;1611;160;6.286837;110;6.828057;0.54122;1.086088;86;48.044693
OVERALL;45;08,09,18,26,27,34,44,47,57,64,75,78,88;75;11;DISCOVERY;179;1611;181;7.111984;126;7.821229;0.709245;1.099725;93;51.955307
OVERALL;45;08,09,18,26,27,34,44,47,57,64,75,78,88;78;10;DISCOVERY;179;1611;168;6.601179;118;7.324643;0.723464;1.109596;83;46.368715
OVERALL;45;08,09,18,26,27,34,44,47,57,64,75,78,88;88;9;DISCOVERY;179;1611;191;7.504912;133;8.255742;0.75083;1.100045;97;54.189944
OVERALL;45;08,09,18,26,27,34,44,47,57,64,75,78,88;8;4;VALIDATION;66;594;46;5.418139;27;4.545455;-0.872684;0.838933;25;37.878788
OVERALL;45;08,09,18,26,27,34,44,47,57,64,75,78,88;9;3;VALIDATION;66;594;65;7.656066;53;8.922559;1.266493;1.165423;37;56.060606
OVERALL;45;08,09,18,26,27,34,44,47,57,64,75,78,88;18;1;VALIDATION;66;594;45;5.300353;26;4.377104;-0.923249;0.825814;21;31.818182
OVERALL;45;08,09,18,26,27,34,44,47,57,64,75,78,88;26;12;VALIDATION;66;594;46;5.418139;39;6.565657;1.147518;1.211792;28;42.424242
OVERALL;45;08,09,18,26,27,34,44,47,57,64,75,78,88;27;6;VALIDATION;66;594;53;6.242638;49;8.249158;2.00652;1.321422;29;43.939394
OVERALL;45;08,09,18,26,27,34,44,47,57,64,75,78,88;34;2;VALIDATION;66;594;50;5.889282;33;5.555556;-0.333726;0.943333;29;43.939394
OVERALL;45;08,09,18,26,27,34,44,47,57,64,75,78,88;44;7;VALIDATION;66;594;54;6.360424;40;6.734007;0.373583;1.058736;36;54.545455
OVERALL;45;08,09,18,26,27,34,44,47,57,64,75,78,88;47;8;VALIDATION;66;594;73;8.598351;48;8.080808;-0.517543;0.939809;36;54.545455
OVERALL;45;08,09,18,26,27,34,44,47,57,64,75,78,88;57;5;VALIDATION;66;594;52;6.124853;37;6.228956;0.104103;1.016997;32;48.484848
OVERALL;45;08,09,18,26,27,34,44,47,57,64,75,78,88;64;13;VALIDATION;66;594;51;6.007067;31;5.218855;-0.788212;0.868786;26;39.393939
OVERALL;45;08,09,18,26,27,34,44,47,57,64,75,78,88;75;11;VALIDATION;66;594;61;7.184923;44;7.407407;0.222484;1.030965;33;50.0
OVERALL;45;08,09,18,26,27,34,44,47,57,64,75,78,88;78;10;VALIDATION;66;594;58;6.831567;49;8.249158;1.417592;1.207506;39;59.090909
OVERALL;45;08,09,18,26,27,34,44,47,57,64,75,78,88;88;9;VALIDATION;66;594;52;6.124853;30;5.050505;-1.074348;0.824592;22;33.333333
OVERALL;45;08,09,18,26,27,34,44,47,57,64,75,78,88;8;4;TEST;60;540;59;6.949352;38;7.037037;0.087685;1.012618;30;50.0
OVERALL;45;08,09,18,26,27,34,44,47,57,64,75,78,88;9;3;TEST;60;540;59;6.949352;40;7.407407;0.458055;1.065913;32;53.333333
OVERALL;45;08,09,18,26,27,34,44,47,57,64,75,78,88;18;1;TEST;60;540;60;7.067138;42;7.777778;0.71064;1.100556;33;55.0
OVERALL;45;08,09,18,26,27,34,44,47,57,64,75,78,88;26;12;TEST;60;540;47;5.535925;32;5.925926;0.390001;1.070449;26;43.333333
OVERALL;45;08,09,18,26,27,34,44,47,57,64,75,78,88;27;6;TEST;60;540;53;6.242638;28;5.185185;-1.057453;0.830608;23;38.333333
OVERALL;45;08,09,18,26,27,34,44,47,57,64,75,78,88;34;2;TEST;60;540;61;7.184923;39;7.222222;0.037299;1.005191;30;50.0
OVERALL;45;08,09,18,26,27,34,44,47,57,64,75,78,88;44;7;TEST;60;540;53;6.242638;20;3.703704;-2.538935;0.593291;18;30.0
OVERALL;45;08,09,18,26,27,34,44,47,57,64,75,78,88;47;8;TEST;60;540;55;6.47821;45;8.333333;1.855124;1.286364;35;58.333333
OVERALL;45;08,09,18,26,27,34,44,47,57,64,75,78,88;57;5;TEST;60;540;51;6.007067;35;6.481481;0.474414;1.078976;23;38.333333
OVERALL;45;08,09,18,26,27,34,44,47,57,64,75,78,88;64;13;TEST;60;540;57;6.713781;41;7.592593;0.878812;1.130897;28;46.666667
OVERALL;45;08,09,18,26,27,34,44,47,57,64,75,78,88;75;11;TEST;60;540;51;6.007067;34;6.296296;0.289229;1.048148;28;46.666667
OVERALL;45;08,09,18,26,27,34,44,47,57,64,75,78,88;78;10;TEST;60;540;44;5.182568;30;5.555556;0.372988;1.07197;25;41.666667
OVERALL;45;08,09,18,26,27,34,44,47,57,64,75,78,88;88;9;TEST;60;540;55;6.47821;30;5.555556;-0.922654;0.857576;25;41.666667
OVERALL;46;09,33,36,42,51,54,61,69,74,79,81,84,87;9;13;DISCOVERY;154;1386;145;5.697446;89;6.421356;0.72391;1.127059;65;42.207792
OVERALL;46;09,33,36,42,51,54,61,69,74,79,81,84,87;33;11;DISCOVERY;154;1386;172;6.75835;105;7.575758;0.817408;1.120948;81;52.597403
OVERALL;46;09,33,36,42,51,54,61,69,74,79,81,84,87;36;7;DISCOVERY;154;1386;156;6.129666;98;7.070707;0.941041;1.153522;75;48.701299
OVERALL;46;09,33,36,42,51,54,61,69,74,79,81,84,87;42;12;DISCOVERY;154;1386;163;6.404715;100;7.215007;0.810292;1.126515;74;48.051948
OVERALL;46;09,33,36,42,51,54,61,69,74,79,81,84,87;51;9;DISCOVERY;154;1386;180;7.072692;110;7.936508;0.863816;1.122134;83;53.896104
OVERALL;46;09,33,36,42,51,54,61,69,74,79,81,84,87;54;10;DISCOVERY;154;1386;180;7.072692;110;7.936508;0.863816;1.122134;81;52.597403
OVERALL;46;09,33,36,42,51,54,61,69,74,79,81,84,87;61;5;DISCOVERY;154;1386;182;7.151277;113;8.152958;1.001681;1.14007;83;53.896104
OVERALL;46;09,33,36,42,51,54,61,69,74,79,81,84,87;69;1;DISCOVERY;154;1386;162;6.365422;109;7.864358;1.498935;1.235481;81;52.597403
OVERALL;46;09,33,36,42,51,54,61,69,74,79,81,84,87;74;2;DISCOVERY;154;1386;174;6.836935;113;8.152958;1.316023;1.192487;78;50.649351
OVERALL;46;09,33,36,42,51,54,61,69,74,79,81,84,87;79;3;DISCOVERY;154;1386;184;7.229862;117;8.441558;1.211696;1.167596;84;54.545455
OVERALL;46;09,33,36,42,51,54,61,69,74,79,81,84,87;81;4;DISCOVERY;154;1386;189;7.426326;117;8.441558;1.015232;1.136707;87;56.493506
OVERALL;46;09,33,36,42,51,54,61,69,74,79,81,84,87;84;6;DISCOVERY;154;1386;175;6.876228;109;7.864358;0.98813;1.143702;84;54.545455
OVERALL;46;09,33,36,42,51,54,61,69,74,79,81,84,87;87;8;DISCOVERY;154;1386;186;7.308448;114;8.225108;0.91666;1.125425;86;55.844156
OVERALL;46;09,33,36,42,51,54,61,69,74,79,81,84,87;9;13;VALIDATION;55;495;65;7.656066;30;6.060606;-1.59546;0.791608;23;41.818182
OVERALL;46;09,33,36,42,51,54,61,69,74,79,81,84,87;33;11;VALIDATION;55;495;57;6.713781;35;7.070707;0.356926;1.053163;27;49.090909
OVERALL;46;09,33,36,42,51,54,61,69,74,79,81,84,87;36;7;VALIDATION;55;495;50;5.889282;32;6.464646;0.575365;1.097697;26;47.272727
OVERALL;46;09,33,36,42,51,54,61,69,74,79,81,84,87;42;12;VALIDATION;55;495;52;6.124853;36;7.272727;1.147875;1.187413;27;49.090909
OVERALL;46;09,33,36,42,51,54,61,69,74,79,81,84,87;51;9;VALIDATION;55;495;60;7.067138;27;5.454545;-1.612592;0.771818;20;36.363636
OVERALL;46;09,33,36,42,51,54,61,69,74,79,81,84,87;54;10;VALIDATION;55;495;47;5.535925;45;9.090909;3.554984;1.642166;31;56.363636
OVERALL;46;09,33,36,42,51,54,61,69,74,79,81,84,87;61;5;VALIDATION;55;495;49;5.771496;26;5.252525;-0.518971;0.91008;24;43.636364
OVERALL;46;09,33,36,42,51,54,61,69,74,79,81,84,87;69;1;VALIDATION;55;495;54;6.360424;34;6.868687;0.508263;1.07991;26;47.272727
OVERALL;46;09,33,36,42,51,54,61,69,74,79,81,84,87;74;2;VALIDATION;55;495;55;6.47821;28;5.656566;-0.821644;0.873168;20;36.363636
OVERALL;46;09,33,36,42,51,54,61,69,74,79,81,84,87;79;3;VALIDATION;55;495;67;7.891637;37;7.474747;-0.41689;0.947173;28;50.909091
OVERALL;46;09,33,36,42,51,54,61,69,74,79,81,84,87;81;4;VALIDATION;55;495;60;7.067138;29;5.858586;-1.208552;0.82899;23;41.818182
OVERALL;46;09,33,36,42,51,54,61,69,74,79,81,84,87;84;6;VALIDATION;55;495;51;6.007067;23;4.646465;-1.360602;0.7735;22;40.0
OVERALL;46;09,33,36,42,51,54,61,69,74,79,81,84,87;87;8;VALIDATION;55;495;58;6.831567;27;5.454545;-1.377021;0.798433;21;38.181818
OVERALL;46;09,33,36,42,51,54,61,69,74,79,81,84,87;9;13;TEST;58;522;59;6.949352;39;7.471264;0.521912;1.075102;30;51.724138
OVERALL;46;09,33,36,42,51,54,61,69,74,79,81,84,87;33;11;TEST;58;522;55;6.47821;24;4.597701;-1.880509;0.709718;19;32.758621
OVERALL;46;09,33,36,42,51,54,61,69,74,79,81,84,87;36;7;TEST;58;522;44;5.182568;25;4.789272;-0.393296;0.924112;17;29.310345
OVERALL;46;09,33,36,42,51,54,61,69,74,79,81,84,87;42;12;TEST;58;522;72;8.480565;40;7.662835;-0.81773;0.903576;33;56.896552
OVERALL;46;09,33,36,42,51,54,61,69,74,79,81,84,87;51;9;TEST;58;522;55;6.47821;36;6.896552;0.418342;1.064577;26;44.827586
OVERALL;46;09,33,36,42,51,54,61,69,74,79,81,84,87;54;10;TEST;58;522;59;6.949352;26;4.980843;-1.968509;0.716735;23;39.655172
OVERALL;46;09,33,36,42,51,54,61,69,74,79,81,84,87;61;5;TEST;58;522;51;6.007067;28;5.363985;-0.643082;0.892946;20;34.482759
OVERALL;46;09,33,36,42,51,54,61,69,74,79,81,84,87;69;1;TEST;58;522;58;6.831567;36;6.896552;0.064985;1.009512;25;43.103448
OVERALL;46;09,33,36,42,51,54,61,69,74,79,81,84,87;74;2;TEST;58;522;54;6.360424;38;7.279693;0.919269;1.14453;28;48.275862
OVERALL;46;09,33,36,42,51,54,61,69,74,79,81,84,87;79;3;TEST;58;522;62;7.302709;40;7.662835;0.360126;1.049314;28;48.275862
OVERALL;46;09,33,36,42,51,54,61,69,74,79,81,84,87;81;4;TEST;58;522;61;7.184923;31;5.938697;-1.246226;0.82655;27;46.551724
OVERALL;46;09,33,36,42,51,54,61,69,74,79,81,84,87;84;6;TEST;58;522;52;6.124853;28;5.363985;-0.760868;0.875774;21;36.206897
OVERALL;46;09,33,36,42,51,54,61,69,74,79,81,84,87;87;8;TEST;58;522;47;5.535925;29;5.555556;0.019631;1.003546;20;34.482759
OVERALL;47;05,06,33,34,37,52,53,65,66,77,82,85,87;5;12;DISCOVERY;164;1476;151;5.933202;97;6.571816;0.638613;1.107634;69;42.073171
OVERALL;47;05,06,33,34,37,52,53,65,66,77,82,85,87;6;1;DISCOVERY;164;1476;182;7.151277;131;8.875339;1.724062;1.241084;96;58.536585
OVERALL;47;05,06,33,34,37,52,53,65,66,77,82,85,87;33;8;DISCOVERY;164;1476;172;6.75835;111;7.520325;0.761975;1.112746;83;50.609756
OVERALL;47;05,06,33,34,37,52,53,65,66,77,82,85,87;34;3;DISCOVERY;164;1476;163;6.404715;113;7.655827;1.251111;1.195342;84;51.219512
OVERALL;47;05,06,33,34,37,52,53,65,66,77,82,85,87;37;11;DISCOVERY;164;1476;163;6.404715;104;7.04607;0.641355;1.100138;84;51.219512
OVERALL;47;05,06,33,34,37,52,53,65,66,77,82,85,87;52;7;DISCOVERY;164;1476;175;6.876228;113;7.655827;0.779599;1.113376;82;50.0
OVERALL;47;05,06,33,34,37,52,53,65,66,77,82,85,87;53;2;DISCOVERY;164;1476;157;6.168959;115;7.791328;1.622369;1.262989;77;46.95122
OVERALL;47;05,06,33,34,37,52,53,65,66,77,82,85,87;65;4;DISCOVERY;164;1476;174;6.836935;115;7.791328;0.954393;1.139594;98;59.756098
OVERALL;47;05,06,33,34,37,52,53,65,66,77,82,85,87;66;5;DISCOVERY;164;1476;173;6.797642;114;7.723577;0.925935;1.136214;89;54.268293
OVERALL;47;05,06,33,34,37,52,53,65,66,77,82,85,87;77;9;DISCOVERY;164;1476;191;7.504912;121;8.197832;0.69292;1.092329;95;57.926829
OVERALL;47;05,06,33,34,37,52,53,65,66,77,82,85,87;82;6;DISCOVERY;164;1476;188;7.387033;121;8.197832;0.810799;1.10976;86;52.439024
OVERALL;47;05,06,33,34,37,52,53,65,66,77,82,85,87;85;13;DISCOVERY;164;1476;198;7.779961;124;8.401084;0.621123;1.079836;96;58.536585
OVERALL;47;05,06,33,34,37,52,53,65,66,77,82,85,87;87;10;DISCOVERY;164;1476;186;7.308448;118;7.99458;0.686132;1.093882;90;54.878049
OVERALL;47;05,06,33,34,37,52,53,65,66,77,82,85,87;5;12;VALIDATION;71;639;50;5.889282;49;7.668232;1.77895;1.302066;38;53.521127
OVERALL;47;05,06,33,34,37,52,53,65,66,77,82,85,87;6;1;VALIDATION;71;639;70;8.244994;44;6.885759;-1.359235;0.835144;35;49.295775
OVERALL;47;05,06,33,34,37,52,53,65,66,77,82,85,87;33;8;VALIDATION;71;639;57;6.713781;46;7.198748;0.484967;1.072235;33;46.478873
OVERALL;47;05,06,33,34,37,52,53,65,66,77,82,85,87;34;3;VALIDATION;71;639;50;5.889282;42;6.57277;0.683488;1.116056;36;50.704225
OVERALL;47;05,06,33,34,37,52,53,65,66,77,82,85,87;37;11;VALIDATION;71;639;71;8.36278;57;8.920188;0.557408;1.066653;41;57.746479
OVERALL;47;05,06,33,34,37,52,53,65,66,77,82,85,87;52;7;VALIDATION;71;639;64;7.53828;52;8.137715;0.599435;1.079519;42;59.15493
OVERALL;47;05,06,33,34,37,52,53,65,66,77,82,85,87;53;2;VALIDATION;71;639;44;5.182568;41;6.416275;1.233708;1.23805;32;45.070423
OVERALL;47;05,06,33,34,37,52,53,65,66,77,82,85,87;65;4;VALIDATION;71;639;68;8.009423;51;7.981221;-0.028202;0.996479;36;50.704225
OVERALL;47;05,06,33,34,37,52,53,65,66,77,82,85,87;66;5;VALIDATION;71;639;67;7.891637;53;8.29421;0.402572;1.051013;41;57.746479
OVERALL;47;05,06,33,34,37,52,53,65,66,77,82,85,87;77;9;VALIDATION;71;639;67;7.891637;65;10.172144;2.280507;1.288978;49;69.014085
OVERALL;47;05,06,33,34,37,52,53,65,66,77,82,85,87;82;6;VALIDATION;71;639;60;7.067138;45;7.042254;-0.024884;0.996479;37;52.112676
OVERALL;47;05,06,33,34,37,52,53,65,66,77,82,85,87;85;13;VALIDATION;71;639;63;7.420495;47;7.355243;-0.065252;0.991206;40;56.338028
OVERALL;47;05,06,33,34,37,52,53,65,66,77,82,85,87;87;10;VALIDATION;71;639;58;6.831567;50;7.824726;0.99316;1.145378;39;54.929577
OVERALL;47;05,06,33,34,37,52,53,65,66,77,82,85,87;5;12;TEST;54;486;64;7.53828;37;7.613169;0.074888;1.009934;28;51.851852
OVERALL;47;05,06,33,34,37,52,53,65,66,77,82,85,87;6;1;TEST;54;486;67;7.891637;39;8.024691;0.133054;1.01686;30;55.555556
OVERALL;47;05,06,33,34,37,52,53,65,66,77,82,85,87;33;8;TEST;54;486;55;6.47821;29;5.967078;-0.511131;0.9211;25;46.296296
OVERALL;47;05,06,33,34,37,52,53,65,66,77,82,85,87;34;3;TEST;54;486;61;7.184923;31;6.378601;-0.806323;0.887776;23;42.592593
OVERALL;47;05,06,33,34,37,52,53,65,66,77,82,85,87;37;11;TEST;54;486;49;5.771496;20;4.115226;-1.65627;0.713026;18;33.333333
OVERALL;47;05,06,33,34,37,52,53,65,66,77,82,85,87;52;7;TEST;54;486;66;7.773852;40;8.230453;0.456601;1.058736;29;53.703704
OVERALL;47;05,06,33,34,37,52,53,65,66,77,82,85,87;53;2;TEST;54;486;53;6.242638;27;5.555556;-0.687083;0.889937;21;38.888889
OVERALL;47;05,06,33,34,37,52,53,65,66,77,82,85,87;65;4;TEST;54;486;52;6.124853;35;7.201646;1.076793;1.175807;22;40.740741
OVERALL;47;05,06,33,34,37,52,53,65,66,77,82,85,87;66;5;TEST;54;486;57;6.713781;27;5.555556;-1.158225;0.827485;23;42.592593
OVERALL;47;05,06,33,34,37,52,53,65,66,77,82,85,87;77;9;TEST;54;486;47;5.535925;26;5.349794;-0.18613;0.966378;21;38.888889
OVERALL;47;05,06,33,34,37,52,53,65,66,77,82,85,87;82;6;TEST;54;486;54;6.360424;36;7.407407;1.046983;1.164609;28;51.851852
OVERALL;47;05,06,33,34,37,52,53,65,66,77,82,85,87;85;13;TEST;54;486;65;7.656066;36;7.407407;-0.248659;0.967521;29;53.703704
OVERALL;47;05,06,33,34,37,52,53,65,66,77,82,85,87;87;10;TEST;54;486;47;5.535925;30;6.17284;0.636915;1.115051;24;44.444444
OVERALL;48;09,12,13,15,17,21,25,26,29,31,40,57,63;9;3;DISCOVERY;168;1512;145;5.697446;110;7.275132;1.577686;1.276911;79;47.02381
OVERALL;48;09,12,13,15,17,21,25,26,29,31,40,57,63;12;7;DISCOVERY;168;1512;173;6.797642;119;7.87037;1.072728;1.157809;85;50.595238
OVERALL;48;09,12,13,15,17,21,25,26,29,31,40,57,63;13;5;DISCOVERY;168;1512;160;6.286837;116;7.671958;1.385121;1.220321;89;52.97619
OVERALL;48;09,12,13,15,17,21,25,26,29,31,40,57,63;15;13;DISCOVERY;168;1512;159;6.247544;105;6.944444;0.6969;1.111548;83;49.404762
OVERALL;48;09,12,13,15,17,21,25,26,29,31,40,57,63;17;1;DISCOVERY;168;1512;177;6.954813;143;9.457672;2.502859;1.359874;92;54.761905
OVERALL;48;09,12,13,15,17,21,25,26,29,31,40,57,63;21;9;DISCOVERY;168;1512;165;6.483301;112;7.407407;0.924107;1.142536;79;47.02381
OVERALL;48;09,12,13,15,17,21,25,26,29,31,40,57,63;25;6;DISCOVERY;168;1512;173;6.797642;121;8.002646;1.205003;1.177268;91;54.166667
OVERALL;48;09,12,13,15,17,21,25,26,29,31,40,57,63;26;2;DISCOVERY;168;1512;172;6.75835;129;8.531746;1.773396;1.262401;91;54.166667
OVERALL;48;09,12,13,15,17,21,25,26,29,31,40,57,63;29;4;DISCOVERY;168;1512;157;6.168959;117;7.738095;1.569136;1.25436;94;55.952381
OVERALL;48;09,12,13,15,17,21,25,26,29,31,40,57,63;31;11;DISCOVERY;168;1512;161;6.32613;107;7.07672;0.75059;1.118649;77;45.833333
OVERALL;48;09,12,13,15,17,21,25,26,29,31,40,57,63;40;10;DISCOVERY;168;1512;166;6.522593;112;7.407407;0.884814;1.135654;89;52.97619
OVERALL;48;09,12,13,15,17,21,25,26,29,31,40,57,63;57;12;DISCOVERY;168;1512;170;6.679764;112;7.407407;0.727643;1.108932;84;50.0
OVERALL;48;09,12,13,15,17,21,25,26,29,31,40,57,63;63;8;DISCOVERY;168;1512;182;7.151277;123;8.134921;0.983644;1.137548;94;55.952381
OVERALL;48;09,12,13,15,17,21,25,26,29,31,40,57,63;9;3;VALIDATION;65;585;65;7.656066;47;8.034188;0.378122;1.049389;33;50.769231
OVERALL;48;09,12,13,15,17,21,25,26,29,31,40,57,63;12;7;VALIDATION;65;585;49;5.771496;39;6.666667;0.895171;1.155102;30;46.153846
OVERALL;48;09,12,13,15,17,21,25,26,29,31,40,57,63;13;5;VALIDATION;65;585;47;5.535925;41;7.008547;1.472622;1.266012;30;46.153846
OVERALL;48;09,12,13,15,17,21,25,26,29,31,40,57,63;15;13;VALIDATION;65;585;73;8.598351;54;9.230769;0.632418;1.073551;38;58.461538
OVERALL;48;09,12,13,15,17,21,25,26,29,31,40,57,63;17;1;VALIDATION;65;585;57;6.713781;43;7.350427;0.636646;1.094827;33;50.769231
OVERALL;48;09,12,13,15,17,21,25,26,29,31,40,57,63;21;9;VALIDATION;65;585;64;7.53828;37;6.324786;-1.213494;0.839022;28;43.076923
OVERALL;48;09,12,13,15,17,21,25,26,29,31,40,57,63;25;6;VALIDATION;65;585;52;6.124853;34;5.811966;-0.312887;0.948915;26;40.0
OVERALL;48;09,12,13,15,17,21,25,26,29,31,40,57,63;26;2;VALIDATION;65;585;46;5.418139;32;5.470085;0.051946;1.009588;23;35.384615
OVERALL;48;09,12,13,15,17,21,25,26,29,31,40,57,63;29;4;VALIDATION;65;585;55;6.47821;35;5.982906;-0.495304;0.923543;24;36.923077
OVERALL;48;09,12,13,15,17,21,25,26,29,31,40,57,63;31;11;VALIDATION;65;585;51;6.007067;36;6.153846;0.146779;1.024434;32;49.230769
OVERALL;48;09,12,13,15,17,21,25,26,29,31,40,57,63;40;10;VALIDATION;65;585;61;7.184923;40;6.837607;-0.347317;0.95166;30;46.153846
OVERALL;48;09,12,13,15,17,21,25,26,29,31,40,57,63;57;12;VALIDATION;65;585;52;6.124853;35;5.982906;-0.141947;0.976824;31;47.692308
OVERALL;48;09,12,13,15,17,21,25,26,29,31,40,57,63;63;8;VALIDATION;65;585;52;6.124853;32;5.470085;-0.654767;0.893097;25;38.461538
OVERALL;48;09,12,13,15,17,21,25,26,29,31,40,57,63;9;3;TEST;50;450;59;6.949352;26;5.777778;-1.171574;0.831412;19;38.0
OVERALL;48;09,12,13,15,17,21,25,26,29,31,40,57,63;12;7;TEST;50;450;40;4.711425;32;7.111111;2.399686;1.509333;21;42.0
OVERALL;48;09,12,13,15,17,21,25,26,29,31,40,57,63;13;5;TEST;50;450;57;6.713781;28;6.222222;-0.491559;0.926784;22;44.0
OVERALL;48;09,12,13,15,17,21,25,26,29,31,40,57,63;15;13;TEST;50;450;46;5.418139;16;3.555556;-1.862583;0.656232;10;20.0
OVERALL;48;09,12,13,15,17,21,25,26,29,31,40,57,63;17;1;TEST;50;450;54;6.360424;28;6.222222;-0.138202;0.978272;23;46.0
OVERALL;48;09,12,13,15,17,21,25,26,29,31,40,57,63;21;9;TEST;50;450;56;6.595995;42;9.333333;2.737338;1.415;29;58.0
OVERALL;48;09,12,13,15,17,21,25,26,29,31,40,57,63;25;6;TEST;50;450;63;7.420495;27;6.0;-1.420495;0.808571;23;46.0
OVERALL;48;09,12,13,15,17,21,25,26,29,31,40,57,63;26;2;TEST;50;450;47;5.535925;10;2.222222;-3.313702;0.401418;10;20.0
OVERALL;48;09,12,13,15,17,21,25,26,29,31,40,57,63;29;4;TEST;50;450;52;6.124853;25;5.555556;-0.569297;0.907051;20;40.0
OVERALL;48;09,12,13,15,17,21,25,26,29,31,40,57,63;31;11;TEST;50;450;59;6.949352;36;8.0;1.050648;1.151186;28;56.0
OVERALL;48;09,12,13,15,17,21,25,26,29,31,40,57,63;40;10;TEST;50;450;65;7.656066;31;6.888889;-0.767177;0.899795;23;46.0
OVERALL;48;09,12,13,15,17,21,25,26,29,31,40,57,63;57;12;TEST;50;450;51;6.007067;21;4.666667;-1.3404;0.776863;15;30.0
OVERALL;48;09,12,13,15,17,21,25,26,29,31,40,57,63;63;8;TEST;50;450;65;7.656066;40;8.888889;1.232823;1.161026;29;58.0
OVERALL;49;09,11,18,26,37,50,51,55,56,57,68,70,72;9;10;DISCOVERY;187;1683;145;5.697446;110;6.535948;0.838502;1.147172;90;48.128342
OVERALL;49;09,11,18,26,37,50,51,55,56,57,68,70,72;11;1;DISCOVERY;187;1683;171;6.719057;136;8.080808;1.361751;1.20267;93;49.73262
OVERALL;49;09,11,18,26,37,50,51,55,56,57,68,70,72;18;12;DISCOVERY;187;1683;151;5.933202;113;6.714201;0.780998;1.131632;84;44.919786
OVERALL;49;09,11,18,26,37,50,51,55,56,57,68,70,72;26;7;DISCOVERY;187;1683;172;6.75835;131;7.78372;1.02537;1.151719;105;56.149733
OVERALL;49;09,11,18,26,37,50,51,55,56,57,68,70,72;37;3;DISCOVERY;187;1683;163;6.404715;128;7.605466;1.200751;1.187479;97;51.871658
OVERALL;49;09,11,18,26,37,50,51,55,56,57,68,70,72;50;13;DISCOVERY;187;1683;150;5.89391;111;6.595365;0.701456;1.119014;88;47.058824
OVERALL;49;09,11,18,26,37,50,51,55,56,57,68,70,72;51;5;DISCOVERY;187;1683;180;7.072692;137;8.140226;1.067534;1.150937;103;55.080214
OVERALL;49;09,11,18,26,37,50,51,55,56,57,68,70,72;55;2;DISCOVERY;187;1683;191;7.504912;147;8.734403;1.229491;1.163825;105;56.149733
OVERALL;49;09,11,18,26,37,50,51,55,56,57,68,70,72;56;8;DISCOVERY;187;1683;184;7.229862;138;8.199643;0.969781;1.134135;99;52.941176
OVERALL;49;09,11,18,26,37,50,51,55,56,57,68,70,72;57;4;DISCOVERY;187;1683;170;6.679764;131;7.78372;1.103955;1.165269;95;50.802139
OVERALL;49;09,11,18,26,37,50,51,55,56,57,68,70,72;68;6;DISCOVERY;187;1683;171;6.719057;131;7.78372;1.064663;1.158454;107;57.219251
OVERALL;49;09,11,18,26,37,50,51,55,56,57,68,70,72;70;11;DISCOVERY;187;1683;175;6.876228;129;7.664884;0.788656;1.114693;104;55.614973
OVERALL;49;09,11,18,26,37,50,51,55,56,57,68,70,72;72;9;DISCOVERY;187;1683;167;6.561886;125;7.427213;0.865327;1.131872;89;47.593583
OVERALL;49;09,11,18,26,37,50,51,55,56,57,68,70,72;9;10;VALIDATION;61;549;65;7.656066;44;8.014572;0.358506;1.046826;31;50.819672
OVERALL;49;09,11,18,26,37,50,51,55,56,57,68,70,72;11;1;VALIDATION;61;549;56;6.595995;39;7.103825;0.50783;1.076991;30;49.180328
OVERALL;49;09,11,18,26,37,50,51,55,56,57,68,70,72;18;12;VALIDATION;61;549;45;5.300353;39;7.103825;1.803472;1.340255;25;40.983607
OVERALL;49;09,11,18,26,37,50,51,55,56,57,68,70,72;26;7;VALIDATION;61;549;46;5.418139;41;7.468124;2.049985;1.378356;32;52.459016
OVERALL;49;09,11,18,26,37,50,51,55,56,57,68,70,72;37;3;VALIDATION;61;549;71;8.36278;41;7.468124;-0.894656;0.893019;35;57.377049
OVERALL;49;09,11,18,26,37,50,51,55,56,57,68,70,72;50;13;VALIDATION;61;549;48;5.65371;29;5.282332;-0.371379;0.934312;19;31.147541
OVERALL;49;09,11,18,26,37,50,51,55,56,57,68,70,72;51;5;VALIDATION;61;549;60;7.067138;36;6.557377;-0.509761;0.927869;27;44.262295
OVERALL;49;09,11,18,26,37,50,51,55,56,57,68,70,72;55;2;VALIDATION;61;549;61;7.184923;56;10.200364;3.015441;1.41969;40;65.57377
OVERALL;49;09,11,18,26,37,50,51,55,56,57,68,70,72;56;8;VALIDATION;61;549;50;5.889282;37;6.739526;0.850245;1.144372;30;49.180328
OVERALL;49;09,11,18,26,37,50,51,55,56,57,68,70,72;57;4;VALIDATION;61;549;52;6.124853;31;5.64663;-0.478223;0.921921;26;42.622951
OVERALL;49;09,11,18,26,37,50,51,55,56,57,68,70,72;68;6;VALIDATION;61;549;71;8.36278;47;8.56102;0.19824;1.023705;34;55.737705
OVERALL;49;09,11,18,26,37,50,51,55,56,57,68,70,72;70;11;VALIDATION;61;549;43;5.064782;27;4.918033;-0.146749;0.971026;27;44.262295
OVERALL;49;09,11,18,26,37,50,51,55,56,57,68,70,72;72;9;VALIDATION;61;549;63;7.420495;37;6.739526;-0.680968;0.908231;26;42.622951
OVERALL;49;09,11,18,26,37,50,51,55,56,57,68,70,72;9;10;TEST;63;567;59;6.949352;33;5.820106;-1.129246;0.837503;28;44.444444
OVERALL;49;09,11,18,26,37,50,51,55,56,57,68,70,72;11;1;TEST;63;567;55;6.47821;37;6.525573;0.047364;1.007311;30;47.619048
OVERALL;49;09,11,18,26,37,50,51,55,56,57,68,70,72;18;12;TEST;63;567;60;7.067138;47;8.289242;1.222104;1.172928;34;53.968254
OVERALL;49;09,11,18,26,37,50,51,55,56,57,68,70,72;26;7;TEST;63;567;47;5.535925;36;6.349206;0.813282;1.14691;24;38.095238
OVERALL;49;09,11,18,26,37,50,51,55,56,57,68,70,72;37;3;TEST;63;567;49;5.771496;31;5.467372;-0.304124;0.947306;28;44.444444
OVERALL;49;09,11,18,26,37,50,51,55,56,57,68,70,72;50;13;TEST;63;567;42;4.946996;27;4.761905;-0.185092;0.962585;19;30.15873
OVERALL;49;09,11,18,26,37,50,51,55,56,57,68,70,72;51;5;TEST;63;567;55;6.47821;34;5.996473;-0.481737;0.925637;26;41.269841
OVERALL;49;09,11,18,26,37,50,51,55,56,57,68,70,72;55;2;TEST;63;567;60;7.067138;34;5.996473;-1.070665;0.848501;26;41.269841
OVERALL;49;09,11,18,26,37,50,51,55,56,57,68,70,72;56;8;TEST;63;567;59;6.949352;40;7.054674;0.105322;1.015156;29;46.031746
OVERALL;49;09,11,18,26,37,50,51,55,56,57,68,70,72;57;4;TEST;63;567;51;6.007067;32;5.643739;-0.363328;0.939517;26;41.269841
OVERALL;49;09,11,18,26,37,50,51,55,56,57,68,70,72;68;6;TEST;63;567;64;7.53828;42;7.407407;-0.130873;0.982639;33;52.380952
OVERALL;49;09,11,18,26,37,50,51,55,56,57,68,70,72;70;11;TEST;63;567;40;4.711425;23;4.056437;-0.654988;0.860979;21;33.333333
OVERALL;49;09,11,18,26,37,50,51,55,56,57,68,70,72;72;9;TEST;63;567;60;7.067138;33;5.820106;-1.247032;0.823545;27;42.857143
OVERALL;50;01,09,10,14,30,36,41,43,51,71,75,81,84;1;6;DISCOVERY;150;1350;195;7.662083;120;8.888889;1.226806;1.160114;84;56.0
OVERALL;50;01,09,10,14,30,36,41,43,51,71,75,81,84;9;9;DISCOVERY;150;1350;145;5.697446;90;6.666667;0.969221;1.170115;65;43.333333
OVERALL;50;01,09,10,14,30,36,41,43,51,71,75,81,84;10;7;DISCOVERY;150;1350;160;6.286837;100;7.407407;1.12057;1.178241;73;48.666667
OVERALL;50;01,09,10,14,30,36,41,43,51,71,75,81,84;14;4;DISCOVERY;150;1350;166;6.522593;107;7.925926;1.403333;1.215149;80;53.333333
OVERALL;50;01,09,10,14,30,36,41,43,51,71,75,81,84;30;12;DISCOVERY;150;1350;163;6.404715;98;7.259259;0.854544;1.133424;70;46.666667
OVERALL;50;01,09,10,14,30,36,41,43,51,71,75,81,84;36;3;DISCOVERY;150;1350;156;6.129666;103;7.62963;1.499964;1.244706;77;51.333333
OVERALL;50;01,09,10,14,30,36,41,43,51,71,75,81,84;41;5;DISCOVERY;150;1350;170;6.679764;107;7.925926;1.246162;1.186558;85;56.666667
OVERALL;50;01,09,10,14,30,36,41,43,51,71,75,81,84;43;11;DISCOVERY;150;1350;172;6.75835;103;7.62963;0.87128;1.128919;70;46.666667
OVERALL;50;01,09,10,14,30,36,41,43,51,71,75,81,84;51;10;DISCOVERY;150;1350;180;7.072692;108;8.0;0.927308;1.131111;78;52.0
OVERALL;50;01,09,10,14,30,36,41,43,51,71,75,81,84;71;2;DISCOVERY;150;1350;174;6.836935;113;8.37037;1.533435;1.224287;82;54.666667
OVERALL;50;01,09,10,14,30,36,41,43,51,71,75,81,84;75;1;DISCOVERY;150;1350;181;7.111984;119;8.814815;1.702831;1.239431;88;58.666667
OVERALL;50;01,09,10,14,30,36,41,43,51,71,75,81,84;81;8;DISCOVERY;150;1350;189;7.426326;114;8.444444;1.018118;1.137096;86;57.333333
OVERALL;50;01,09,10,14,30,36,41,43,51,71,75,81,84;84;13;DISCOVERY;150;1350;175;6.876228;104;7.703704;0.827476;1.120339;75;50.0
OVERALL;50;01,09,10,14,30,36,41,43,51,71,75,81,84;1;6;VALIDATION;48;432;51;6.007067;22;5.092593;-0.914475;0.847767;17;35.416667
OVERALL;50;01,09,10,14,30,36,41,43,51,71,75,81,84;9;9;VALIDATION;48;432;65;7.656066;26;6.018519;-1.637547;0.786111;22;45.833333
OVERALL;50;01,09,10,14,30,36,41,43,51,71,75,81,84;10;7;VALIDATION;48;432;57;6.713781;21;4.861111;-1.85267;0.72405;20;41.666667
OVERALL;50;01,09,10,14,30,36,41,43,51,71,75,81,84;14;4;VALIDATION;48;432;52;6.124853;24;5.555556;-0.569297;0.907051;17;35.416667
OVERALL;50;01,09,10,14,30,36,41,43,51,71,75,81,84;30;12;VALIDATION;48;432;49;5.771496;28;6.481481;0.709986;1.123016;23;47.916667
OVERALL;50;01,09,10,14,30,36,41,43,51,71,75,81,84;36;3;VALIDATION;48;432;50;5.889282;30;6.944444;1.055163;1.179167;25;52.083333
OVERALL;50;01,09,10,14,30,36,41,43,51,71,75,81,84;41;5;VALIDATION;48;432;52;6.124853;21;4.861111;-1.263742;0.79367;14;29.166667
OVERALL;50;01,09,10,14,30,36,41,43,51,71,75,81,84;43;11;VALIDATION;48;432;59;6.949352;34;7.87037;0.921018;1.132533;29;60.416667
OVERALL;50;01,09,10,14,30,36,41,43,51,71,75,81,84;51;10;VALIDATION;48;432;60;7.067138;30;6.944444;-0.122693;0.982639;24;50.0
OVERALL;50;01,09,10,14,30,36,41,43,51,71,75,81,84;71;2;VALIDATION;48;432;48;5.65371;24;5.555556;-0.098155;0.982639;19;39.583333
OVERALL;50;01,09,10,14,30,36,41,43,51,71,75,81,84;75;1;VALIDATION;48;432;61;7.184923;19;4.398148;-2.786775;0.612136;14;29.166667
OVERALL;50;01,09,10,14,30,36,41,43,51,71,75,81,84;81;8;VALIDATION;48;432;60;7.067138;35;8.101852;1.034714;1.146412;29;60.416667
OVERALL;50;01,09,10,14,30,36,41,43,51,71,75,81,84;84;13;VALIDATION;48;432;51;6.007067;30;6.944444;0.937377;1.156046;27;56.25
OVERALL;50;01,09,10,14,30,36,41,43,51,71,75,81,84;1;6;TEST;42;378;54;6.360424;18;4.761905;-1.598519;0.748677;15;35.714286
OVERALL;50;01,09,10,14,30,36,41,43,51,71,75,81,84;9;9;TEST;42;378;59;6.949352;32;8.465608;1.516256;1.218187;22;52.380952
OVERALL;50;01,09,10,14,30,36,41,43,51,71,75,81,84;10;7;TEST;42;378;58;6.831567;26;6.878307;0.04674;1.006842;20;47.619048
OVERALL;50;01,09,10,14,30,36,41,43,51,71,75,81,84;14;4;TEST;42;378;55;6.47821;30;7.936508;1.458298;1.225108;21;50.0
OVERALL;50;01,09,10,14,30,36,41,43,51,71,75,81,84;30;12;TEST;42;378;57;6.713781;22;5.820106;-0.893675;0.866889;20;47.619048
OVERALL;50;01,09,10,14,30,36,41,43,51,71,75,81,84;36;3;TEST;42;378;44;5.182568;25;6.613757;1.431189;1.276154;18;42.857143
OVERALL;50;01,09,10,14,30,36,41,43,51,71,75,81,84;41;5;TEST;42;378;69;8.127208;25;6.613757;-1.513452;0.81378;17;40.47619
OVERALL;50;01,09,10,14,30,36,41,43,51,71,75,81,84;43;11;TEST;42;378;65;7.656066;26;6.878307;-0.777759;0.898413;22;52.380952
OVERALL;50;01,09,10,14,30,36,41,43,51,71,75,81,84;51;10;TEST;42;378;55;6.47821;24;6.349206;-0.129003;0.980087;19;45.238095
OVERALL;50;01,09,10,14,30,36,41,43,51,71,75,81,84;71;2;TEST;42;378;63;7.420495;31;8.201058;0.780564;1.10519;20;47.619048
OVERALL;50;01,09,10,14,30,36,41,43,51,71,75,81,84;75;1;TEST;42;378;51;6.007067;25;6.613757;0.606689;1.100996;18;42.857143
OVERALL;50;01,09,10,14,30,36,41,43,51,71,75,81,84;81;8;TEST;42;378;61;7.184923;30;7.936508;0.751584;1.104606;23;54.761905
OVERALL;50;01,09,10,14,30,36,41,43,51,71,75,81,84;84;13;TEST;42;378;52;6.124853;29;7.671958;1.547105;1.252595;19;45.238095
OVERALL;51;01,08,12,21,22,28,31,41,54,56,74,75,87;1;12;DISCOVERY;180;1620;195;7.662083;134;8.271605;0.609522;1.07955;103;57.222222
OVERALL;51;01,08,12,21,22,28,31,41,54,56,74,75,87;8;4;DISCOVERY;180;1620;179;7.033399;129;7.962963;0.929564;1.132164;93;51.666667
OVERALL;51;01,08,12,21,22,28,31,41,54,56,74,75,87;12;5;DISCOVERY;180;1620;173;6.797642;125;7.716049;0.918407;1.135107;89;49.444444
OVERALL;51;01,08,12,21,22,28,31,41,54,56,74,75,87;21;11;DISCOVERY;180;1620;165;6.483301;116;7.160494;0.677193;1.104452;88;48.888889
OVERALL;51;01,08,12,21,22,28,31,41,54,56,74,75,87;22;8;DISCOVERY;180;1620;165;6.483301;118;7.283951;0.80065;1.123494;92;51.111111
OVERALL;51;01,08,12,21,22,28,31,41,54,56,74,75,87;28;3;DISCOVERY;180;1620;150;5.89391;114;7.037037;1.143127;1.193951;86;47.777778
OVERALL;51;01,08,12,21,22,28,31,41,54,56,74,75,87;31;10;DISCOVERY;180;1620;161;6.32613;114;7.037037;0.710907;1.112376;87;48.333333
OVERALL;51;01,08,12,21,22,28,31,41,54,56,74,75,87;41;1;DISCOVERY;180;1620;170;6.679764;130;8.024691;1.344927;1.201344;99;55.0
OVERALL;51;01,08,12,21,22,28,31,41,54,56,74,75,87;54;2;DISCOVERY;180;1620;180;7.072692;134;8.271605;1.198913;1.169513;96;53.333333
OVERALL;51;01,08,12,21,22,28,31,41,54,56,74,75,87;56;6;DISCOVERY;180;1620;184;7.229862;132;8.148148;0.918286;1.127013;98;54.444444
OVERALL;51;01,08,12,21,22,28,31,41,54,56,74,75,87;74;7;DISCOVERY;180;1620;174;6.836935;124;7.654321;0.817386;1.119554;98;54.444444
OVERALL;51;01,08,12,21,22,28,31,41,54,56,74,75,87;75;13;DISCOVERY;180;1620;181;7.111984;125;7.716049;0.604065;1.084936;97;53.888889
OVERALL;51;01,08,12,21,22,28,31,41,54,56,74,75,87;87;9;DISCOVERY;180;1620;186;7.308448;131;8.08642;0.777972;1.106448;99;55.0
OVERALL;51;01,08,12,21,22,28,31,41,54,56,74,75,87;1;12;VALIDATION;60;540;51;6.007067;30;5.555556;-0.451512;0.924837;27;45.0
OVERALL;51;01,08,12,21,22,28,31,41,54,56,74,75,87;8;4;VALIDATION;60;540;46;5.418139;31;5.740741;0.322602;1.059541;25;41.666667
OVERALL;51;01,08,12,21,22,28,31,41,54,56,74,75,87;12;5;VALIDATION;60;540;49;5.771496;25;4.62963;-1.141866;0.802154;22;36.666667
OVERALL;51;01,08,12,21,22,28,31,41,54,56,74,75,87;21;11;VALIDATION;60;540;64;7.53828;44;8.148148;0.609868;1.080903;32;53.333333
OVERALL;51;01,08,12,21,22,28,31,41,54,56,74,75,87;22;8;VALIDATION;60;540;56;6.595995;39;7.222222;0.626227;1.09494;32;53.333333
OVERALL;51;01,08,12,21,22,28,31,41,54,56,74,75,87;28;3;VALIDATION;60;540;58;6.831567;45;8.333333;1.501767;1.219828;36;60.0
OVERALL;51;01,08,12,21,22,28,31,41,54,56,74,75,87;31;10;VALIDATION;60;540;51;6.007067;29;5.37037;-0.636697;0.894009;26;43.333333
OVERALL;51;01,08,12,21,22,28,31,41,54,56,74,75,87;41;1;VALIDATION;60;540;52;6.124853;37;6.851852;0.726999;1.118697;25;41.666667
OVERALL;51;01,08,12,21,22,28,31,41,54,56,74,75,87;54;2;VALIDATION;60;540;47;5.535925;25;4.62963;-0.906295;0.836288;24;40.0
OVERALL;51;01,08,12,21,22,28,31,41,54,56,74,75,87;56;6;VALIDATION;60;540;50;5.889282;30;5.555556;-0.333726;0.943333;29;48.333333
OVERALL;51;01,08,12,21,22,28,31,41,54,56,74,75,87;74;7;VALIDATION;60;540;55;6.47821;45;8.333333;1.855124;1.286364;33;55.0
OVERALL;51;01,08,12,21,22,28,31,41,54,56,74,75,87;75;13;VALIDATION;60;540;61;7.184923;35;6.481481;-0.703442;0.902095;28;46.666667
OVERALL;51;01,08,12,21,22,28,31,41,54,56,74,75,87;87;9;VALIDATION;60;540;58;6.831567;38;7.037037;0.20547;1.030077;33;55.0
OVERALL;51;01,08,12,21,22,28,31,41,54,56,74,75,87;1;12;TEST;55;495;54;6.360424;32;6.464646;0.104222;1.016386;25;45.454545
OVERALL;51;01,08,12,21,22,28,31,41,54,56,74,75,87;8;4;TEST;55;495;59;6.949352;36;7.272727;0.323375;1.046533;27;49.090909
OVERALL;51;01,08,12,21,22,28,31,41,54,56,74,75,87;12;5;TEST;55;495;40;4.711425;23;4.646465;-0.064961;0.986212;18;32.727273
OVERALL;51;01,08,12,21,22,28,31,41,54,56,74,75,87;21;11;TEST;55;495;56;6.595995;45;9.090909;2.494914;1.378247;32;58.181818
OVERALL;51;01,08,12,21,22,28,31,41,54,56,74,75,87;22;8;TEST;55;495;59;6.949352;41;8.282828;1.333476;1.191885;36;65.454545
OVERALL;51;01,08,12,21,22,28,31,41,54,56,74,75,87;28;3;TEST;55;495;65;7.656066;42;8.484848;0.828783;1.108252;29;52.727273
OVERALL;51;01,08,12,21,22,28,31,41,54,56,74,75,87;31;10;TEST;55;495;59;6.949352;35;7.070707;0.121355;1.017463;26;47.272727
OVERALL;51;01,08,12,21,22,28,31,41,54,56,74,75,87;41;1;TEST;55;495;69;8.127208;30;6.060606;-2.066602;0.745718;24;43.636364
OVERALL;51;01,08,12,21,22,28,31,41,54,56,74,75,87;54;2;TEST;55;495;59;6.949352;35;7.070707;0.121355;1.017463;29;52.727273
OVERALL;51;01,08,12,21,22,28,31,41,54,56,74,75,87;56;6;TEST;55;495;59;6.949352;26;5.252525;-1.696827;0.755829;18;32.727273
OVERALL;51;01,08,12,21,22,28,31,41,54,56,74,75,87;74;7;TEST;55;495;54;6.360424;30;6.060606;-0.299818;0.952862;24;43.636364
OVERALL;51;01,08,12,21,22,28,31,41,54,56,74,75,87;75;13;TEST;55;495;51;6.007067;26;5.252525;-0.754542;0.874391;20;36.363636
OVERALL;51;01,08,12,21,22,28,31,41,54,56,74,75,87;87;9;TEST;55;495;47;5.535925;29;5.858586;0.322661;1.058285;21;38.181818
OVERALL;52;01,04,13,25,33,39,41,45,66,76,79,81,89;1;2;DISCOVERY;175;1575;195;7.662083;140;8.888889;1.226806;1.160114;103;58.857143
OVERALL;52;01,04,13,25,33,39,41,45,66,76,79,81,89;4;7;DISCOVERY;175;1575;171;6.719057;120;7.619048;0.899991;1.133946;87;49.714286
OVERALL;52;01,04,13,25,33,39,41,45,66,76,79,81,89;13;5;DISCOVERY;175;1575;160;6.286837;115;7.301587;1.01475;1.161409;90;51.428571
OVERALL;52;01,04,13,25,33,39,41,45,66,76,79,81,89;25;1;DISCOVERY;175;1575;173;6.797642;129;8.190476;1.392834;1.2049;98;56.0
OVERALL;52;01,04,13,25,33,39,41,45,66,76,79,81,89;33;4;DISCOVERY;175;1575;172;6.75835;124;7.873016;1.114666;1.164932;88;50.285714
OVERALL;52;01,04,13,25,33,39,41,45,66,76,79,81,89;39;12;DISCOVERY;175;1575;178;6.994106;121;7.68254;0.688434;1.098431;94;53.714286
OVERALL;52;01,04,13,25,33,39,41,45,66,76,79,81,89;41;9;DISCOVERY;175;1575;170;6.679764;118;7.492063;0.812299;1.121606;87;49.714286
OVERALL;52;01,04,13,25,33,39,41,45,66,76,79,81,89;45;6;DISCOVERY;175;1575;179;7.033399;126;8.0;0.966601;1.13743;94;53.714286
OVERALL;52;01,04,13,25,33,39,41,45,66,76,79,81,89;66;8;DISCOVERY;175;1575;173;6.797642;121;7.68254;0.884897;1.130177;88;50.285714
OVERALL;52;01,04,13,25,33,39,41,45,66,76,79,81,89;76;13;DISCOVERY;175;1575;161;6.32613;110;6.984127;0.657997;1.104013;86;49.142857
OVERALL;52;01,04,13,25,33,39,41,45,66,76,79,81,89;79;10;DISCOVERY;175;1575;184;7.229862;125;7.936508;0.706645;1.09774;85;48.571429
OVERALL;52;01,04,13,25,33,39,41,45,66,76,79,81,89;81;11;DISCOVERY;175;1575;189;7.426326;128;8.126984;0.700658;1.094348;99;56.571429
OVERALL;52;01,04,13,25,33,39,41,45,66,76,79,81,89;89;3;DISCOVERY;175;1575;165;6.483301;120;7.619048;1.135747;1.17518;88;50.285714
OVERALL;52;01,04,13,25,33,39,41,45,66,76,79,81,89;1;2;VALIDATION;61;549;51;6.007067;35;6.375228;0.368161;1.061288;29;47.540984
OVERALL;52;01,04,13,25,33,39,41,45,66,76,79,81,89;4;7;VALIDATION;61;549;45;5.300353;29;5.282332;-0.018022;0.9966;21;34.42623
OVERALL;52;01,04,13,25,33,39,41,45,66,76,79,81,89;13;5;VALIDATION;61;549;47;5.535925;23;4.189435;-1.346489;0.756772;21;34.42623
OVERALL;52;01,04,13,25,33,39,41,45,66,76,79,81,89;25;1;VALIDATION;61;549;52;6.124853;46;8.378871;2.254018;1.368012;33;54.098361
OVERALL;52;01,04,13,25,33,39,41,45,66,76,79,81,89;33;4;VALIDATION;61;549;57;6.713781;39;7.103825;0.390044;1.058096;29;47.540984
OVERALL;52;01,04,13,25,33,39,41,45,66,76,79,81,89;39;12;VALIDATION;61;549;57;6.713781;36;6.557377;-0.156404;0.976704;32;52.459016
OVERALL;52;01,04,13,25,33,39,41,45,66,76,79,81,89;41;9;VALIDATION;61;549;52;6.124853;27;4.918033;-1.20682;0.802963;19;31.147541
OVERALL;52;01,04,13,25,33,39,41,45,66,76,79,81,89;45;6;VALIDATION;61;549;66;7.773852;42;7.650273;-0.123578;0.984103;34;55.737705
OVERALL;52;01,04,13,25,33,39,41,45,66,76,79,81,89;66;8;VALIDATION;61;549;67;7.891637;47;8.56102;0.669383;1.084822;37;60.655738
OVERALL;52;01,04,13,25,33,39,41,45,66,76,79,81,89;76;13;VALIDATION;61;549;65;7.656066;40;7.285974;-0.370091;0.95166;32;52.459016
OVERALL;52;01,04,13,25,33,39,41,45,66,76,79,81,89;79;10;VALIDATION;61;549;67;7.891637;43;7.832423;-0.059215;0.992497;31;50.819672
OVERALL;52;01,04,13,25,33,39,41,45,66,76,79,81,89;81;11;VALIDATION;61;549;60;7.067138;29;5.282332;-1.784806;0.74745;24;39.344262
OVERALL;52;01,04,13,25,33,39,41,45,66,76,79,81,89;89;3;VALIDATION;61;549;61;7.184923;48;8.743169;1.558246;1.216877;34;55.737705
OVERALL;52;01,04,13,25,33,39,41,45,66,76,79,81,89;1;2;TEST;66;594;54;6.360424;39;6.565657;0.205233;1.032267;29;43.939394
OVERALL;52;01,04,13,25,33,39,41,45,66,76,79,81,89;4;7;TEST;66;594;60;7.067138;43;7.239057;0.171919;1.024327;34;51.515152
OVERALL;52;01,04,13,25,33,39,41,45,66,76,79,81,89;13;5;TEST;66;594;57;6.713781;37;6.228956;-0.484825;0.927787;29;43.939394
OVERALL;52;01,04,13,25,33,39,41,45,66,76,79,81,89;25;1;TEST;66;594;63;7.420495;42;7.070707;-0.349788;0.952862;28;42.424242
OVERALL;52;01,04,13,25,33,39,41,45,66,76,79,81,89;33;4;TEST;66;594;55;6.47821;38;6.397306;-0.080903;0.987511;32;48.484848
OVERALL;52;01,04,13,25,33,39,41,45,66,76,79,81,89;39;12;TEST;66;594;61;7.184923;43;7.239057;0.054134;1.007534;35;53.030303
OVERALL;52;01,04,13,25,33,39,41,45,66,76,79,81,89;41;9;TEST;66;594;69;8.127208;50;8.417508;0.2903;1.03572;43;65.151515
OVERALL;52;01,04,13,25,33,39,41,45,66,76,79,81,89;45;6;TEST;66;594;60;7.067138;34;5.723906;-1.343232;0.809933;29;43.939394
OVERALL;52;01,04,13,25,33,39,41,45,66,76,79,81,89;66;8;TEST;66;594;57;6.713781;40;6.734007;0.020226;1.003013;32;48.484848
OVERALL;52;01,04,13,25,33,39,41,45,66,76,79,81,89;76;13;TEST;66;594;49;5.771496;38;6.397306;0.625811;1.108431;29;43.939394
OVERALL;52;01,04,13,25,33,39,41,45,66,76,79,81,89;79;10;TEST;66;594;62;7.302709;42;7.070707;-0.232002;0.968231;32;48.484848
OVERALL;52;01,04,13,25,33,39,41,45,66,76,79,81,89;81;11;TEST;66;594;61;7.184923;46;7.744108;0.559184;1.077827;38;57.575758
OVERALL;52;01,04,13,25,33,39,41,45,66,76,79,81,89;89;3;TEST;66;594;52;6.124853;43;7.239057;1.114204;1.181915;32;48.484848
OVERALL;53;03,20,32,35,39,41,47,55,59,66,67,70,88;3;4;DISCOVERY;157;1413;168;6.601179;108;7.643312;1.042133;1.157871;69;43.949045
OVERALL;53;03,20,32,35,39,41,47,55,59,66,67,70,88;20;7;DISCOVERY;157;1413;165;6.483301;103;7.289455;0.806154;1.124343;80;50.955414
OVERALL;53;03,20,32,35,39,41,47,55,59,66,67,70,88;32;13;DISCOVERY;157;1413;177;6.954813;108;7.643312;0.688499;1.098996;78;49.681529
OVERALL;53;03,20,32,35,39,41,47,55,59,66,67,70,88;35;1;DISCOVERY;157;1413;165;6.483301;109;7.714084;1.230783;1.189839;87;55.414013
OVERALL;53;03,20,32,35,39,41,47,55,59,66,67,70,88;39;11;DISCOVERY;157;1413;178;6.994106;109;7.714084;0.719977;1.102941;81;51.592357
OVERALL;53;03,20,32,35,39,41,47,55,59,66,67,70,88;41;6;DISCOVERY;157;1413;170;6.679764;106;7.501769;0.822005;1.123059;77;49.044586
OVERALL;53;03,20,32,35,39,41,47,55,59,66,67,70,88;47;12;DISCOVERY;157;1413;164;6.444008;101;7.147912;0.703904;1.109234;76;48.407643
OVERALL;53;03,20,32,35,39,41,47,55,59,66,67,70,88;55;8;DISCOVERY;157;1413;191;7.504912;117;8.280255;0.775343;1.103311;88;56.050955
OVERALL;53;03,20,32,35,39,41,47,55,59,66,67,70,88;59;3;DISCOVERY;157;1413;146;5.736739;98;6.935598;1.198859;1.208979;79;50.318471
OVERALL;53;03,20,32,35,39,41,47,55,59,66,67,70,88;66;9;DISCOVERY;157;1413;173;6.797642;107;7.572541;0.774898;1.113995;82;52.229299
OVERALL;53;03,20,32,35,39,41,47,55,59,66,67,70,88;67;5;DISCOVERY;157;1413;164;6.444008;103;7.289455;0.845447;1.131199;75;47.770701
OVERALL;53;03,20,32,35,39,41,47,55,59,66,67,70,88;70;10;DISCOVERY;157;1413;175;6.876228;108;7.643312;0.767084;1.111556;85;54.140127
OVERALL;53;03,20,32,35,39,41,47,55,59,66,67,70,88;88;2;DISCOVERY;157;1413;191;7.504912;123;8.704883;1.199972;1.159892;92;58.598726
OVERALL;53;03,20,32,35,39,41,47,55,59,66,67,70,88;3;4;VALIDATION;44;396;50;5.889282;25;6.313131;0.42385;1.07197;18;40.909091
OVERALL;53;03,20,32,35,39,41,47,55,59,66,67,70,88;20;7;VALIDATION;44;396;52;6.124853;27;6.818182;0.693329;1.113199;20;45.454545
OVERALL;53;03,20,32,35,39,41,47,55,59,66,67,70,88;32;13;VALIDATION;44;396;54;6.360424;27;6.818182;0.457758;1.07197;21;47.727273
OVERALL;53;03,20,32,35,39,41,47,55,59,66,67,70,88;35;1;VALIDATION;44;396;63;7.420495;41;10.353535;2.933041;1.395262;28;63.636364
OVERALL;53;03,20,32,35,39,41,47,55,59,66,67,70,88;39;11;VALIDATION;44;396;57;6.713781;30;7.575758;0.861977;1.128389;24;54.545455
OVERALL;53;03,20,32,35,39,41,47,55,59,66,67,70,88;41;6;VALIDATION;44;396;52;6.124853;20;5.050505;-1.074348;0.824592;17;38.636364
OVERALL;53;03,20,32,35,39,41,47,55,59,66,67,70,88;47;12;VALIDATION;44;396;73;8.598351;28;7.070707;-1.527644;0.822333;19;43.181818
OVERALL;53;03,20,32,35,39,41,47,55,59,66,67,70,88;55;8;VALIDATION;44;396;61;7.184923;35;8.838384;1.65346;1.230129;27;61.363636
OVERALL;53;03,20,32,35,39,41,47,55,59,66,67,70,88;59;3;VALIDATION;44;396;63;7.420495;31;7.828283;0.407788;1.054954;19;43.181818
OVERALL;53;03,20,32,35,39,41,47,55,59,66,67,70,88;66;9;VALIDATION;44;396;67;7.891637;22;5.555556;-2.336082;0.70398;19;43.181818
OVERALL;53;03,20,32,35,39,41,47,55,59,66,67,70,88;67;5;VALIDATION;44;396;53;6.242638;30;7.575758;1.333119;1.213551;24;54.545455
OVERALL;53;03,20,32,35,39,41,47,55,59,66,67,70,88;70;10;VALIDATION;44;396;43;5.064782;26;6.565657;1.500874;1.296335;21;47.727273
OVERALL;53;03,20,32,35,39,41,47,55,59,66,67,70,88;88;2;VALIDATION;44;396;52;6.124853;29;7.323232;1.19838;1.195659;23;52.272727
OVERALL;53;03,20,32,35,39,41,47,55,59,66,67,70,88;3;4;TEST;52;468;54;6.360424;32;6.837607;0.477183;1.075024;28;53.846154
OVERALL;53;03,20,32,35,39,41,47,55,59,66,67,70,88;20;7;TEST;52;468;63;7.420495;39;8.333333;0.912839;1.123016;27;51.923077
OVERALL;53;03,20,32,35,39,41,47,55,59,66,67,70,88;32;13;TEST;52;468;56;6.595995;35;7.478632;0.882637;1.133814;26;50.0
OVERALL;53;03,20,32,35,39,41,47,55,59,66,67,70,88;35;1;TEST;52;468;50;5.889282;23;4.91453;-0.974752;0.834487;19;36.538462
OVERALL;53;03,20,32,35,39,41,47,55,59,66,67,70,88;39;11;TEST;52;468;61;7.184923;28;5.982906;-1.202017;0.832703;20;38.461538
OVERALL;53;03,20,32,35,39,41,47,55,59,66,67,70,88;41;6;TEST;52;468;69;8.127208;43;9.188034;1.060826;1.130528;27;51.923077
OVERALL;53;03,20,32,35,39,41,47,55,59,66,67,70,88;47;12;TEST;52;468;55;6.47821;31;6.623932;0.145722;1.022494;26;50.0
OVERALL;53;03,20,32,35,39,41,47,55,59,66,67,70,88;55;8;TEST;52;468;60;7.067138;35;7.478632;0.411495;1.058226;23;44.230769
OVERALL;53;03,20,32,35,39,41,47,55,59,66,67,70,88;59;3;TEST;52;468;54;6.360424;29;6.196581;-0.163843;0.97424;22;42.307692
OVERALL;53;03,20,32,35,39,41,47,55,59,66,67,70,88;66;9;TEST;52;468;57;6.713781;33;7.051282;0.337501;1.05027;22;42.307692
OVERALL;53;03,20,32,35,39,41,47,55,59,66,67,70,88;67;5;TEST;52;468;46;5.418139;40;8.547009;3.12887;1.57748;29;55.769231
OVERALL;53;03,20,32,35,39,41,47,55,59,66,67,70,88;70;10;TEST;52;468;40;4.711425;29;6.196581;1.485156;1.315224;24;46.153846
OVERALL;53;03,20,32,35,39,41,47,55,59,66,67,70,88;88;2;TEST;52;468;55;6.47821;28;5.982906;-0.495304;0.923543;21;40.384615
OVERALL;54;10,25,38,45,47,52,65,66,68,69,82,83,84;10;6;DISCOVERY;180;1620;160;6.286837;118;7.283951;0.997114;1.158603;81;45.0
OVERALL;54;10,25,38,45,47,52,65,66,68,69,82,83,84;25;12;DISCOVERY;180;1620;173;6.797642;120;7.407407;0.609765;1.089702;94;52.222222
OVERALL;54;10,25,38,45,47,52,65,66,68,69,82,83,84;38;3;DISCOVERY;180;1620;176;6.915521;131;8.08642;1.170899;1.169315;102;56.666667
OVERALL;54;10,25,38,45,47,52,65,66,68,69,82,83,84;45;7;DISCOVERY;180;1620;179;7.033399;130;8.024691;0.991293;1.140941;94;52.222222
OVERALL;54;10,25,38,45,47,52,65,66,68,69,82,83,84;47;8;DISCOVERY;180;1620;164;6.444008;118;7.283951;0.839943;1.130345;89;49.444444
OVERALL;54;10,25,38,45,47,52,65,66,68,69,82,83,84;52;1;DISCOVERY;180;1620;175;6.876228;135;8.333333;1.457105;1.211905;89;49.444444
OVERALL;54;10,25,38,45,47,52,65,66,68,69,82,83,84;65;2;DISCOVERY;180;1620;174;6.836935;130;8.024691;1.187756;1.173726;99;55.0
OVERALL;54;10,25,38,45,47,52,65,66,68,69,82,83,84;66;13;DISCOVERY;180;1620;173;6.797642;120;7.407407;0.609765;1.089702;88;48.888889
OVERALL;54;10,25,38,45,47,52,65,66,68,69,82,83,84;68;11;DISCOVERY;180;1620;171;6.719057;121;7.469136;0.750079;1.111635;95;52.777778
OVERALL;54;10,25,38,45,47,52,65,66,68,69,82,83,84;69;5;DISCOVERY;180;1620;162;6.365422;120;7.407407;1.041985;1.163695;83;46.111111
OVERALL;54;10,25,38,45,47,52,65,66,68,69,82,83,84;82;4;DISCOVERY;180;1620;188;7.387033;137;8.45679;1.069757;1.144815;92;51.111111
OVERALL;54;10,25,38,45,47,52,65,66,68,69,82,83,84;83;10;DISCOVERY;180;1620;187;7.347741;132;8.148148;0.800407;1.108932;97;53.888889
OVERALL;54;10,25,38,45,47,52,65,66,68,69,82,83,84;84;9;DISCOVERY;180;1620;175;6.876228;125;7.716049;0.839821;1.122134;96;53.333333
OVERALL;54;10,25,38,45,47,52,65,66,68,69,82,83,84;10;6;VALIDATION;47;423;57;6.713781;33;7.801418;1.087638;1.162001;26;55.319149
OVERALL;54;10,25,38,45,47,52,65,66,68,69,82,83,84;25;12;VALIDATION;47;423;52;6.124853;32;7.565012;1.440159;1.235134;23;48.93617
OVERALL;54;10,25,38,45,47,52,65,66,68,69,82,83,84;38;3;VALIDATION;47;423;61;7.184923;30;7.092199;-0.092725;0.987095;21;44.680851
OVERALL;54;10,25,38,45,47,52,65,66,68,69,82,83,84;45;7;VALIDATION;47;423;66;7.773852;26;6.146572;-1.627279;0.790673;21;44.680851
OVERALL;54;10,25,38,45,47,52,65,66,68,69,82,83,84;47;8;VALIDATION;47;423;73;8.598351;40;9.456265;0.857914;1.099777;29;61.702128
OVERALL;54;10,25,38,45,47,52,65,66,68,69,82,83,84;52;1;VALIDATION;47;423;64;7.53828;28;6.619385;-0.918895;0.878103;22;46.808511
OVERALL;54;10,25,38,45,47,52,65,66,68,69,82,83,84;65;2;VALIDATION;47;423;68;8.009423;36;8.510638;0.501215;1.062578;24;51.06383
OVERALL;54;10,25,38,45,47,52,65,66,68,69,82,83,84;66;13;VALIDATION;47;423;67;7.891637;31;7.328605;-0.563032;0.928655;26;55.319149
OVERALL;54;10,25,38,45,47,52,65,66,68,69,82,83,84;68;11;VALIDATION;47;423;71;8.36278;47;11.111111;2.748331;1.328638;33;70.212766
OVERALL;54;10,25,38,45,47,52,65,66,68,69,82,83,84;69;5;VALIDATION;47;423;54;6.360424;37;8.747045;2.386621;1.37523;28;59.574468
OVERALL;54;10,25,38,45,47,52,65,66,68,69,82,83,84;82;4;VALIDATION;47;423;60;7.067138;38;8.983452;1.916314;1.271158;24;51.06383
OVERALL;54;10,25,38,45,47,52,65,66,68,69,82,83,84;83;10;VALIDATION;47;423;59;6.949352;30;7.092199;0.142846;1.020555;27;57.446809
OVERALL;54;10,25,38,45,47,52,65,66,68,69,82,83,84;84;9;VALIDATION;47;423;51;6.007067;28;6.619385;0.612318;1.101933;22;46.808511
OVERALL;54;10,25,38,45,47,52,65,66,68,69,82,83,84;10;6;TEST;58;522;58;6.831567;36;6.896552;0.064985;1.009512;27;46.551724
OVERALL;54;10,25,38,45,47,52,65,66,68,69,82,83,84;25;12;TEST;58;522;63;7.420495;42;8.045977;0.625482;1.084291;30;51.724138
OVERALL;54;10,25,38,45,47,52,65,66,68,69,82,83,84;38;3;TEST;58;522;51;6.007067;28;5.363985;-0.643082;0.892946;25;43.103448
OVERALL;54;10,25,38,45,47,52,65,66,68,69,82,83,84;45;7;TEST;58;522;60;7.067138;39;7.471264;0.404127;1.057184;33;56.896552
OVERALL;54;10,25,38,45,47,52,65,66,68,69,82,83,84;47;8;TEST;58;522;55;6.47821;27;5.172414;-1.305796;0.798433;23;39.655172
OVERALL;54;10,25,38,45,47,52,65,66,68,69,82,83,84;52;1;TEST;58;522;66;7.773852;37;7.088123;-0.685729;0.91179;24;41.37931
OVERALL;54;10,25,38,45,47,52,65,66,68,69,82,83,84;65;2;TEST;58;522;52;6.124853;30;5.747126;-0.377726;0.938329;24;41.37931
OVERALL;54;10,25,38,45,47,52,65,66,68,69,82,83,84;66;13;TEST;58;522;57;6.713781;36;6.896552;0.182771;1.027223;27;46.551724
OVERALL;54;10,25,38,45,47,52,65,66,68,69,82,83,84;68;11;TEST;58;522;64;7.53828;43;8.237548;0.699268;1.092762;33;56.896552
OVERALL;54;10,25,38,45,47,52,65,66,68,69,82,83,84;69;5;TEST;58;522;58;6.831567;34;6.51341;-0.318157;0.953428;27;46.551724
OVERALL;54;10,25,38,45,47,52,65,66,68,69,82,83,84;82;4;TEST;58;522;54;6.360424;35;6.704981;0.344557;1.054172;28;48.275862
OVERALL;54;10,25,38,45,47,52,65,66,68,69,82,83,84;83;10;TEST;58;522;65;7.656066;38;7.279693;-0.376372;0.95084;27;46.551724
OVERALL;54;10,25,38,45,47,52,65,66,68,69,82,83,84;84;9;TEST;58;522;52;6.124853;27;5.172414;-0.952439;0.844496;20;34.482759
OVERALL;55;11,18,20,23,25,28,37,43,44,49,54,57,62;11;7;DISCOVERY;191;1719;171;6.719057;132;7.678883;0.959826;1.142851;100;52.356021
OVERALL;55;11,18,20,23,25,28,37,43,44,49,54,57,62;18;1;DISCOVERY;191;1719;151;5.933202;129;7.504363;1.571161;1.264808;88;46.073298
OVERALL;55;11,18,20,23,25,28,37,43,44,49,54,57,62;20;13;DISCOVERY;191;1719;165;6.483301;122;7.09715;0.613849;1.094682;96;50.26178
OVERALL;55;11,18,20,23,25,28,37,43,44,49,54,57,62;23;12;DISCOVERY;191;1719;152;5.972495;114;6.631763;0.659268;1.110384;90;47.120419
OVERALL;55;11,18,20,23,25,28,37,43,44,49,54,57,62;25;9;DISCOVERY;191;1719;173;6.797642;132;7.678883;0.881241;1.129639;106;55.497382
OVERALL;55;11,18,20,23,25,28,37,43,44,49,54,57,62;28;4;DISCOVERY;191;1719;150;5.89391;123;7.155323;1.261413;1.21402;89;46.596859
OVERALL;55;11,18,20,23,25,28,37,43,44,49,54,57,62;37;2;DISCOVERY;191;1719;163;6.404715;135;7.853403;1.448688;1.226191;102;53.403141
OVERALL;55;11,18,20,23,25,28,37,43,44,49,54,57,62;43;6;DISCOVERY;191;1719;172;6.75835;133;7.737056;0.978707;1.144814;99;51.832461
OVERALL;55;11,18,20,23,25,28,37,43,44,49,54,57,62;44;10;DISCOVERY;191;1719;156;6.129666;119;6.922629;0.792963;1.129365;90;47.120419
OVERALL;55;11,18,20,23,25,28,37,43,44,49,54,57,62;49;5;DISCOVERY;191;1719;188;7.387033;145;8.435137;1.048103;1.141884;106;55.497382
OVERALL;55;11,18,20,23,25,28,37,43,44,49,54,57,62;54;11;DISCOVERY;191;1719;180;7.072692;134;7.79523;0.722538;1.102159;100;52.356021
OVERALL;55;11,18,20,23,25,28,37,43,44,49,54,57,62;57;8;DISCOVERY;191;1719;170;6.679764;130;7.562536;0.882772;1.132156;100;52.356021
OVERALL;55;11,18,20,23,25,28,37,43,44,49,54,57,62;62;3;DISCOVERY;191;1719;187;7.347741;149;8.66783;1.320089;1.179659;111;58.115183
OVERALL;55;11,18,20,23,25,28,37,43,44,49,54,57,62;11;7;VALIDATION;61;549;56;6.595995;33;6.010929;-0.585066;0.9113;25;40.983607
OVERALL;55;11,18,20,23,25,28,37,43,44,49,54,57,62;18;1;VALIDATION;61;549;45;5.300353;35;6.375228;1.074874;1.202793;24;39.344262
OVERALL;55;11,18,20,23,25,28,37,43,44,49,54,57,62;20;13;VALIDATION;61;549;52;6.124853;31;5.64663;-0.478223;0.921921;21;34.42623
OVERALL;55;11,18,20,23,25,28,37,43,44,49,54,57,62;23;12;VALIDATION;61;549;45;5.300353;33;6.010929;0.710576;1.134062;27;44.262295
OVERALL;55;11,18,20,23,25,28,37,43,44,49,54,57,62;25;9;VALIDATION;61;549;52;6.124853;31;5.64663;-0.478223;0.921921;25;40.983607
OVERALL;55;11,18,20,23,25,28,37,43,44,49,54,57,62;28;4;VALIDATION;61;549;58;6.831567;40;7.285974;0.454408;1.066516;35;57.377049
OVERALL;55;11,18,20,23,25,28,37,43,44,49,54,57,62;37;2;VALIDATION;61;549;71;8.36278;36;6.557377;-1.805403;0.784115;29;47.540984
OVERALL;55;11,18,20,23,25,28,37,43,44,49,54,57,62;43;6;VALIDATION;61;549;59;6.949352;37;6.739526;-0.209826;0.969806;30;49.180328
OVERALL;55;11,18,20,23,25,28,37,43,44,49,54,57,62;44;10;VALIDATION;61;549;54;6.360424;41;7.468124;1.1077;1.174155;29;47.540984
OVERALL;55;11,18,20,23,25,28,37,43,44,49,54,57,62;49;5;VALIDATION;61;549;61;7.184923;41;7.468124;0.2832;1.039416;32;52.459016
OVERALL;55;11,18,20,23,25,28,37,43,44,49,54,57,62;54;11;VALIDATION;61;549;47;5.535925;24;4.371585;-1.16434;0.789676;21;34.42623
OVERALL;55;11,18,20,23,25,28,37,43,44,49,54,57,62;57;8;VALIDATION;61;549;52;6.124853;45;8.196721;2.071869;1.338272;36;59.016393
OVERALL;55;11,18,20,23,25,28,37,43,44,49,54,57,62;62;3;VALIDATION;61;549;52;6.124853;31;5.64663;-0.478223;0.921921;28;45.901639
OVERALL;55;11,18,20,23,25,28,37,43,44,49,54,57,62;11;7;TEST;60;540;55;6.47821;31;5.740741;-0.737469;0.886162;26;43.333333
OVERALL;55;11,18,20,23,25,28,37,43,44,49,54,57,62;18;1;TEST;60;540;60;7.067138;42;7.777778;0.71064;1.100556;31;51.666667
OVERALL;55;11,18,20,23,25,28,37,43,44,49,54,57,62;20;13;TEST;60;540;63;7.420495;32;5.925926;-1.494569;0.798589;28;46.666667
OVERALL;55;11,18,20,23,25,28,37,43,44,49,54,57,62;23;12;TEST;60;540;68;8.009423;36;6.666667;-1.342756;0.832353;27;45.0
OVERALL;55;11,18,20,23,25,28,37,43,44,49,54,57,62;25;9;TEST;60;540;63;7.420495;52;9.62963;2.209135;1.297707;35;58.333333
OVERALL;55;11,18,20,23,25,28,37,43,44,49,54,57,62;28;4;TEST;60;540;65;7.656066;47;8.703704;1.047638;1.136838;32;53.333333
OVERALL;55;11,18,20,23,25,28,37,43,44,49,54,57,62;37;2;TEST;60;540;49;5.771496;23;4.259259;-1.512237;0.737982;20;33.333333
OVERALL;55;11,18,20,23,25,28,37,43,44,49,54,57,62;43;6;TEST;60;540;65;7.656066;42;7.777778;0.121712;1.015897;32;53.333333
OVERALL;55;11,18,20,23,25,28,37,43,44,49,54,57,62;44;10;TEST;60;540;53;6.242638;28;5.185185;-1.057453;0.830608;21;35.0
OVERALL;55;11,18,20,23,25,28,37,43,44,49,54,57,62;49;5;TEST;60;540;64;7.53828;42;7.777778;0.239497;1.031771;34;56.666667
OVERALL;55;11,18,20,23,25,28,37,43,44,49,54,57,62;54;11;TEST;60;540;59;6.949352;38;7.037037;0.087685;1.012618;28;46.666667
OVERALL;55;11,18,20,23,25,28,37,43,44,49,54,57,62;57;8;TEST;60;540;51;6.007067;28;5.185185;-0.821882;0.863181;20;33.333333
OVERALL;55;11,18,20,23,25,28,37,43,44,49,54,57,62;62;3;TEST;60;540;58;6.831567;31;5.740741;-1.090826;0.840326;25;41.666667
OVERALL;56;14,15,27,28,36,38,40,41,49,63,69,74,87;14;5;DISCOVERY;184;1656;166;6.522593;126;7.608696;1.086102;1.166514;94;51.086957
OVERALL;56;14,15,27,28,36,38,40,41,49,63,69,74,87;15;3;DISCOVERY;184;1656;159;6.247544;122;7.36715;1.119606;1.179207;89;48.369565
OVERALL;56;14,15,27,28,36,38,40,41,49,63,69,74,87;27;2;DISCOVERY;184;1656;156;6.129666;122;7.36715;1.237484;1.201884;89;48.369565
OVERALL;56;14,15,27,28,36,38,40,41,49,63,69,74,87;28;8;DISCOVERY;184;1656;150;5.89391;113;6.823671;0.929762;1.15775;87;47.282609
OVERALL;56;14,15,27,28,36,38,40,41,49,63,69,74,87;36;13;DISCOVERY;184;1656;156;6.129666;113;6.823671;0.694005;1.113221;90;48.913043
OVERALL;56;14,15,27,28,36,38,40,41,49,63,69,74,87;38;4;DISCOVERY;184;1656;176;6.915521;133;8.031401;1.11588;1.161359;98;53.26087
OVERALL;56;14,15,27,28,36,38,40,41,49,63,69,74,87;40;1;DISCOVERY;184;1656;166;6.522593;129;7.789855;1.267262;1.194288;97;52.717391
OVERALL;56;14,15,27,28,36,38,40,41,49,63,69,74,87;41;10;DISCOVERY;184;1656;170;6.679764;124;7.487923;0.808158;1.120986;99;53.804348
OVERALL;56;14,15,27,28,36,38,40,41,49,63,69,74,87;49;12;DISCOVERY;184;1656;188;7.387033;134;8.091787;0.704754;1.095404;100;54.347826
OVERALL;56;14,15,27,28,36,38,40,41,49,63,69,74,87;63;9;DISCOVERY;184;1656;182;7.151277;132;7.971014;0.819737;1.114628;101;54.891304
OVERALL;56;14,15,27,28,36,38,40,41,49,63,69,74,87;69;11;DISCOVERY;184;1656;162;6.365422;118;7.125604;0.760181;1.119424;85;46.195652
OVERALL;56;14,15,27,28,36,38,40,41,49,63,69,74,87;74;6;DISCOVERY;184;1656;174;6.836935;130;7.850242;1.013306;1.148211;92;50.0
OVERALL;56;14,15,27,28,36,38,40,41,49,63,69,74,87;87;7;DISCOVERY;184;1656;186;7.308448;137;8.272947;0.964499;1.13197;106;57.608696
OVERALL;56;14,15,27,28,36,38,40,41,49,63,69,74,87;14;5;VALIDATION;50;450;52;6.124853;25;5.555556;-0.569297;0.907051;21;42.0
OVERALL;56;14,15,27,28,36,38,40,41,49,63,69,74,87;15;3;VALIDATION;50;450;73;8.598351;36;8.0;-0.598351;0.930411;28;56.0
OVERALL;56;14,15,27,28,36,38,40,41,49,63,69,74,87;27;2;VALIDATION;50;450;53;6.242638;30;6.666667;0.424028;1.067925;21;42.0
OVERALL;56;14,15,27,28,36,38,40,41,49,63,69,74,87;28;8;VALIDATION;50;450;58;6.831567;36;8.0;1.168433;1.171034;28;56.0
OVERALL;56;14,15,27,28,36,38,40,41,49,63,69,74,87;36;13;VALIDATION;50;450;50;5.889282;29;6.444444;0.555163;1.094267;22;44.0
OVERALL;56;14,15,27,28,36,38,40,41,49,63,69,74,87;38;4;VALIDATION;50;450;61;7.184923;36;8.0;0.815077;1.113443;28;56.0
OVERALL;56;14,15,27,28,36,38,40,41,49,63,69,74,87;40;1;VALIDATION;50;450;61;7.184923;31;6.888889;-0.296035;0.958798;23;46.0
OVERALL;56;14,15,27,28,36,38,40,41,49,63,69,74,87;41;10;VALIDATION;50;450;52;6.124853;18;4.0;-2.124853;0.653077;15;30.0
OVERALL;56;14,15,27,28,36,38,40,41,49,63,69,74,87;49;12;VALIDATION;50;450;61;7.184923;27;6.0;-1.184923;0.835082;24;48.0
OVERALL;56;14,15,27,28,36,38,40,41,49,63,69,74,87;63;9;VALIDATION;50;450;52;6.124853;29;6.444444;0.319592;1.052179;22;44.0
OVERALL;56;14,15,27,28,36,38,40,41,49,63,69,74,87;69;11;VALIDATION;50;450;54;6.360424;30;6.666667;0.306243;1.048148;21;42.0
OVERALL;56;14,15,27,28,36,38,40,41,49,63,69,74,87;74;6;VALIDATION;50;450;55;6.47821;26;5.777778;-0.700432;0.891879;18;36.0
OVERALL;56;14,15,27,28,36,38,40,41,49,63,69,74,87;87;7;VALIDATION;50;450;58;6.831567;28;6.222222;-0.609344;0.910805;23;46.0
OVERALL;56;14,15,27,28,36,38,40,41,49,63,69,74,87;14;5;TEST;58;522;55;6.47821;35;6.704981;0.226771;1.035005;25;43.103448
OVERALL;56;14,15,27,28,36,38,40,41,49,63,69,74,87;15;3;TEST;58;522;46;5.418139;27;5.172414;-0.245725;0.954648;21;36.206897
OVERALL;56;14,15,27,28,36,38,40,41,49,63,69,74,87;27;2;TEST;58;522;53;6.242638;28;5.363985;-0.878654;0.85925;23;39.655172
OVERALL;56;14,15,27,28,36,38,40,41,49,63,69,74,87;28;8;TEST;58;522;65;7.656066;39;7.471264;-0.184802;0.975862;30;51.724138
OVERALL;56;14,15,27,28,36,38,40,41,49,63,69,74,87;36;13;TEST;58;522;44;5.182568;24;4.597701;-0.584867;0.887147;20;34.482759
OVERALL;56;14,15,27,28,36,38,40,41,49,63,69,74,87;38;4;TEST;58;522;51;6.007067;39;7.471264;1.464197;1.243746;29;50.0
OVERALL;56;14,15,27,28,36,38,40,41,49,63,69,74,87;40;1;TEST;58;522;65;7.656066;41;7.854406;0.19834;1.025906;34;58.62069
OVERALL;56;14,15,27,28,36,38,40,41,49,63,69,74,87;41;10;TEST;58;522;69;8.127208;38;7.279693;-0.847515;0.895719;30;51.724138
OVERALL;56;14,15,27,28,36,38,40,41,49,63,69,74,87;49;12;TEST;58;522;64;7.53828;39;7.471264;-0.067016;0.99111;32;55.172414
OVERALL;56;14,15,27,28,36,38,40,41,49,63,69,74,87;63;9;TEST;58;522;65;7.656066;33;6.321839;-1.334227;0.825729;27;46.551724
OVERALL;56;14,15,27,28,36,38,40,41,49,63,69,74,87;69;11;TEST;58;522;58;6.831567;29;5.555556;-1.276011;0.813218;25;43.103448
OVERALL;56;14,15,27,28,36,38,40,41,49,63,69,74,87;74;6;TEST;58;522;54;6.360424;41;7.854406;1.493982;1.234887;31;53.448276
OVERALL;56;14,15,27,28,36,38,40,41,49,63,69,74,87;87;7;TEST;58;522;47;5.535925;29;5.555556;0.019631;1.003546;20;34.482759
OVERALL;57;06,07,10,16,19,35,36,42,48,54,60,74,86;6;10;DISCOVERY;169;1521;182;7.151277;121;7.955293;0.804016;1.11243;90;53.254438
OVERALL;57;06,07,10,16,19,35,36,42,48,54,60,74,86;7;3;DISCOVERY;169;1521;149;5.854617;107;7.034845;1.180229;1.201589;77;45.56213
OVERALL;57;06,07,10,16,19,35,36,42,48,54,60,74,86;10;8;DISCOVERY;169;1521;160;6.286837;110;7.232084;0.945247;1.150353;80;47.337278
OVERALL;57;06,07,10,16,19,35,36,42,48,54,60,74,86;16;2;DISCOVERY;169;1521;160;6.286837;114;7.495069;1.208232;1.192184;83;49.112426
OVERALL;57;06,07,10,16,19,35,36,42,48,54,60,74,86;19;9;DISCOVERY;169;1521;182;7.151277;123;8.086785;0.935508;1.130817;89;52.662722
OVERALL;57;06,07,10,16,19,35,36,42,48,54,60,74,86;35;12;DISCOVERY;169;1521;165;6.483301;110;7.232084;0.748784;1.115494;84;49.704142
OVERALL;57;06,07,10,16,19,35,36,42,48,54,60,74,86;36;5;DISCOVERY;169;1521;156;6.129666;109;7.166338;1.036672;1.169124;89;52.662722
OVERALL;57;06,07,10,16,19,35,36,42,48,54,60,74,86;42;1;DISCOVERY;169;1521;163;6.404715;118;7.758054;1.353339;1.211304;83;49.112426
OVERALL;57;06,07,10,16,19,35,36,42,48,54,60,74,86;48;13;DISCOVERY;169;1521;169;6.640472;112;7.363577;0.723105;1.108894;84;49.704142
OVERALL;57;06,07,10,16,19,35,36,42,48,54,60,74,86;54;11;DISCOVERY;169;1521;180;7.072692;119;7.8238;0.751109;1.106198;89;52.662722
OVERALL;57;06,07,10,16,19,35,36,42,48,54,60,74,86;60;6;DISCOVERY;169;1521;134;5.265226;95;6.245891;0.980665;1.186253;70;41.420118
OVERALL;57;06,07,10,16,19,35,36,42,48,54,60,74,86;74;4;DISCOVERY;169;1521;174;6.836935;121;7.955293;1.118357;1.163576;91;53.846154
OVERALL;57;06,07,10,16,19,35,36,42,48,54,60,74,86;86;7;DISCOVERY;169;1521;188;7.387033;127;8.34977;0.962736;1.130328;91;53.846154
OVERALL;57;06,07,10,16,19,35,36,42,48,54,60,74,86;6;10;VALIDATION;52;468;70;8.244994;36;7.692308;-0.552686;0.932967;26;50.0
OVERALL;57;06,07,10,16,19,35,36,42,48,54,60,74,86;7;3;VALIDATION;52;468;60;7.067138;32;6.837607;-0.229531;0.967521;26;50.0
OVERALL;57;06,07,10,16,19,35,36,42,48,54,60,74,86;10;8;VALIDATION;52;468;57;6.713781;28;5.982906;-0.730875;0.891138;25;48.076923
OVERALL;57;06,07,10,16,19,35,36,42,48,54,60,74,86;16;2;VALIDATION;52;468;67;7.891637;40;8.547009;0.655371;1.083046;29;55.769231
OVERALL;57;06,07,10,16,19,35,36,42,48,54,60,74,86;19;9;VALIDATION;52;468;60;7.067138;35;7.478632;0.411495;1.058226;26;50.0
OVERALL;57;06,07,10,16,19,35,36,42,48,54,60,74,86;35;12;VALIDATION;52;468;63;7.420495;38;8.119658;0.699163;1.094221;26;50.0
OVERALL;57;06,07,10,16,19,35,36,42,48,54,60,74,86;36;5;VALIDATION;52;468;50;5.889282;28;5.982906;0.093624;1.015897;21;40.384615
OVERALL;57;06,07,10,16,19,35,36,42,48,54,60,74,86;42;1;VALIDATION;52;468;52;6.124853;30;6.410256;0.285404;1.046598;26;50.0
OVERALL;57;06,07,10,16,19,35,36,42,48,54,60,74,86;48;13;VALIDATION;52;468;65;7.656066;35;7.478632;-0.177433;0.976824;28;53.846154
OVERALL;57;06,07,10,16,19,35,36,42,48,54,60,74,86;54;11;VALIDATION;52;468;47;5.535925;25;5.34188;-0.194044;0.964948;23;44.230769
OVERALL;57;06,07,10,16,19,35,36,42,48,54,60,74,86;60;6;VALIDATION;52;468;63;7.420495;31;6.623932;-0.796563;0.892654;23;44.230769
OVERALL;57;06,07,10,16,19,35,36,42,48,54,60,74,86;74;4;VALIDATION;52;468;55;6.47821;34;7.264957;0.786748;1.121445;21;40.384615
OVERALL;57;06,07,10,16,19,35,36,42,48,54,60,74,86;86;7;VALIDATION;52;468;65;7.656066;32;6.837607;-0.818459;0.893097;27;51.923077
OVERALL;57;06,07,10,16,19,35,36,42,48,54,60,74,86;6;10;TEST;51;459;67;7.891637;40;8.714597;0.82296;1.104283;25;49.019608
OVERALL;57;06,07,10,16,19,35,36,42,48,54,60,74,86;7;3;TEST;51;459;57;6.713781;39;8.496732;1.782951;1.265566;29;56.862745
OVERALL;57;06,07,10,16,19,35,36,42,48,54,60,74,86;10;8;TEST;51;459;58;6.831567;27;5.882353;-0.949214;0.861055;24;47.058824
OVERALL;57;06,07,10,16,19,35,36,42,48,54,60,74,86;16;2;TEST;51;459;50;5.889282;30;6.535948;0.646666;1.109804;23;45.098039
OVERALL;57;06,07,10,16,19,35,36,42,48,54,60,74,86;19;9;TEST;51;459;57;6.713781;24;5.228758;-1.485023;0.77881;20;39.215686
OVERALL;57;06,07,10,16,19,35,36,42,48,54,60,74,86;35;12;TEST;51;459;50;5.889282;20;4.357298;-1.531983;0.739869;18;35.294118
OVERALL;57;06,07,10,16,19,35,36,42,48,54,60,74,86;36;5;TEST;51;459;44;5.182568;22;4.793028;-0.389539;0.924837;19;37.254902
OVERALL;57;06,07,10,16,19,35,36,42,48,54,60,74,86;42;1;TEST;51;459;72;8.480565;48;10.457516;1.976951;1.233115;37;72.54902
OVERALL;57;06,07,10,16,19,35,36,42,48,54,60,74,86;48;13;TEST;51;459;50;5.889282;20;4.357298;-1.531983;0.739869;17;33.333333
OVERALL;57;06,07,10,16,19,35,36,42,48,54,60,74,86;54;11;TEST;51;459;59;6.949352;20;4.357298;-2.592054;0.627008;17;33.333333
OVERALL;57;06,07,10,16,19,35,36,42,48,54,60,74,86;60;6;TEST;51;459;58;6.831567;40;8.714597;1.88303;1.275637;29;56.862745
OVERALL;57;06,07,10,16,19,35,36,42,48,54,60,74,86;74;4;TEST;51;459;54;6.360424;24;5.228758;-1.131666;0.822077;18;35.294118
OVERALL;57;06,07,10,16,19,35,36,42,48,54,60,74,86;86;7;TEST;51;459;60;7.067138;35;7.625272;0.558135;1.078976;28;54.901961
OVERALL;58;07,19,25,29,37,38,45,47,67,68,83,85,90;7;6;DISCOVERY;157;1413;149;5.854617;96;6.794055;0.939438;1.160461;79;50.318471
OVERALL;58;07,19,25,29,37,38,45,47,67,68,83,85,90;19;9;DISCOVERY;157;1413;182;7.151277;113;7.997169;0.845892;1.118285;91;57.961783
OVERALL;58;07,19,25,29,37,38,45,47,67,68,83,85,90;25;10;DISCOVERY;157;1413;173;6.797642;107;7.572541;0.774898;1.113995;88;56.050955
OVERALL;58;07,19,25,29,37,38,45,47,67,68,83,85,90;29;12;DISCOVERY;157;1413;157;6.168959;97;6.864827;0.695868;1.112802;73;46.496815
OVERALL;58;07,19,25,29,37,38,45,47,67,68,83,85,90;37;11;DISCOVERY;157;1413;163;6.404715;101;7.147912;0.743197;1.116039;72;45.859873
OVERALL;58;07,19,25,29,37,38,45,47,67,68,83,85,90;38;4;DISCOVERY;157;1413;176;6.915521;112;7.926398;1.010877;1.146175;75;47.770701
OVERALL;58;07,19,25,29,37,38,45,47,67,68,83,85,90;45;3;DISCOVERY;157;1413;179;7.033399;115;8.138712;1.105313;1.157152;82;52.229299
OVERALL;58;07,19,25,29,37,38,45,47,67,68,83,85,90;47;2;DISCOVERY;157;1413;164;6.444008;108;7.643312;1.199304;1.186112;84;53.503185
OVERALL;58;07,19,25,29,37,38,45,47,67,68,83,85,90;67;1;DISCOVERY;157;1413;164;6.444008;109;7.714084;1.270076;1.197094;82;52.229299
OVERALL;58;07,19,25,29,37,38,45,47,67,68,83,85,90;68;8;DISCOVERY;157;1413;171;6.719057;108;7.643312;0.924255;1.137557;84;53.503185
OVERALL;58;07,19,25,29,37,38,45,47,67,68,83,85,90;83;13;DISCOVERY;157;1413;187;7.347741;113;7.997169;0.649428;1.088385;84;53.503185
OVERALL;58;07,19,25,29,37,38,45,47,67,68,83,85,90;85;7;DISCOVERY;157;1413;198;7.779961;123;8.704883;0.924923;1.118885;91;57.961783
OVERALL;58;07,19,25,29,37,38,45,47,67,68,83,85,90;90;5;DISCOVERY;157;1413;197;7.740668;123;8.704883;0.964215;1.124565;84;53.503185
OVERALL;58;07,19,25,29,37,38,45,47,67,68,83,85,90;7;6;VALIDATION;51;459;60;7.067138;31;6.753813;-0.313325;0.955664;21;41.176471
OVERALL;58;07,19,25,29,37,38,45,47,67,68,83,85,90;19;9;VALIDATION;51;459;60;7.067138;37;8.061002;0.993864;1.140632;29;56.862745
OVERALL;58;07,19,25,29,37,38,45,47,67,68,83,85,90;25;10;VALIDATION;51;459;52;6.124853;26;5.664488;-0.460365;0.924837;22;43.137255
OVERALL;58;07,19,25,29,37,38,45,47,67,68,83,85,90;29;12;VALIDATION;51;459;55;6.47821;25;5.446623;-1.031587;0.840761;21;41.176471
OVERALL;58;07,19,25,29,37,38,45,47,67,68,83,85,90;37;11;VALIDATION;51;459;71;8.36278;35;7.625272;-0.737507;0.911811;26;50.980392
OVERALL;58;07,19,25,29,37,38,45,47,67,68,83,85,90;38;4;VALIDATION;51;459;61;7.184923;35;7.625272;0.440349;1.061288;29;56.862745
OVERALL;58;07,19,25,29,37,38,45,47,67,68,83,85,90;45;3;VALIDATION;51;459;66;7.773852;38;8.278867;0.505016;1.064963;29;56.862745
OVERALL;58;07,19,25,29,37,38,45,47,67,68,83,85,90;47;2;VALIDATION;51;459;73;8.598351;38;8.278867;-0.319484;0.962844;28;54.901961
OVERALL;58;07,19,25,29,37,38,45,47,67,68,83,85,90;67;1;VALIDATION;51;459;53;6.242638;27;5.882353;-0.360285;0.942286;23;45.098039
OVERALL;58;07,19,25,29,37,38,45,47,67,68,83,85,90;68;8;VALIDATION;51;459;71;8.36278;31;6.753813;-1.608967;0.807604;27;52.941176
OVERALL;58;07,19,25,29,37,38,45,47,67,68,83,85,90;83;13;VALIDATION;51;459;59;6.949352;33;7.189542;0.24019;1.034563;27;52.941176
OVERALL;58;07,19,25,29,37,38,45,47,67,68,83,85,90;85;7;VALIDATION;51;459;63;7.420495;37;8.061002;0.640507;1.086316;29;56.862745
OVERALL;58;07,19,25,29,37,38,45,47,67,68,83,85,90;90;5;VALIDATION;51;459;51;6.007067;26;5.664488;-0.342579;0.942971;20;39.215686
OVERALL;58;07,19,25,29,37,38,45,47,67,68,83,85,90;7;6;TEST;66;594;57;6.713781;40;6.734007;0.020226;1.003013;33;50.0
OVERALL;58;07,19,25,29,37,38,45,47,67,68,83,85,90;19;9;TEST;66;594;57;6.713781;47;7.912458;1.198677;1.17854;35;53.030303
OVERALL;58;07,19,25,29,37,38,45,47,67,68,83,85,90;25;10;TEST;66;594;63;7.420495;54;9.090909;1.670414;1.225108;38;57.575758
OVERALL;58;07,19,25,29,37,38,45,47,67,68,83,85,90;29;12;TEST;66;594;52;6.124853;37;6.228956;0.104103;1.016997;31;46.969697
OVERALL;58;07,19,25,29,37,38,45,47,67,68,83,85,90;37;11;TEST;66;594;49;5.771496;36;6.060606;0.28911;1.050093;30;45.454545
OVERALL;58;07,19,25,29,37,38,45,47,67,68,83,85,90;38;4;TEST;66;594;51;6.007067;39;6.565657;0.558589;1.092989;30;45.454545
OVERALL;58;07,19,25,29,37,38,45,47,67,68,83,85,90;45;3;TEST;66;594;60;7.067138;49;8.249158;1.18202;1.167256;36;54.545455
OVERALL;58;07,19,25,29,37,38,45,47,67,68,83,85,90;47;2;TEST;66;594;55;6.47821;44;7.407407;0.929198;1.143434;36;54.545455
OVERALL;58;07,19,25,29,37,38,45,47,67,68,83,85,90;67;1;TEST;66;594;46;5.418139;36;6.060606;0.642467;1.118577;29;43.939394
OVERALL;58;07,19,25,29,37,38,45,47,67,68,83,85,90;68;8;TEST;66;594;64;7.53828;48;8.080808;0.542528;1.07197;37;56.060606
OVERALL;58;07,19,25,29,37,38,45,47,67,68,83,85,90;83;13;TEST;66;594;65;7.656066;39;6.565657;-1.090409;0.857576;34;51.515152
OVERALL;58;07,19,25,29,37,38,45,47,67,68,83,85,90;85;7;TEST;66;594;65;7.656066;46;7.744108;0.088042;1.0115;38;57.575758
OVERALL;58;07,19,25,29,37,38,45,47,67,68,83,85,90;90;5;TEST;66;594;53;6.242638;37;6.228956;-0.013682;0.997808;33;50.0
OVERALL;59;01,11,12,19,29,33,38,43,56,61,62,72,89;1;9;DISCOVERY;145;1305;195;7.662083;111;8.505747;0.843665;1.110109;82;56.551724
OVERALL;59;01,11,12,19,29,33,38,43,56,61,62,72,89;11;8;DISCOVERY;145;1305;171;6.719057;99;7.586207;0.86715;1.129058;73;50.344828
OVERALL;59;01,11,12,19,29,33,38,43,56,61,62,72,89;12;6;DISCOVERY;145;1305;173;6.797642;101;7.739464;0.941821;1.138551;77;53.103448
OVERALL;59;01,11,12,19,29,33,38,43,56,61,62,72,89;19;10;DISCOVERY;145;1305;182;7.151277;104;7.969349;0.818072;1.114395;75;51.724138
OVERALL;59;01,11,12,19,29,33,38,43,56,61,62,72,89;29;13;DISCOVERY;145;1305;157;6.168959;89;6.819923;0.650965;1.105523;72;49.655172
OVERALL;59;01,11,12,19,29,33,38,43,56,61,62,72,89;33;12;DISCOVERY;145;1305;172;6.75835;97;7.43295;0.6746;1.099817;70;48.275862
OVERALL;59;01,11,12,19,29,33,38,43,56,61,62,72,89;38;5;DISCOVERY;145;1305;176;6.915521;103;7.89272;0.9772;1.141305;75;51.724138
OVERALL;59;01,11,12,19,29,33,38,43,56,61,62,72,89;43;4;DISCOVERY;145;1305;172;6.75835;102;7.816092;1.057742;1.156509;74;51.034483
OVERALL;59;01,11,12,19,29,33,38,43,56,61,62,72,89;56;7;DISCOVERY;145;1305;184;7.229862;106;8.122605;0.892743;1.12348;78;53.793103
OVERALL;59;01,11,12,19,29,33,38,43,56,61,62,72,89;61;3;DISCOVERY;145;1305;182;7.151277;108;8.275862;1.124585;1.157257;79;54.482759
OVERALL;59;01,11,12,19,29,33,38,43,56,61,62,72,89;62;2;DISCOVERY;145;1305;187;7.347741;115;8.812261;1.46452;1.199316;80;55.172414
OVERALL;59;01,11,12,19,29,33,38,43,56,61,62,72,89;72;1;DISCOVERY;145;1305;167;6.561886;110;8.429119;1.867233;1.284557;82;56.551724
OVERALL;59;01,11,12,19,29,33,38,43,56,61,62,72,89;89;11;DISCOVERY;145;1305;165;6.483301;94;7.203065;0.719765;1.111018;67;46.206897
OVERALL;59;01,11,12,19,29,33,38,43,56,61,62,72,89;1;9;VALIDATION;62;558;51;6.007067;24;4.301075;-1.705992;0.716003;23;37.096774
OVERALL;59;01,11,12,19,29,33,38,43,56,61,62,72,89;11;8;VALIDATION;62;558;56;6.595995;40;7.168459;0.572463;1.08679;29;46.774194
OVERALL;59;01,11,12,19,29,33,38,43,56,61,62,72,89;12;6;VALIDATION;62;558;49;5.771496;33;5.913978;0.142483;1.024687;31;50.0
OVERALL;59;01,11,12,19,29,33,38,43,56,61,62,72,89;19;10;VALIDATION;62;558;60;7.067138;39;6.989247;-0.07789;0.988978;31;50.0
OVERALL;59;01,11,12,19,29,33,38,43,56,61,62,72,89;29;13;VALIDATION;62;558;55;6.47821;31;5.555556;-0.922654;0.857576;24;38.709677
OVERALL;59;01,11,12,19,29,33,38,43,56,61,62,72,89;33;12;VALIDATION;62;558;57;6.713781;35;6.272401;-0.441379;0.934258;21;33.870968
OVERALL;59;01,11,12,19,29,33,38,43,56,61,62,72,89;38;5;VALIDATION;62;558;61;7.184923;44;7.885305;0.700381;1.097479;35;56.451613
OVERALL;59;01,11,12,19,29,33,38,43,56,61,62,72,89;43;4;VALIDATION;62;558;59;6.949352;45;8.064516;1.115164;1.16047;34;54.83871
OVERALL;59;01,11,12,19,29,33,38,43,56,61,62,72,89;56;7;VALIDATION;62;558;50;5.889282;39;6.989247;1.099966;1.186774;30;48.387097
OVERALL;59;01,11,12,19,29,33,38,43,56,61,62,72,89;61;3;VALIDATION;62;558;49;5.771496;37;6.630824;0.859328;1.148892;28;45.16129
OVERALL;59;01,11,12,19,29,33,38,43,56,61,62,72,89;62;2;VALIDATION;62;558;52;6.124853;39;6.989247;0.864395;1.141129;33;53.225806
OVERALL;59;01,11,12,19,29,33,38,43,56,61,62,72,89;72;1;VALIDATION;62;558;63;7.420495;39;6.989247;-0.431247;0.941884;26;41.935484
OVERALL;59;01,11,12,19,29,33,38,43,56,61,62,72,89;89;11;VALIDATION;62;558;61;7.184923;41;7.34767;0.162747;1.022651;31;50.0
OVERALL;59;01,11,12,19,29,33,38,43,56,61,62,72,89;1;9;TEST;54;486;54;6.360424;40;8.230453;1.870029;1.29401;29;53.703704
OVERALL;59;01,11,12,19,29,33,38,43,56,61,62,72,89;11;8;TEST;54;486;55;6.47821;31;6.378601;-0.099609;0.984624;22;40.740741
OVERALL;59;01,11,12,19,29,33,38,43,56,61,62,72,89;12;6;TEST;54;486;40;4.711425;30;6.17284;1.461414;1.310185;22;40.740741
OVERALL;59;01,11,12,19,29,33,38,43,56,61,62,72,89;19;10;TEST;54;486;57;6.713781;41;8.436214;1.722433;1.256552;30;55.555556
OVERALL;59;01,11,12,19,29,33,38,43,56,61,62,72,89;29;13;TEST;54;486;52;6.124853;24;4.938272;-1.186581;0.806268;21;38.888889
OVERALL;59;01,11,12,19,29,33,38,43,56,61,62,72,89;33;12;TEST;54;486;55;6.47821;36;7.407407;0.929198;1.143434;27;50.0
OVERALL;59;01,11,12,19,29,33,38,43,56,61,62,72,89;38;5;TEST;54;486;51;6.007067;31;6.378601;0.371534;1.061849;24;44.444444
OVERALL;59;01,11,12,19,29,33,38,43,56,61,62,72,89;43;4;TEST;54;486;65;7.656066;28;5.761317;-1.894749;0.752517;23;42.592593
OVERALL;59;01,11,12,19,29,33,38,43,56,61,62,72,89;56;7;TEST;54;486;59;6.949352;34;6.995885;0.046533;1.006696;25;46.296296
OVERALL;59;01,11,12,19,29,33,38,43,56,61,62,72,89;61;3;TEST;54;486;51;6.007067;25;5.144033;-0.863034;0.85633;21;38.888889
OVERALL;59;01,11,12,19,29,33,38,43,56,61,62,72,89;62;2;TEST;54;486;58;6.831567;26;5.349794;-1.481772;0.783099;19;35.185185
OVERALL;59;01,11,12,19,29,33,38,43,56,61,62,72,89;72;1;TEST;54;486;60;7.067138;33;6.790123;-0.277014;0.960802;25;46.296296
OVERALL;59;01,11,12,19,29,33,38,43,56,61,62,72,89;89;11;TEST;54;486;52;6.124853;32;6.584362;0.459509;1.075024;23;42.592593
OVERALL;60;04,12,23,37,38,50,56,61,69,78,81,82,85;4;4;DISCOVERY;134;1206;171;6.719057;96;7.960199;1.241142;1.18472;79;58.955224
OVERALL;60;04,12,23,37,38,50,56,61,69,78,81,82,85;12;7;DISCOVERY;134;1206;173;6.797642;94;7.794362;0.996719;1.146627;67;50.0
OVERALL;60;04,12,23,37,38,50,56,61,69,78,81,82,85;23;1;DISCOVERY;134;1206;152;5.972495;94;7.794362;1.821866;1.305043;74;55.223881
OVERALL;60;04,12,23,37,38,50,56,61,69,78,81,82,85;37;10;DISCOVERY;134;1206;163;6.404715;88;7.296849;0.892134;1.139293;66;49.253731
OVERALL;60;04,12,23,37,38,50,56,61,69,78,81,82,85;38;6;DISCOVERY;134;1206;176;6.915521;97;8.043118;1.127597;1.163053;71;52.985075
OVERALL;60;04,12,23,37,38,50,56,61,69,78,81,82,85;50;9;DISCOVERY;134;1206;150;5.89391;82;6.799337;0.905427;1.153621;59;44.029851
OVERALL;60;04,12,23,37,38,50,56,61,69,78,81,82,85;56;5;DISCOVERY;134;1206;184;7.229862;102;8.457711;1.227849;1.16983;70;52.238806
OVERALL;60;04,12,23,37,38,50,56,61,69,78,81,82,85;61;8;DISCOVERY;134;1206;182;7.151277;98;8.126036;0.974759;1.136306;67;50.0
OVERALL;60;04,12,23,37,38,50,56,61,69,78,81,82,85;69;3;DISCOVERY;134;1206;162;6.365422;94;7.794362;1.428939;1.224485;66;49.253731
OVERALL;60;04,12,23,37,38,50,56,61,69,78,81,82,85;78;12;DISCOVERY;134;1206;168;6.601179;90;7.462687;0.861508;1.130508;68;50.746269
OVERALL;60;04,12,23,37,38,50,56,61,69,78,81,82,85;81;11;DISCOVERY;134;1206;189;7.426326;100;8.291874;0.865548;1.116551;78;58.208955
OVERALL;60;04,12,23,37,38,50,56,61,69,78,81,82,85;82;2;DISCOVERY;134;1206;188;7.387033;107;8.872305;1.485272;1.201065;80;59.701493
OVERALL;60;04,12,23,37,38,50,56,61,69,78,81,82,85;85;13;DISCOVERY;134;1206;198;7.779961;104;8.623549;0.843588;1.108431;73;54.477612
OVERALL;60;04,12,23,37,38,50,56,61,69,78,81,82,85;4;4;VALIDATION;62;558;45;5.300353;30;5.376344;0.075991;1.014337;24;38.709677
OVERALL;60;04,12,23,37,38,50,56,61,69,78,81,82,85;12;7;VALIDATION;62;558;49;5.771496;28;5.017921;-0.753575;0.869432;25;40.322581
OVERALL;60;04,12,23,37,38,50,56,61,69,78,81,82,85;23;1;VALIDATION;62;558;45;5.300353;31;5.555556;0.255202;1.048148;26;41.935484
OVERALL;60;04,12,23,37,38,50,56,61,69,78,81,82,85;37;10;VALIDATION;62;558;71;8.36278;49;8.781362;0.418582;1.050053;36;58.064516
OVERALL;60;04,12,23,37,38,50,56,61,69,78,81,82,85;38;6;VALIDATION;62;558;61;7.184923;49;8.781362;1.596439;1.222193;34;54.83871
OVERALL;60;04,12,23,37,38,50,56,61,69,78,81,82,85;50;9;VALIDATION;62;558;48;5.65371;39;6.989247;1.335537;1.236223;31;50.0
OVERALL;60;04,12,23,37,38,50,56,61,69,78,81,82,85;56;5;VALIDATION;62;558;50;5.889282;30;5.376344;-0.512937;0.912903;24;38.709677
OVERALL;60;04,12,23,37,38,50,56,61,69,78,81,82,85;61;8;VALIDATION;62;558;49;5.771496;32;5.734767;-0.036729;0.993636;28;45.16129
OVERALL;60;04,12,23,37,38,50,56,61,69,78,81,82,85;69;3;VALIDATION;62;558;54;6.360424;31;5.555556;-0.804868;0.873457;25;40.322581
OVERALL;60;04,12,23,37,38,50,56,61,69,78,81,82,85;78;12;VALIDATION;62;558;58;6.831567;41;7.34767;0.516104;1.075547;34;54.83871
OVERALL;60;04,12,23,37,38,50,56,61,69,78,81,82,85;81;11;VALIDATION;62;558;60;7.067138;38;6.810036;-0.257102;0.96362;26;41.935484
OVERALL;60;04,12,23,37,38,50,56,61,69,78,81,82,85;82;2;VALIDATION;62;558;60;7.067138;38;6.810036;-0.257102;0.96362;30;48.387097
OVERALL;60;04,12,23,37,38,50,56,61,69,78,81,82,85;85;13;VALIDATION;62;558;63;7.420495;37;6.630824;-0.78967;0.893583;31;50.0
OVERALL;60;04,12,23,37,38,50,56,61,69,78,81,82,85;4;4;TEST;58;522;60;7.067138;37;7.088123;0.020985;1.002969;30;51.724138
OVERALL;60;04,12,23,37,38,50,56,61,69,78,81,82,85;12;7;TEST;58;522;40;4.711425;23;4.40613;-0.305295;0.935201;17;29.310345
OVERALL;60;04,12,23,37,38,50,56,61,69,78,81,82,85;23;1;TEST;58;522;68;8.009423;45;8.62069;0.611267;1.076318;28;48.275862
OVERALL;60;04,12,23,37,38,50,56,61,69,78,81,82,85;37;10;TEST;58;522;49;5.771496;25;4.789272;-0.982224;0.829815;21;36.206897
OVERALL;60;04,12,23,37,38,50,56,61,69,78,81,82,85;38;6;TEST;58;522;51;6.007067;31;5.938697;-0.06837;0.988618;24;41.37931
OVERALL;60;04,12,23,37,38,50,56,61,69,78,81,82,85;50;9;TEST;58;522;42;4.946996;29;5.555556;0.608559;1.123016;22;37.931034
OVERALL;60;04,12,23,37,38,50,56,61,69,78,81,82,85;56;5;TEST;58;522;59;6.949352;40;7.662835;0.713483;1.102669;29;50.0
OVERALL;60;04,12,23,37,38,50,56,61,69,78,81,82,85;61;8;TEST;58;522;51;6.007067;28;5.363985;-0.643082;0.892946;24;41.37931
OVERALL;60;04,12,23,37,38,50,56,61,69,78,81,82,85;69;3;TEST;58;522;58;6.831567;37;7.088123;0.256556;1.037554;31;53.448276
OVERALL;60;04,12,23,37,38,50,56,61,69,78,81,82,85;78;12;TEST;58;522;44;5.182568;29;5.555556;0.372988;1.07197;27;46.551724
OVERALL;60;04,12,23,37,38,50,56,61,69,78,81,82,85;81;11;TEST;58;522;61;7.184923;45;8.62069;1.435766;1.19983;34;58.62069
OVERALL;60;04,12,23,37,38,50,56,61,69,78,81,82,85;82;2;TEST;58;522;54;6.360424;42;8.045977;1.685553;1.265006;34;58.62069
OVERALL;60;04,12,23,37,38,50,56,61,69,78,81,82,85;85;13;TEST;58;522;65;7.656066;46;8.812261;1.156195;1.151017;33;56.896552
OVERALL;61;17,20,30,32,34,45,58,64,71,76,81,84,85;17;13;DISCOVERY;180;1620;177;6.954813;122;7.530864;0.576051;1.082828;84;46.666667
OVERALL;61;17,20,30,32,34,45,58,64,71,76,81,84,85;20;7;DISCOVERY;180;1620;165;6.483301;119;7.345679;0.862378;1.133015;90;50.0
OVERALL;61;17,20,30,32,34,45,58,64,71,76,81,84,85;30;9;DISCOVERY;180;1620;163;6.404715;117;7.222222;0.817507;1.127641;94;52.222222
OVERALL;61;17,20,30,32,34,45,58,64,71,76,81,84,85;32;3;DISCOVERY;180;1620;177;6.954813;129;7.962963;1.00815;1.144957;94;52.222222
OVERALL;61;17,20,30,32,34,45,58,64,71,76,81,84,85;34;4;DISCOVERY;180;1620;163;6.404715;120;7.407407;1.002692;1.156555;86;47.777778
OVERALL;61;17,20,30,32,34,45,58,64,71,76,81,84,85;45;5;DISCOVERY;180;1620;179;7.033399;129;7.962963;0.929564;1.132164;93;51.666667
OVERALL;61;17,20,30,32,34,45,58,64,71,76,81,84,85;58;10;DISCOVERY;180;1620;158;6.208251;112;6.91358;0.705329;1.113612;87;48.333333
OVERALL;61;17,20,30,32,34,45,58,64,71,76,81,84,85;64;11;DISCOVERY;180;1620;160;6.286837;112;6.91358;0.626743;1.099691;81;45.0
OVERALL;61;17,20,30,32,34,45,58,64,71,76,81,84,85;71;1;DISCOVERY;180;1620;174;6.836935;137;8.45679;1.619855;1.236927;99;55.0
OVERALL;61;17,20,30,32,34,45,58,64,71,76,81,84,85;76;8;DISCOVERY;180;1620;161;6.32613;116;7.160494;0.834364;1.131892;92;51.111111
OVERALL;61;17,20,30,32,34,45,58,64,71,76,81,84,85;81;12;DISCOVERY;180;1620;189;7.426326;130;8.024691;0.598365;1.080574;101;56.111111
OVERALL;61;17,20,30,32,34,45,58,64,71,76,81,84,85;84;6;DISCOVERY;180;1620;175;6.876228;126;7.777778;0.90155;1.131111;101;56.111111
OVERALL;61;17,20,30,32,34,45,58,64,71,76,81,84,85;85;2;DISCOVERY;180;1620;198;7.779961;148;9.135802;1.355842;1.174274;107;59.444444
OVERALL;61;17,20,30,32,34,45,58,64,71,76,81,84,85;17;13;VALIDATION;49;441;57;6.713781;31;7.029478;0.315698;1.047022;27;55.102041
OVERALL;61;17,20,30,32,34,45,58,64,71,76,81,84,85;20;7;VALIDATION;49;441;52;6.124853;16;3.628118;-2.496735;0.59236;15;30.612245
OVERALL;61;17,20,30,32,34,45,58,64,71,76,81,84,85;30;9;VALIDATION;49;441;49;5.771496;25;5.668934;-0.102562;0.98223;22;44.897959
OVERALL;61;17,20,30,32,34,45,58,64,71,76,81,84,85;32;3;VALIDATION;49;441;54;6.360424;26;5.895692;-0.464732;0.926934;22;44.897959
OVERALL;61;17,20,30,32,34,45,58,64,71,76,81,84,85;34;4;VALIDATION;49;441;50;5.889282;27;6.122449;0.233167;1.039592;25;51.020408
OVERALL;61;17,20,30,32,34,45,58,64,71,76,81,84,85;45;5;VALIDATION;49;441;66;7.773852;33;7.482993;-0.290858;0.962585;29;59.183673
OVERALL;61;17,20,30,32,34,45,58,64,71,76,81,84,85;58;10;VALIDATION;49;441;52;6.124853;27;6.122449;-0.002404;0.999608;25;51.020408
OVERALL;61;17,20,30,32,34,45,58,64,71,76,81,84,85;64;11;VALIDATION;49;441;51;6.007067;32;7.256236;1.249169;1.20795;23;46.938776
OVERALL;61;17,20,30,32,34,45,58,64,71,76,81,84,85;71;1;VALIDATION;49;441;48;5.65371;32;7.256236;1.602526;1.283447;27;55.102041
OVERALL;61;17,20,30,32,34,45,58,64,71,76,81,84,85;76;8;VALIDATION;49;441;65;7.656066;36;8.163265;0.507199;1.066248;22;44.897959
OVERALL;61;17,20,30,32,34,45,58,64,71,76,81,84,85;81;12;VALIDATION;49;441;60;7.067138;29;6.575964;-0.491174;0.930499;26;53.061224
OVERALL;61;17,20,30,32,34,45,58,64,71,76,81,84,85;84;6;VALIDATION;49;441;51;6.007067;27;6.122449;0.115382;1.019208;23;46.938776
OVERALL;61;17,20,30,32,34,45,58,64,71,76,81,84,85;85;2;VALIDATION;49;441;63;7.420495;29;6.575964;-0.844531;0.886189;23;46.938776
OVERALL;61;17,20,30,32,34,45,58,64,71,76,81,84,85;17;13;TEST;49;441;54;6.360424;23;5.21542;-1.145005;0.81998;17;34.693878
OVERALL;61;17,20,30,32,34,45,58,64,71,76,81,84,85;20;7;TEST;49;441;63;7.420495;31;7.029478;-0.391016;0.947306;25;51.020408
OVERALL;61;17,20,30,32,34,45,58,64,71,76,81,84,85;30;9;TEST;49;441;57;6.713781;35;7.936508;1.222727;1.182122;26;53.061224
OVERALL;61;17,20,30,32,34,45,58,64,71,76,81,84,85;32;3;TEST;49;441;56;6.595995;28;6.349206;-0.246789;0.962585;22;44.897959
OVERALL;61;17,20,30,32,34,45,58,64,71,76,81,84,85;34;4;TEST;49;441;61;7.184923;30;6.802721;-0.382202;0.946805;22;44.897959
OVERALL;61;17,20,30,32,34,45,58,64,71,76,81,84,85;45;5;TEST;49;441;60;7.067138;26;5.895692;-1.171446;0.83424;22;44.897959
OVERALL;61;17,20,30,32,34,45,58,64,71,76,81,84,85;58;10;TEST;49;441;67;7.891637;35;7.936508;0.044871;1.005686;29;59.183673
OVERALL;61;17,20,30,32,34,45,58,64,71,76,81,84,85;64;11;TEST;49;441;57;6.713781;32;7.256236;0.542455;1.080797;24;48.979592
OVERALL;61;17,20,30,32,34,45,58,64,71,76,81,84,85;71;1;TEST;49;441;63;7.420495;22;4.988662;-2.431833;0.672282;19;38.77551
OVERALL;61;17,20,30,32,34,45,58,64,71,76,81,84,85;76;8;TEST;49;441;49;5.771496;25;5.668934;-0.102562;0.98223;20;40.816327
OVERALL;61;17,20,30,32,34,45,58,64,71,76,81,84,85;81;12;TEST;49;441;61;7.184923;37;8.390023;1.205099;1.167726;30;61.22449
OVERALL;61;17,20,30,32,34,45,58,64,71,76,81,84,85;84;6;TEST;49;441;52;6.124853;26;5.895692;-0.229161;0.962585;20;40.816327
OVERALL;61;17,20,30,32,34,45,58,64,71,76,81,84,85;85;2;TEST;49;441;65;7.656066;30;6.802721;-0.853345;0.88854;24;48.979592
OVERALL;62;14,19,24,25,26,32,33,36,40,46,59,71,86;14;9;DISCOVERY;187;1683;166;6.522593;124;7.367796;0.845202;1.129581;91;48.663102
OVERALL;62;14,19,24,25,26,32,33,36,40,46,59,71,86;19;5;DISCOVERY;187;1683;182;7.151277;139;8.259061;1.107784;1.154907;102;54.545455
OVERALL;62;14,19,24,25,26,32,33,36,40,46,59,71,86;24;8;DISCOVERY;187;1683;158;6.208251;121;7.189542;0.981291;1.158062;90;48.128342
OVERALL;62;14,19,24,25,26,32,33,36,40,46,59,71,86;25;11;DISCOVERY;187;1683;173;6.797642;126;7.486631;0.688989;1.101357;98;52.406417
OVERALL;62;14,19,24,25,26,32,33,36,40,46,59,71,86;26;6;DISCOVERY;187;1683;172;6.75835;132;7.843137;1.084788;1.160511;95;50.802139
OVERALL;62;14,19,24,25,26,32,33,36,40,46,59,71,86;32;4;DISCOVERY;187;1683;177;6.954813;137;8.140226;1.185412;1.170445;97;51.871658
OVERALL;62;14,19,24,25,26,32,33,36,40,46,59,71,86;33;10;DISCOVERY;187;1683;172;6.75835;127;7.546049;0.787699;1.116552;93;49.73262
OVERALL;62;14,19,24,25,26,32,33,36,40,46,59,71,86;36;2;DISCOVERY;187;1683;156;6.129666;126;7.486631;1.356965;1.221377;97;51.871658
OVERALL;62;14,19,24,25,26,32,33,36,40,46,59,71,86;40;12;DISCOVERY;187;1683;166;6.522593;120;7.130125;0.607531;1.093143;90;48.128342
OVERALL;62;14,19,24,25,26,32,33,36,40,46,59,71,86;46;3;DISCOVERY;187;1683;154;6.051081;123;7.308378;1.257297;1.207781;98;52.406417
OVERALL;62;14,19,24,25,26,32,33,36,40,46,59,71,86;59;7;DISCOVERY;187;1683;146;5.736739;114;6.773619;1.03688;1.180744;92;49.197861
OVERALL;62;14,19,24,25,26,32,33,36,40,46,59,71,86;71;1;DISCOVERY;187;1683;174;6.836935;138;8.199643;1.362708;1.199316;96;51.336898
OVERALL;62;14,19,24,25,26,32,33,36,40,46,59,71,86;86;13;DISCOVERY;187;1683;188;7.387033;131;7.78372;0.396686;1.0537;97;51.871658
OVERALL;62;14,19,24,25,26,32,33,36,40,46,59,71,86;14;9;VALIDATION;52;468;52;6.124853;28;5.982906;-0.141947;0.976824;23;44.230769
OVERALL;62;14,19,24,25,26,32,33,36,40,46,59,71,86;19;5;VALIDATION;52;468;60;7.067138;36;7.692308;0.62517;1.088462;26;50.0
OVERALL;62;14,19,24,25,26,32,33,36,40,46,59,71,86;24;8;VALIDATION;52;468;50;5.889282;22;4.700855;-1.188427;0.798205;20;38.461538
OVERALL;62;14,19,24,25,26,32,33,36,40,46,59,71,86;25;11;VALIDATION;52;468;52;6.124853;29;6.196581;0.071728;1.011711;23;44.230769
OVERALL;62;14,19,24,25,26,32,33,36,40,46,59,71,86;26;6;VALIDATION;52;468;46;5.418139;30;6.410256;0.992117;1.18311;22;42.307692
OVERALL;62;14,19,24,25,26,32,33,36,40,46,59,71,86;32;4;VALIDATION;52;468;54;6.360424;33;7.051282;0.690858;1.108618;26;50.0
OVERALL;62;14,19,24,25,26,32,33,36,40,46,59,71,86;33;10;VALIDATION;52;468;57;6.713781;33;7.051282;0.337501;1.05027;23;44.230769
OVERALL;62;14,19,24,25,26,32,33,36,40,46,59,71,86;36;2;VALIDATION;52;468;50;5.889282;29;6.196581;0.3073;1.052179;24;46.153846
OVERALL;62;14,19,24,25,26,32,33,36,40,46,59,71,86;40;12;VALIDATION;52;468;61;7.184923;31;6.623932;-0.560992;0.921921;25;48.076923
OVERALL;62;14,19,24,25,26,32,33,36,40,46,59,71,86;46;3;VALIDATION;52;468;55;6.47821;27;5.769231;-0.708979;0.890559;26;50.0
OVERALL;62;14,19,24,25,26,32,33,36,40,46,59,71,86;59;7;VALIDATION;52;468;63;7.420495;35;7.478632;0.058138;1.007835;26;50.0
OVERALL;62;14,19,24,25,26,32,33,36,40,46,59,71,86;71;1;VALIDATION;52;468;48;5.65371;28;5.982906;0.329196;1.058226;22;42.307692
OVERALL;62;14,19,24,25,26,32,33,36,40,46,59,71,86;86;13;VALIDATION;52;468;65;7.656066;44;9.401709;1.745643;1.228008;33;63.461538
OVERALL;62;14,19,24,25,26,32,33,36,40,46,59,71,86;14;9;TEST;57;513;55;6.47821;36;7.017544;0.539334;1.083254;30;52.631579
OVERALL;62;14,19,24,25,26,32,33,36,40,46,59,71,86;19;5;TEST;57;513;57;6.713781;35;6.822612;0.108831;1.01621;29;50.877193
OVERALL;62;14,19,24,25,26,32,33,36,40,46,59,71,86;24;8;TEST;57;513;48;5.65371;24;4.678363;-0.975348;0.827485;21;36.842105
OVERALL;62;14,19,24,25,26,32,33,36,40,46,59,71,86;25;11;TEST;57;513;63;7.420495;45;8.77193;1.351435;1.182122;29;50.877193
OVERALL;62;14,19,24,25,26,32,33,36,40,46,59,71,86;26;6;TEST;57;513;47;5.535925;33;6.432749;0.896824;1.162001;23;40.350877
OVERALL;62;14,19,24,25,26,32,33,36,40,46,59,71,86;32;4;TEST;57;513;56;6.595995;32;6.237817;-0.358179;0.945698;28;49.122807
OVERALL;62;14,19,24,25,26,32,33,36,40,46,59,71,86;33;10;TEST;57;513;55;6.47821;32;6.237817;-0.240393;0.962892;26;45.614035
OVERALL;62;14,19,24,25,26,32,33,36,40,46,59,71,86;36;2;TEST;57;513;44;5.182568;24;4.678363;-0.504205;0.902711;18;31.578947
OVERALL;62;14,19,24,25,26,32,33,36,40,46,59,71,86;40;12;TEST;57;513;65;7.656066;43;8.382066;0.726;1.094827;35;61.403509
OVERALL;62;14,19,24,25,26,32,33,36,40,46,59,71,86;46;3;TEST;57;513;58;6.831567;41;7.992203;1.160636;1.169893;33;57.894737
OVERALL;62;14,19,24,25,26,32,33,36,40,46,59,71,86;59;7;TEST;57;513;54;6.360424;37;7.212476;0.852052;1.133961;26;45.614035
OVERALL;62;14,19,24,25,26,32,33,36,40,46,59,71,86;71;1;TEST;57;513;63;7.420495;34;6.62768;-0.792814;0.893159;27;47.368421
OVERALL;62;14,19,24,25,26,32,33,36,40,46,59,71,86;86;13;TEST;57;513;60;7.067138;36;7.017544;-0.049594;0.992982;30;52.631579
OVERALL;63;04,15,16,26,40,42,44,53,57,60,68,70,71;4;6;DISCOVERY;181;1629;171;6.719057;122;7.489257;0.7702;1.114629;90;49.723757
OVERALL;63;04,15,16,26,40,42,44,53,57,60,68,70,71;15;5;DISCOVERY;181;1629;159;6.247544;117;7.18232;0.934776;1.149623;91;50.276243
OVERALL;63;04,15,16,26,40,42,44,53,57,60,68,70,71;16;1;DISCOVERY;181;1629;160;6.286837;122;7.489257;1.20242;1.19126;93;51.381215
OVERALL;63;04,15,16,26,40,42,44,53,57,60,68,70,71;26;2;DISCOVERY;181;1629;172;6.75835;127;7.796194;1.037844;1.153565;94;51.933702
OVERALL;63;04,15,16,26,40,42,44,53,57,60,68,70,71;40;11;DISCOVERY;181;1629;166;6.522593;116;7.120933;0.59834;1.091733;93;51.381215
OVERALL;63;04,15,16,26,40,42,44,53,57,60,68,70,71;42;12;DISCOVERY;181;1629;163;6.404715;113;6.936771;0.532056;1.083073;82;45.303867
OVERALL;63;04,15,16,26,40,42,44,53,57,60,68,70,71;44;8;DISCOVERY;181;1629;156;6.129666;112;6.875384;0.745718;1.121657;90;49.723757
OVERALL;63;04,15,16,26,40,42,44,53,57,60,68,70,71;53;3;DISCOVERY;181;1629;157;6.168959;116;7.120933;0.951974;1.154317;85;46.961326
OVERALL;63;04,15,16,26,40,42,44,53,57,60,68,70,71;57;7;DISCOVERY;181;1629;170;6.679764;121;7.42787;0.748106;1.111996;92;50.828729
OVERALL;63;04,15,16,26,40,42,44,53,57,60,68,70,71;60;4;DISCOVERY;181;1629;134;5.265226;101;6.200123;0.934897;1.177561;78;43.093923
OVERALL;63;04,15,16,26,40,42,44,53,57,60,68,70,71;68;9;DISCOVERY;181;1629;171;6.719057;121;7.42787;0.708813;1.105493;86;47.513812
OVERALL;63;04,15,16,26,40,42,44,53,57,60,68,70,71;70;10;DISCOVERY;181;1629;175;6.876228;123;7.550645;0.674417;1.098079;95;52.486188
OVERALL;63;04,15,16,26,40,42,44,53,57,60,68,70,71;71;13;DISCOVERY;181;1629;174;6.836935;120;7.366483;0.529547;1.077454;87;48.066298
OVERALL;63;04,15,16,26,40,42,44,53,57,60,68,70,71;4;6;VALIDATION;52;468;45;5.300353;20;4.273504;-1.026849;0.806268;18;34.615385
OVERALL;63;04,15,16,26,40,42,44,53,57,60,68,70,71;15;5;VALIDATION;52;468;73;8.598351;42;8.974359;0.376008;1.04373;35;67.307692
OVERALL;63;04,15,16,26,40,42,44,53,57,60,68,70,71;16;1;VALIDATION;52;468;67;7.891637;36;7.692308;-0.19933;0.974742;25;48.076923
OVERALL;63;04,15,16,26,40,42,44,53,57,60,68,70,71;26;2;VALIDATION;52;468;46;5.418139;25;5.34188;-0.076259;0.985925;20;38.461538
OVERALL;63;04,15,16,26,40,42,44,53,57,60,68,70,71;40;11;VALIDATION;52;468;61;7.184923;36;7.692308;0.507384;1.070618;26;50.0
OVERALL;63;04,15,16,26,40,42,44,53,57,60,68,70,71;42;12;VALIDATION;52;468;52;6.124853;30;6.410256;0.285404;1.046598;23;44.230769
OVERALL;63;04,15,16,26,40,42,44,53,57,60,68,70,71;44;8;VALIDATION;52;468;54;6.360424;34;7.264957;0.904533;1.142213;25;48.076923
OVERALL;63;04,15,16,26,40,42,44,53,57,60,68,70,71;53;3;VALIDATION;52;468;44;5.182568;29;6.196581;1.014013;1.195659;23;44.230769
OVERALL;63;04,15,16,26,40,42,44,53,57,60,68,70,71;57;7;VALIDATION;52;468;52;6.124853;27;5.769231;-0.355622;0.941938;22;42.307692
OVERALL;63;04,15,16,26,40,42,44,53,57,60,68,70,71;60;4;VALIDATION;52;468;63;7.420495;45;9.615385;2.19489;1.295788;34;65.384615
OVERALL;63;04,15,16,26,40,42,44,53,57,60,68,70,71;68;9;VALIDATION;52;468;71;8.36278;39;8.333333;-0.029446;0.996479;32;61.538462
OVERALL;63;04,15,16,26,40,42,44,53,57,60,68,70,71;70;10;VALIDATION;52;468;43;5.064782;27;5.769231;0.704449;1.139088;22;42.307692
OVERALL;63;04,15,16,26,40,42,44,53,57,60,68,70,71;71;13;VALIDATION;52;468;48;5.65371;25;5.34188;-0.31183;0.944845;23;44.230769
OVERALL;63;04,15,16,26,40,42,44,53,57,60,68,70,71;4;6;TEST;64;576;60;7.067138;35;6.076389;-0.990749;0.859809;28;43.75
OVERALL;63;04,15,16,26,40,42,44,53,57,60,68,70,71;15;5;TEST;64;576;46;5.418139;26;4.513889;-0.90425;0.833107;19;29.6875
OVERALL;63;04,15,16,26,40,42,44,53,57,60,68,70,71;16;1;TEST;64;576;50;5.889282;35;6.076389;0.187107;1.031771;28;43.75
OVERALL;63;04,15,16,26,40,42,44,53,57,60,68,70,71;26;2;TEST;64;576;47;5.535925;42;7.291667;1.755742;1.317154;25;39.0625
OVERALL;63;04,15,16,26,40,42,44,53,57,60,68,70,71;40;11;TEST;64;576;65;7.656066;37;6.423611;-1.232455;0.839022;28;43.75
OVERALL;63;04,15,16,26,40,42,44,53,57,60,68,70,71;42;12;TEST;64;576;72;8.480565;41;7.118056;-1.36251;0.839337;33;51.5625
OVERALL;63;04,15,16,26,40,42,44,53,57,60,68,70,71;44;8;TEST;64;576;53;6.242638;33;5.729167;-0.513472;0.917748;25;39.0625
OVERALL;63;04,15,16,26,40,42,44,53,57,60,68,70,71;53;3;TEST;64;576;53;6.242638;42;7.291667;1.049028;1.168042;26;40.625
OVERALL;63;04,15,16,26,40,42,44,53,57,60,68,70,71;57;7;TEST;64;576;51;6.007067;26;4.513889;-1.493178;0.75143;18;28.125
OVERALL;63;04,15,16,26,40,42,44,53,57,60,68,70,71;60;4;TEST;64;576;58;6.831567;30;5.208333;-1.623233;0.762392;23;35.9375
OVERALL;63;04,15,16,26,40,42,44,53,57,60,68,70,71;68;9;TEST;64;576;64;7.53828;36;6.25;-1.28828;0.829102;26;40.625
OVERALL;63;04,15,16,26,40,42,44,53,57,60,68,70,71;70;10;TEST;64;576;40;4.711425;25;4.340278;-0.371147;0.921224;22;34.375
OVERALL;63;04,15,16,26,40,42,44,53,57,60,68,70,71;71;13;TEST;64;576;63;7.420495;35;6.076389;-1.344106;0.818866;28;43.75
OVERALL;64;01,03,07,22,38,44,52,55,68,73,76,82,84;1;7;DISCOVERY;159;1431;195;7.662083;122;8.525507;0.863424;1.112688;96;60.377358
OVERALL;64;01,03,07,22,38,44,52,55,68,73,76,82,84;3;4;DISCOVERY;159;1431;168;6.601179;110;7.686932;1.085753;1.164479;79;49.685535
OVERALL;64;01,03,07,22,38,44,52,55,68,73,76,82,84;7;11;DISCOVERY;159;1431;149;5.854617;94;6.568833;0.714216;1.121992;75;47.169811
OVERALL;64;01,03,07,22,38,44,52,55,68,73,76,82,84;22;5;DISCOVERY;159;1431;165;6.483301;107;7.477289;0.993988;1.153315;84;52.830189
OVERALL;64;01,03,07,22,38,44,52,55,68,73,76,82,84;38;12;DISCOVERY;159;1431;176;6.915521;109;7.617051;0.70153;1.101443;80;50.314465
OVERALL;64;01,03,07,22,38,44,52,55,68,73,76,82,84;44;10;DISCOVERY;159;1431;156;6.129666;98;6.848358;0.718692;1.117248;79;49.685535
OVERALL;64;01,03,07,22,38,44,52,55,68,73,76,82,84;52;3;DISCOVERY;159;1431;175;6.876228;115;8.036338;1.16011;1.168713;85;53.459119
OVERALL;64;01,03,07,22,38,44,52,55,68,73,76,82,84;55;2;DISCOVERY;159;1431;191;7.504912;130;9.084556;1.579645;1.210481;86;54.08805
OVERALL;64;01,03,07,22,38,44,52,55,68,73,76,82,84;68;13;DISCOVERY;159;1431;171;6.719057;105;7.337526;0.618469;1.092047;80;50.314465
OVERALL;64;01,03,07,22,38,44,52,55,68,73,76,82,84;73;1;DISCOVERY;159;1431;156;6.129666;115;8.036338;1.906672;1.311056;83;52.201258
OVERALL;64;01,03,07,22,38,44,52,55,68,73,76,82,84;76;9;DISCOVERY;159;1431;161;6.32613;101;7.058001;0.731872;1.11569;81;50.943396
OVERALL;64;01,03,07,22,38,44,52,55,68,73,76,82,84;82;6;DISCOVERY;159;1431;188;7.387033;119;8.315863;0.92883;1.125738;84;52.830189
OVERALL;64;01,03,07,22,38,44,52,55,68,73,76,82,84;84;8;DISCOVERY;159;1431;175;6.876228;110;7.686932;0.810704;1.1179;86;54.08805
OVERALL;64;01,03,07,22,38,44,52,55,68,73,76,82,84;1;7;VALIDATION;50;450;51;6.007067;27;6.0;-0.007067;0.998824;21;42.0
OVERALL;64;01,03,07,22,38,44,52,55,68,73,76,82,84;3;4;VALIDATION;50;450;50;5.889282;31;6.888889;0.999607;1.169733;24;48.0
OVERALL;64;01,03,07,22,38,44,52,55,68,73,76,82,84;7;11;VALIDATION;50;450;60;7.067138;28;6.222222;-0.844916;0.880444;25;50.0
OVERALL;64;01,03,07,22,38,44,52,55,68,73,76,82,84;22;5;VALIDATION;50;450;56;6.595995;33;7.333333;0.737338;1.111786;26;52.0
OVERALL;64;01,03,07,22,38,44,52,55,68,73,76,82,84;38;12;VALIDATION;50;450;61;7.184923;30;6.666667;-0.518257;0.927869;24;48.0
OVERALL;64;01,03,07,22,38,44,52,55,68,73,76,82,84;44;10;VALIDATION;50;450;54;6.360424;28;6.222222;-0.138202;0.978272;23;46.0
OVERALL;64;01,03,07,22,38,44,52,55,68,73,76,82,84;52;3;VALIDATION;50;450;64;7.53828;26;5.777778;-1.760503;0.766458;20;40.0
OVERALL;64;01,03,07,22,38,44,52,55,68,73,76,82,84;55;2;VALIDATION;50;450;61;7.184923;42;9.333333;2.14841;1.299016;30;60.0
OVERALL;64;01,03,07,22,38,44,52,55,68,73,76,82,84;68;13;VALIDATION;50;450;71;8.36278;43;9.555556;1.192776;1.142629;35;70.0
OVERALL;64;01,03,07,22,38,44,52,55,68,73,76,82,84;73;1;VALIDATION;50;450;57;6.713781;25;5.555556;-1.158225;0.827485;19;38.0
OVERALL;64;01,03,07,22,38,44,52,55,68,73,76,82,84;76;9;VALIDATION;50;450;65;7.656066;44;9.777778;2.121712;1.277128;25;50.0
OVERALL;64;01,03,07,22,38,44,52,55,68,73,76,82,84;82;6;VALIDATION;50;450;60;7.067138;29;6.444444;-0.622693;0.911889;21;42.0
OVERALL;64;01,03,07,22,38,44,52,55,68,73,76,82,84;84;8;VALIDATION;50;450;51;6.007067;22;4.888889;-1.118178;0.813856;16;32.0
OVERALL;64;01,03,07,22,38,44,52,55,68,73,76,82,84;1;7;TEST;57;513;54;6.360424;29;5.653021;-0.707403;0.888781;26;45.614035
OVERALL;64;01,03,07,22,38,44,52,55,68,73,76,82,84;3;4;TEST;57;513;54;6.360424;39;7.602339;1.241915;1.195257;33;57.894737
OVERALL;64;01,03,07,22,38,44,52,55,68,73,76,82,84;7;11;TEST;57;513;57;6.713781;30;5.847953;-0.865828;0.871037;24;42.105263
OVERALL;64;01,03,07,22,38,44,52,55,68,73,76,82,84;22;5;TEST;57;513;59;6.949352;41;7.992203;1.042851;1.150064;37;64.912281
OVERALL;64;01,03,07,22,38,44,52,55,68,73,76,82,84;38;12;TEST;57;513;51;6.007067;30;5.847953;-0.159114;0.973512;23;40.350877
OVERALL;64;01,03,07,22,38,44,52,55,68,73,76,82,84;44;10;TEST;57;513;53;6.242638;30;5.847953;-0.394685;0.936776;22;38.596491
OVERALL;64;01,03,07,22,38,44,52,55,68,73,76,82,84;52;3;TEST;57;513;66;7.773852;48;9.356725;1.582874;1.203615;37;64.912281
OVERALL;64;01,03,07,22,38,44,52,55,68,73,76,82,84;55;2;TEST;57;513;60;7.067138;28;5.45809;-1.609048;0.77232;25;43.859649
OVERALL;64;01,03,07,22,38,44,52,55,68,73,76,82,84;68;13;TEST;57;513;64;7.53828;31;6.042885;-1.495395;0.801626;27;47.368421
OVERALL;64;01,03,07,22,38,44,52,55,68,73,76,82,84;73;1;TEST;57;513;68;8.009423;35;6.822612;-1.186811;0.851823;26;45.614035
OVERALL;64;01,03,07,22,38,44,52,55,68,73,76,82,84;76;9;TEST;57;513;49;5.771496;28;5.45809;-0.313406;0.945698;24;42.105263
OVERALL;64;01,03,07,22,38,44,52,55,68,73,76,82,84;82;6;TEST;57;513;54;6.360424;28;5.45809;-0.902334;0.858133;26;45.614035
OVERALL;64;01,03,07,22,38,44,52,55,68,73,76,82,84;84;8;TEST;57;513;52;6.124853;32;6.237817;0.112964;1.018444;24;42.105263
OVERALL;65;06,24,36,38,40,42,46,48,55,70,83,85,87;6;9;DISCOVERY;171;1539;182;7.151277;122;7.927225;0.775948;1.108505;90;52.631579
OVERALL;65;06,24,36,38,40,42,46,48,55,70,83,85,87;24;4;DISCOVERY;171;1539;158;6.208251;114;7.407407;1.199156;1.193155;86;50.292398
OVERALL;65;06,24,36,38,40,42,46,48,55,70,83,85,87;36;2;DISCOVERY;171;1539;156;6.129666;116;7.537362;1.407696;1.229653;84;49.122807
OVERALL;65;06,24,36,38,40,42,46,48,55,70,83,85,87;38;11;DISCOVERY;171;1539;176;6.915521;118;7.667316;0.751796;1.108711;94;54.97076
OVERALL;65;06,24,36,38,40,42,46,48,55,70,83,85,87;40;5;DISCOVERY;171;1539;166;6.522593;115;7.472385;0.949791;1.145616;92;53.80117
OVERALL;65;06,24,36,38,40,42,46,48,55,70,83,85,87;42;12;DISCOVERY;171;1539;163;6.404715;110;7.147498;0.742783;1.115974;82;47.953216
OVERALL;65;06,24,36,38,40,42,46,48,55,70,83,85,87;46;13;DISCOVERY;171;1539;154;6.051081;104;6.757635;0.706554;1.116765;75;43.859649
OVERALL;65;06,24,36,38,40,42,46,48,55,70,83,85,87;48;8;DISCOVERY;171;1539;169;6.640472;115;7.472385;0.831913;1.125279;82;47.953216
OVERALL;65;06,24,36,38,40,42,46,48,55,70,83,85,87;55;3;DISCOVERY;171;1539;191;7.504912;137;8.901884;1.396973;1.186141;94;54.97076
OVERALL;65;06,24,36,38,40,42,46,48,55,70,83,85,87;70;7;DISCOVERY;171;1539;175;6.876228;119;7.732294;0.856066;1.124496;91;53.216374
OVERALL;65;06,24,36,38,40,42,46,48,55,70,83,85,87;83;10;DISCOVERY;171;1539;187;7.347741;125;8.122157;0.774417;1.105395;89;52.046784
OVERALL;65;06,24,36,38,40,42,46,48,55,70,83,85,87;85;6;DISCOVERY;171;1539;198;7.779961;134;8.706953;0.926992;1.119151;98;57.309942
OVERALL;65;06,24,36,38,40,42,46,48,55,70,83,85,87;87;1;DISCOVERY;171;1539;186;7.308448;135;8.77193;1.463482;1.200245;99;57.894737
OVERALL;65;06,24,36,38,40,42,46,48,55,70,83,85,87;6;9;VALIDATION;67;603;70;8.244994;42;6.965174;-1.27982;0.844776;30;44.776119
OVERALL;65;06,24,36,38,40,42,46,48,55,70,83,85,87;24;4;VALIDATION;67;603;50;5.889282;35;5.804312;-0.08497;0.985572;27;40.298507
OVERALL;65;06,24,36,38,40,42,46,48,55,70,83,85,87;36;2;VALIDATION;67;603;50;5.889282;29;4.809287;-1.079995;0.816617;21;31.343284
OVERALL;65;06,24,36,38,40,42,46,48,55,70,83,85,87;38;11;VALIDATION;67;603;61;7.184923;32;5.306799;-1.878124;0.738602;26;38.80597
OVERALL;65;06,24,36,38,40,42,46,48,55,70,83,85,87;40;5;VALIDATION;67;603;61;7.184923;50;8.291874;1.106951;1.154066;32;47.761194
OVERALL;65;06,24,36,38,40,42,46,48,55,70,83,85,87;42;12;VALIDATION;67;603;52;6.124853;35;5.804312;-0.320541;0.947666;27;40.298507
OVERALL;65;06,24,36,38,40,42,46,48,55,70,83,85,87;46;13;VALIDATION;67;603;55;6.47821;33;5.472637;-1.005573;0.844776;26;38.80597
OVERALL;65;06,24,36,38,40,42,46,48,55,70,83,85,87;48;8;VALIDATION;67;603;65;7.656066;52;8.623549;0.967483;1.126368;32;47.761194
OVERALL;65;06,24,36,38,40,42,46,48,55,70,83,85,87;55;3;VALIDATION;67;603;61;7.184923;43;7.131012;-0.053912;0.992497;34;50.746269
OVERALL;65;06,24,36,38,40,42,46,48,55,70,83,85,87;70;7;VALIDATION;67;603;43;5.064782;33;5.472637;0.407855;1.080528;29;43.283582
OVERALL;65;06,24,36,38,40,42,46,48,55,70,83,85,87;83;10;VALIDATION;67;603;59;6.949352;39;6.467662;-0.48169;0.930686;29;43.283582
OVERALL;65;06,24,36,38,40,42,46,48,55,70,83,85,87;85;6;VALIDATION;67;603;63;7.420495;43;7.131012;-0.289483;0.960989;33;49.253731
OVERALL;65;06,24,36,38,40,42,46,48,55,70,83,85,87;87;1;VALIDATION;67;603;58;6.831567;41;6.799337;-0.03223;0.995282;33;49.253731
OVERALL;65;06,24,36,38,40,42,46,48,55,70,83,85,87;6;9;TEST;52;468;67;7.891637;37;7.905983;0.014346;1.001818;27;51.923077
OVERALL;65;06,24,36,38,40,42,46,48,55,70,83,85,87;24;4;TEST;52;468;48;5.65371;26;5.555556;-0.098155;0.982639;19;36.538462
OVERALL;65;06,24,36,38,40,42,46,48,55,70,83,85,87;36;2;TEST;52;468;44;5.182568;22;4.700855;-0.481713;0.907051;18;34.615385
OVERALL;65;06,24,36,38,40,42,46,48,55,70,83,85,87;38;11;TEST;52;468;51;6.007067;24;5.128205;-0.878862;0.853695;21;40.384615
OVERALL;65;06,24,36,38,40,42,46,48,55,70,83,85,87;40;5;TEST;52;468;65;7.656066;30;6.410256;-1.24581;0.837278;25;48.076923
OVERALL;65;06,24,36,38,40,42,46,48,55,70,83,85,87;42;12;TEST;52;468;72;8.480565;37;7.905983;-0.574582;0.932247;27;51.923077
OVERALL;65;06,24,36,38,40,42,46,48,55,70,83,85,87;46;13;TEST;52;468;58;6.831567;39;8.333333;1.501767;1.219828;32;61.538462
OVERALL;65;06,24,36,38,40,42,46,48,55,70,83,85,87;48;8;TEST;52;468;50;5.889282;30;6.410256;0.520975;1.088462;23;44.230769
OVERALL;65;06,24,36,38,40,42,46,48,55,70,83,85,87;55;3;TEST;52;468;60;7.067138;29;6.196581;-0.870557;0.876816;23;44.230769
OVERALL;65;06,24,36,38,40,42,46,48,55,70,83,85,87;70;7;TEST;52;468;40;4.711425;22;4.700855;-0.010571;0.997756;21;40.384615
OVERALL;65;06,24,36,38,40,42,46,48,55,70,83,85,87;83;10;TEST;52;468;65;7.656066;42;8.974359;1.318293;1.172189;32;61.538462
OVERALL;65;06,24,36,38,40,42,46,48,55,70,83,85,87;85;6;TEST;52;468;65;7.656066;31;6.623932;-1.032134;0.865187;26;50.0
OVERALL;65;06,24,36,38,40,42,46,48,55,70,83,85,87;87;1;TEST;52;468;47;5.535925;15;3.205128;-2.330796;0.578969;14;26.923077
OVERALL;66;08,10,23,35,39,42,44,70,73,79,82,83,86;8;4;DISCOVERY;173;1557;179;7.033399;131;8.413616;1.380217;1.196238;96;55.491329
OVERALL;66;08,10,23,35,39,42,44,70,73,79,82,83,86;10;1;DISCOVERY;173;1557;160;6.286837;124;7.964033;1.677196;1.266779;83;47.976879
OVERALL;66;08,10,23,35,39,42,44,70,73,79,82,83,86;23;13;DISCOVERY;173;1557;152;5.972495;101;6.486834;0.514339;1.086118;80;46.242775
OVERALL;66;08,10,23,35,39,42,44,70,73,79,82,83,86;35;12;DISCOVERY;173;1557;165;6.483301;110;7.064868;0.581568;1.089702;86;49.710983
OVERALL;66;08,10,23,35,39,42,44,70,73,79,82,83,86;39;8;DISCOVERY;173;1557;178;6.994106;122;7.835581;0.841475;1.120312;92;53.179191
OVERALL;66;08,10,23,35,39,42,44,70,73,79,82,83,86;42;2;DISCOVERY;173;1557;163;6.404715;124;7.964033;1.559318;1.243464;81;46.820809
OVERALL;66;08,10,23,35,39,42,44,70,73,79,82,83,86;44;11;DISCOVERY;173;1557;156;6.129666;107;6.87219;0.742524;1.121136;82;47.398844
OVERALL;66;08,10,23,35,39,42,44,70,73,79,82,83,86;70;3;DISCOVERY;173;1557;175;6.876228;129;8.285164;1.408936;1.2049;97;56.069364
OVERALL;66;08,10,23,35,39,42,44,70,73,79,82,83,86;73;9;DISCOVERY;173;1557;156;6.129666;108;6.936416;0.80675;1.131614;83;47.976879
OVERALL;66;08,10,23,35,39,42,44,70,73,79,82,83,86;79;7;DISCOVERY;173;1557;184;7.229862;127;8.156712;0.926849;1.128197;95;54.913295
OVERALL;66;08,10,23,35,39,42,44,70,73,79,82,83,86;82;6;DISCOVERY;173;1557;188;7.387033;130;8.34939;0.962356;1.130276;93;53.757225
OVERALL;66;08,10,23,35,39,42,44,70,73,79,82,83,86;83;10;DISCOVERY;173;1557;187;7.347741;126;8.092486;0.744745;1.101357;87;50.289017
OVERALL;66;08,10,23,35,39,42,44,70,73,79,82,83,86;86;5;DISCOVERY;173;1557;188;7.387033;131;8.413616;1.026583;1.138971;99;57.225434
OVERALL;66;08,10,23,35,39,42,44,70,73,79,82,83,86;8;4;VALIDATION;65;585;46;5.418139;31;5.299145;-0.118994;0.978038;25;38.461538
OVERALL;66;08,10,23,35,39,42,44,70,73,79,82,83,86;10;1;VALIDATION;65;585;57;6.713781;42;7.179487;0.465706;1.069366;37;56.923077
OVERALL;66;08,10,23,35,39,42,44,70,73,79,82,83,86;23;13;VALIDATION;65;585;45;5.300353;34;5.811966;0.511612;1.096524;23;35.384615
OVERALL;66;08,10,23,35,39,42,44,70,73,79,82,83,86;35;12;VALIDATION;65;585;63;7.420495;48;8.205128;0.784634;1.105739;31;47.692308
OVERALL;66;08,10,23,35,39,42,44,70,73,79,82,83,86;39;8;VALIDATION;65;585;57;6.713781;31;5.299145;-1.414636;0.789294;25;38.461538
OVERALL;66;08,10,23,35,39,42,44,70,73,79,82,83,86;42;2;VALIDATION;65;585;52;6.124853;47;8.034188;1.909335;1.311736;32;49.230769
OVERALL;66;08,10,23,35,39,42,44,70,73,79,82,83,86;44;11;VALIDATION;65;585;54;6.360424;37;6.324786;-0.035638;0.994397;28;43.076923
OVERALL;66;08,10,23,35,39,42,44,70,73,79,82,83,86;70;3;VALIDATION;65;585;43;5.064782;25;4.273504;-0.791278;0.843769;24;36.923077
OVERALL;66;08,10,23,35,39,42,44,70,73,79,82,83,86;73;9;VALIDATION;65;585;57;6.713781;35;5.982906;-0.730875;0.891138;28;43.076923
OVERALL;66;08,10,23,35,39,42,44,70,73,79,82,83,86;79;7;VALIDATION;65;585;67;7.891637;52;8.888889;0.997252;1.126368;39;60.0
OVERALL;66;08,10,23,35,39,42,44,70,73,79,82,83,86;82;6;VALIDATION;65;585;60;7.067138;44;7.521368;0.45423;1.064274;35;53.846154
OVERALL;66;08,10,23,35,39,42,44,70,73,79,82,83,86;83;10;VALIDATION;65;585;59;6.949352;44;7.521368;0.572015;1.082312;34;52.307692
OVERALL;66;08,10,23,35,39,42,44,70,73,79,82,83,86;86;5;VALIDATION;65;585;65;7.656066;48;8.205128;0.549062;1.071716;36;55.384615
OVERALL;66;08,10,23,35,39,42,44,70,73,79,82,83,86;8;4;TEST;57;513;59;6.949352;33;6.432749;-0.516604;0.925662;25;43.859649
OVERALL;66;08,10,23,35,39,42,44,70,73,79,82,83,86;10;1;TEST;57;513;58;6.831567;24;4.678363;-2.153204;0.684815;18;31.578947
OVERALL;66;08,10,23,35,39,42,44,70,73,79,82,83,86;23;13;TEST;57;513;68;8.009423;43;8.382066;0.372643;1.046526;27;47.368421
OVERALL;66;08,10,23,35,39,42,44,70,73,79,82,83,86;35;12;TEST;57;513;50;5.889282;25;4.873294;-1.015987;0.827485;21;36.842105
OVERALL;66;08,10,23,35,39,42,44,70,73,79,82,83,86;39;8;TEST;57;513;61;7.184923;43;8.382066;1.197143;1.166619;33;57.894737
OVERALL;66;08,10,23,35,39,42,44,70,73,79,82,83,86;42;2;TEST;57;513;72;8.480565;49;9.551657;1.071092;1.1263;34;59.649123
OVERALL;66;08,10,23,35,39,42,44,70,73,79,82,83,86;44;11;TEST;57;513;53;6.242638;38;7.407407;1.164769;1.186583;26;45.614035
OVERALL;66;08,10,23,35,39,42,44,70,73,79,82,83,86;70;3;TEST;57;513;40;4.711425;17;3.31384;-1.397585;0.703363;17;29.824561
OVERALL;66;08,10,23,35,39,42,44,70,73,79,82,83,86;73;9;TEST;57;513;68;8.009423;38;7.407407;-0.602015;0.924837;29;50.877193
OVERALL;66;08,10,23,35,39,42,44,70,73,79,82,83,86;79;7;TEST;57;513;62;7.302709;39;7.602339;0.29963;1.04103;28;49.122807
OVERALL;66;08,10,23,35,39,42,44,70,73,79,82,83,86;82;6;TEST;57;513;54;6.360424;28;5.45809;-0.902334;0.858133;28;49.122807
OVERALL;66;08,10,23,35,39,42,44,70,73,79,82,83,86;83;10;TEST;57;513;65;7.656066;44;8.576998;0.920932;1.120288;32;56.140351
OVERALL;66;08,10,23,35,39,42,44,70,73,79,82,83,86;86;5;TEST;57;513;60;7.067138;29;5.653021;-1.414116;0.799903;26;45.614035
OVERALL;67;16,23,26,34,37,39,45,49,59,75,78,89,90;16;5;DISCOVERY;163;1467;160;6.286837;108;7.361963;1.075126;1.171012;83;50.920245
OVERALL;67;16,23,26,34,37,39,45,49,59,75,78,89,90;23;10;DISCOVERY;163;1467;152;5.972495;99;6.748466;0.775971;1.129924;79;48.466258
OVERALL;67;16,23,26,34,37,39,45,49,59,75,78,89,90;26;11;DISCOVERY;163;1467;172;6.75835;109;7.43013;0.67178;1.0994;85;52.147239
OVERALL;67;16,23,26,34,37,39,45,49,59,75,78,89,90;34;4;DISCOVERY;163;1467;163;6.404715;110;7.498296;1.093581;1.170746;86;52.760736
OVERALL;67;16,23,26,34,37,39,45,49,59,75,78,89,90;37;3;DISCOVERY;163;1467;163;6.404715;111;7.566462;1.161747;1.181389;85;52.147239
OVERALL;67;16,23,26,34,37,39,45,49,59,75,78,89,90;39;2;DISCOVERY;163;1467;178;6.994106;120;8.179959;1.185853;1.16955;90;55.214724
OVERALL;67;16,23,26,34,37,39,45,49,59,75,78,89,90;45;9;DISCOVERY;163;1467;179;7.033399;115;7.839127;0.805729;1.114558;85;52.147239
OVERALL;67;16,23,26,34,37,39,45,49,59,75,78,89,90;49;12;DISCOVERY;163;1467;188;7.387033;118;8.043626;0.656593;1.088885;86;52.760736
OVERALL;67;16,23,26,34,37,39,45,49,59,75,78,89,90;59;6;DISCOVERY;163;1467;146;5.736739;98;6.6803;0.943561;1.164477;75;46.01227
OVERALL;67;16,23,26,34,37,39,45,49,59,75,78,89,90;75;1;DISCOVERY;163;1467;181;7.111984;128;8.72529;1.613305;1.226843;92;56.441718
OVERALL;67;16,23,26,34,37,39,45,49,59,75,78,89,90;78;8;DISCOVERY;163;1467;168;6.601179;109;7.43013;0.828951;1.125576;81;49.693252
OVERALL;67;16,23,26,34,37,39,45,49,59,75,78,89,90;89;7;DISCOVERY;163;1467;165;6.483301;108;7.361963;0.878663;1.135527;88;53.98773
OVERALL;67;16,23,26,34,37,39,45,49,59,75,78,89,90;90;13;DISCOVERY;163;1467;197;7.740668;123;8.384458;0.64379;1.08317;83;50.920245
OVERALL;67;16,23,26,34,37,39,45,49,59,75,78,89,90;16;5;VALIDATION;53;477;67;7.891637;30;6.289308;-1.602329;0.796959;24;45.283019
OVERALL;67;16,23,26,34,37,39,45,49,59,75,78,89,90;23;10;VALIDATION;53;477;45;5.300353;29;6.079665;0.779311;1.14703;23;43.396226
OVERALL;67;16,23,26,34,37,39,45,49,59,75,78,89,90;26;11;VALIDATION;53;477;46;5.418139;29;6.079665;0.661526;1.122095;22;41.509434
OVERALL;67;16,23,26,34,37,39,45,49,59,75,78,89,90;34;4;VALIDATION;53;477;50;5.889282;31;6.498952;0.60967;1.103522;26;49.056604
OVERALL;67;16,23,26,34,37,39,45,49,59,75,78,89,90;37;3;VALIDATION;53;477;71;8.36278;43;9.014675;0.651895;1.077952;32;60.377358
OVERALL;67;16,23,26,34,37,39,45,49,59,75,78,89,90;39;2;VALIDATION;53;477;57;6.713781;37;7.756813;1.043032;1.155357;32;60.377358
OVERALL;67;16,23,26,34,37,39,45,49,59,75,78,89,90;45;9;VALIDATION;53;477;66;7.773852;34;7.127883;-0.645969;0.916905;26;49.056604
OVERALL;67;16,23,26,34,37,39,45,49,59,75,78,89,90;49;12;VALIDATION;53;477;61;7.184923;39;8.176101;0.991177;1.137952;28;52.830189
OVERALL;67;16,23,26,34,37,39,45,49,59,75,78,89,90;59;6;VALIDATION;53;477;63;7.420495;31;6.498952;-0.921543;0.875811;25;47.169811
OVERALL;67;16,23,26,34,37,39,45,49,59,75,78,89,90;75;1;VALIDATION;53;477;61;7.184923;35;7.337526;0.152603;1.021239;27;50.943396
OVERALL;67;16,23,26,34,37,39,45,49,59,75,78,89,90;78;8;VALIDATION;53;477;58;6.831567;33;6.918239;0.086672;1.012687;25;47.169811
OVERALL;67;16,23,26,34,37,39,45,49,59,75,78,89,90;89;7;VALIDATION;53;477;61;7.184923;25;5.24109;-1.943833;0.729457;21;39.622642
OVERALL;67;16,23,26,34,37,39,45,49,59,75,78,89,90;90;13;VALIDATION;53;477;51;6.007067;24;5.031447;-0.975621;0.837588;18;33.962264
OVERALL;67;16,23,26,34,37,39,45,49,59,75,78,89,90;16;5;TEST;46;414;50;5.889282;23;5.555556;-0.333726;0.943333;19;41.304348
OVERALL;67;16,23,26,34,37,39,45,49,59,75,78,89,90;23;10;TEST;46;414;68;8.009423;39;9.42029;1.410867;1.176151;28;60.869565
OVERALL;67;16,23,26,34,37,39,45,49,59,75,78,89,90;26;11;TEST;46;414;47;5.535925;22;5.31401;-0.221915;0.959914;16;34.782609
OVERALL;67;16,23,26,34,37,39,45,49,59,75,78,89,90;34;4;TEST;46;414;61;7.184923;28;6.763285;-0.421638;0.941316;23;50.0
OVERALL;67;16,23,26,34,37,39,45,49,59,75,78,89,90;37;3;TEST;46;414;49;5.771496;29;7.004831;1.233335;1.213694;22;47.826087
OVERALL;67;16,23,26,34,37,39,45,49,59,75,78,89,90;39;2;TEST;46;414;61;7.184923;36;8.695652;1.510729;1.210264;26;56.521739
OVERALL;67;16,23,26,34,37,39,45,49,59,75,78,89,90;45;9;TEST;46;414;60;7.067138;30;7.246377;0.179239;1.025362;24;52.173913
OVERALL;67;16,23,26,34,37,39,45,49,59,75,78,89,90;49;12;TEST;46;414;64;7.53828;28;6.763285;-0.774995;0.897192;24;52.173913
OVERALL;67;16,23,26,34,37,39,45,49,59,75,78,89,90;59;6;TEST;46;414;54;6.360424;29;7.004831;0.644407;1.101315;22;47.826087
OVERALL;67;16,23,26,34,37,39,45,49,59,75,78,89,90;75;1;TEST;46;414;51;6.007067;24;5.797101;-0.209966;0.965047;18;39.130435
OVERALL;67;16,23,26,34,37,39,45,49,59,75,78,89,90;78;8;TEST;46;414;44;5.182568;19;4.589372;-0.593196;0.88554;18;39.130435
OVERALL;67;16,23,26,34,37,39,45,49,59,75,78,89,90;89;7;TEST;46;414;52;6.124853;24;5.797101;-0.327751;0.946488;19;41.304348
OVERALL;67;16,23,26,34,37,39,45,49,59,75,78,89,90;90;13;TEST;46;414;53;6.242638;23;5.555556;-0.687083;0.889937;19;41.304348
OVERALL;68;02,04,17,21,33,35,45,53,63,69,76,84,90;2;10;DISCOVERY;170;1530;156;6.129666;105;6.862745;0.733079;1.119595;74;43.529412
OVERALL;68;02,04,17,21,33,35,45,53,63,69,76,84,90;4;5;DISCOVERY;170;1530;171;6.719057;116;7.581699;0.862642;1.128387;93;54.705882
OVERALL;68;02,04,17,21,33,35,45,53,63,69,76,84,90;17;9;DISCOVERY;170;1530;177;6.954813;118;7.712418;0.757605;1.108932;86;50.588235
OVERALL;68;02,04,17,21,33,35,45,53,63,69,76,84,90;21;8;DISCOVERY;170;1530;165;6.483301;111;7.254902;0.771601;1.119014;80;47.058824
OVERALL;68;02,04,17,21,33,35,45,53,63,69,76,84,90;33;2;DISCOVERY;170;1530;172;6.75835;123;8.039216;1.280866;1.189523;96;56.470588
OVERALL;68;02,04,17,21,33,35,45,53,63,69,76,84,90;35;11;DISCOVERY;170;1530;165;6.483301;110;7.189542;0.706242;1.108932;77;45.294118
OVERALL;68;02,04,17,21,33,35,45,53,63,69,76,84,90;45;1;DISCOVERY;170;1530;179;7.033399;129;8.431373;1.397974;1.198762;91;53.529412
OVERALL;68;02,04,17,21,33,35,45,53,63,69,76,84,90;53;13;DISCOVERY;170;1530;157;6.168959;105;6.862745;0.693786;1.112464;73;42.941176
OVERALL;68;02,04,17,21,33,35,45,53,63,69,76,84,90;63;4;DISCOVERY;170;1530;182;7.151277;123;8.039216;0.887939;1.124165;96;56.470588
OVERALL;68;02,04,17,21,33,35,45,53,63,69,76,84,90;69;6;DISCOVERY;170;1530;162;6.365422;110;7.189542;0.82412;1.129468;85;50.0
OVERALL;68;02,04,17,21,33,35,45,53,63,69,76,84,90;76;7;DISCOVERY;170;1530;161;6.32613;109;7.124183;0.798053;1.126152;88;51.764706
OVERALL;68;02,04,17,21,33,35,45,53,63,69,76,84,90;84;12;DISCOVERY;170;1530;175;6.876228;116;7.581699;0.705471;1.102596;88;51.764706
OVERALL;68;02,04,17,21,33,35,45,53,63,69,76,84,90;90;3;DISCOVERY;170;1530;197;7.740668;136;8.888889;1.148221;1.148336;95;55.882353
OVERALL;68;02,04,17,21,33,35,45,53,63,69,76,84,90;2;10;VALIDATION;70;630;48;5.65371;33;5.238095;-0.415615;0.926488;30;42.857143
OVERALL;68;02,04,17,21,33,35,45,53,63,69,76,84,90;4;5;VALIDATION;70;630;45;5.300353;27;4.285714;-1.014639;0.808571;25;35.714286
OVERALL;68;02,04,17,21,33,35,45,53,63,69,76,84,90;17;9;VALIDATION;70;630;57;6.713781;35;5.555556;-1.158225;0.827485;26;37.142857
OVERALL;68;02,04,17,21,33,35,45,53,63,69,76,84,90;21;8;VALIDATION;70;630;64;7.53828;51;8.095238;0.556958;1.073884;38;54.285714
OVERALL;68;02,04,17,21,33,35,45,53,63,69,76,84,90;33;2;VALIDATION;70;630;57;6.713781;51;8.095238;1.381457;1.205764;33;47.142857
OVERALL;68;02,04,17,21,33,35,45,53,63,69,76,84,90;35;11;VALIDATION;70;630;63;7.420495;52;8.253968;0.833474;1.11232;38;54.285714
OVERALL;68;02,04,17,21,33,35,45,53,63,69,76,84,90;45;1;VALIDATION;70;630;66;7.773852;51;8.095238;0.321387;1.041342;42;60.0
OVERALL;68;02,04,17,21,33,35,45,53,63,69,76,84,90;53;13;VALIDATION;70;630;44;5.182568;35;5.555556;0.372988;1.07197;29;41.428571
OVERALL;68;02,04,17,21,33,35,45,53,63,69,76,84,90;63;4;VALIDATION;70;630;52;6.124853;33;5.238095;-0.886758;0.85522;30;42.857143
OVERALL;68;02,04,17,21,33,35,45,53,63,69,76,84,90;69;6;VALIDATION;70;630;54;6.360424;37;5.873016;-0.487408;0.923369;30;42.857143
OVERALL;68;02,04,17,21,33,35,45,53,63,69,76,84,90;76;7;VALIDATION;70;630;65;7.656066;42;6.666667;-0.989399;0.870769;30;42.857143
OVERALL;68;02,04,17,21,33,35,45,53,63,69,76,84,90;84;12;VALIDATION;70;630;51;6.007067;36;5.714286;-0.292781;0.951261;30;42.857143
OVERALL;68;02,04,17,21,33,35,45,53,63,69,76,84,90;90;3;VALIDATION;70;630;51;6.007067;26;4.126984;-1.880083;0.687021;21;30.0
OVERALL;68;02,04,17,21,33,35,45,53,63,69,76,84,90;2;10;TEST;64;576;58;6.831567;34;5.902778;-0.928789;0.864045;29;45.3125
OVERALL;68;02,04,17,21,33,35,45,53,63,69,76,84,90;4;5;TEST;64;576;60;7.067138;49;8.506944;1.439807;1.203733;33;51.5625
OVERALL;68;02,04,17,21,33,35,45,53,63,69,76,84,90;17;9;TEST;64;576;54;6.360424;31;5.381944;-0.97848;0.846161;28;43.75
OVERALL;68;02,04,17,21,33,35,45,53,63,69,76,84,90;21;8;TEST;64;576;56;6.595995;39;6.770833;0.174838;1.026507;32;50.0
OVERALL;68;02,04,17,21,33,35,45,53,63,69,76,84,90;33;2;TEST;64;576;55;6.47821;40;6.944444;0.466235;1.07197;30;46.875
OVERALL;68;02,04,17,21,33,35,45,53,63,69,76,84,90;35;11;TEST;64;576;50;5.889282;27;4.6875;-1.201782;0.795937;24;37.5
OVERALL;68;02,04,17,21,33,35,45,53,63,69,76,84,90;45;1;TEST;64;576;60;7.067138;36;6.25;-0.817138;0.884375;29;45.3125
OVERALL;68;02,04,17,21,33,35,45,53,63,69,76,84,90;53;13;TEST;64;576;53;6.242638;34;5.902778;-0.339861;0.945558;25;39.0625
OVERALL;68;02,04,17,21,33,35,45,53,63,69,76,84,90;63;4;TEST;64;576;65;7.656066;46;7.986111;0.330045;1.043109;36;56.25
OVERALL;68;02,04,17,21,33,35,45,53,63,69,76,84,90;69;6;TEST;64;576;58;6.831567;41;7.118056;0.286489;1.041936;31;48.4375
OVERALL;68;02,04,17,21,33,35,45,53,63,69,76,84,90;76;7;TEST;64;576;49;5.771496;29;5.034722;-0.736774;0.872343;19;29.6875
OVERALL;68;02,04,17,21,33,35,45,53,63,69,76,84,90;84;12;TEST;64;576;52;6.124853;39;6.770833;0.645981;1.105469;30;46.875
OVERALL;68;02,04,17,21,33,35,45,53,63,69,76,84,90;90;3;TEST;64;576;53;6.242638;30;5.208333;-1.034305;0.834316;26;40.625
OVERALL;69;03,14,23,38,39,41,55,64,67,79,84,85,88;3;6;DISCOVERY;162;1458;168;6.601179;108;7.407407;0.806229;1.122134;76;46.91358
OVERALL;69;03,14,23,38,39,41,55,64,67,79,84,85,88;14;1;DISCOVERY;162;1458;166;6.522593;112;7.681756;1.159163;1.177715;87;53.703704
OVERALL;69;03,14,23,38,39,41,55,64,67,79,84,85,88;23;11;DISCOVERY;162;1458;152;5.972495;98;6.721536;0.749041;1.125415;77;47.530864
OVERALL;69;03,14,23,38,39,41,55,64,67,79,84,85,88;38;5;DISCOVERY;162;1458;176;6.915521;113;7.750343;0.834822;1.120717;80;49.382716
OVERALL;69;03,14,23,38,39,41,55,64,67,79,84,85,88;39;3;DISCOVERY;162;1458;178;6.994106;115;7.887517;0.893411;1.127738;89;54.938272
OVERALL;69;03,14,23,38,39,41,55,64,67,79,84,85,88;41;4;DISCOVERY;162;1458;170;6.679764;110;7.544582;0.864817;1.129468;82;50.617284
OVERALL;69;03,14,23,38,39,41,55,64,67,79,84,85,88;55;8;DISCOVERY;162;1458;191;7.504912;121;8.29904;0.794128;1.105814;93;57.407407
OVERALL;69;03,14,23,38,39,41,55,64,67,79,84,85,88;64;13;DISCOVERY;162;1458;160;6.286837;102;6.995885;0.709048;1.112783;82;50.617284
OVERALL;69;03,14,23,38,39,41,55,64,67,79,84,85,88;67;2;DISCOVERY;162;1458;164;6.444008;108;7.407407;0.9634;1.149503;85;52.469136
OVERALL;69;03,14,23,38,39,41,55,64,67,79,84,85,88;79;7;DISCOVERY;162;1458;184;7.229862;117;8.024691;0.794829;1.109937;90;55.555556
OVERALL;69;03,14,23,38,39,41,55,64,67,79,84,85,88;84;12;DISCOVERY;162;1458;175;6.876228;111;7.613169;0.736941;1.107172;83;51.234568
OVERALL;69;03,14,23,38,39,41,55,64,67,79,84,85,88;85;10;DISCOVERY;162;1458;198;7.779961;125;8.573388;0.793427;1.101983;90;55.555556
OVERALL;69;03,14,23,38,39,41,55,64,67,79,84,85,88;88;9;DISCOVERY;162;1458;191;7.504912;121;8.29904;0.794128;1.105814;92;56.790123
OVERALL;69;03,14,23,38,39,41,55,64,67,79,84,85,88;3;6;VALIDATION;53;477;50;5.889282;28;5.870021;-0.019261;0.99673;25;47.169811
OVERALL;69;03,14,23,38,39,41,55,64,67,79,84,85,88;14;1;VALIDATION;53;477;52;6.124853;24;5.031447;-1.093406;0.82148;21;39.622642
OVERALL;69;03,14,23,38,39,41,55,64,67,79,84,85,88;23;11;VALIDATION;53;477;45;5.300353;26;5.450734;0.15038;1.028372;18;33.962264
OVERALL;69;03,14,23,38,39,41,55,64,67,79,84,85,88;38;5;VALIDATION;53;477;61;7.184923;26;5.450734;-1.73419;0.758635;22;41.509434
OVERALL;69;03,14,23,38,39,41,55,64,67,79,84,85,88;39;3;VALIDATION;53;477;57;6.713781;39;8.176101;1.46232;1.217809;26;49.056604
OVERALL;69;03,14,23,38,39,41,55,64,67,79,84,85,88;41;4;VALIDATION;53;477;52;6.124853;38;7.966457;1.841604;1.300677;28;52.830189
OVERALL;69;03,14,23,38,39,41,55,64,67,79,84,85,88;55;8;VALIDATION;53;477;61;7.184923;33;6.918239;-0.266684;0.962883;26;49.056604
OVERALL;69;03,14,23,38,39,41,55,64,67,79,84,85,88;64;13;VALIDATION;53;477;51;6.007067;24;5.031447;-0.975621;0.837588;21;39.622642
OVERALL;69;03,14,23,38,39,41,55,64,67,79,84,85,88;67;2;VALIDATION;53;477;53;6.242638;36;7.54717;1.304531;1.208971;31;58.490566
OVERALL;69;03,14,23,38,39,41,55,64,67,79,84,85,88;79;7;VALIDATION;53;477;67;7.891637;36;7.54717;-0.344467;0.95635;27;50.943396
OVERALL;69;03,14,23,38,39,41,55,64,67,79,84,85,88;84;12;VALIDATION;53;477;51;6.007067;24;5.031447;-0.975621;0.837588;19;35.849057
OVERALL;69;03,14,23,38,39,41,55,64,67,79,84,85,88;85;10;VALIDATION;53;477;63;7.420495;46;9.643606;2.223111;1.299591;34;64.150943
OVERALL;69;03,14,23,38,39,41,55,64,67,79,84,85,88;88;9;VALIDATION;53;477;52;6.124853;38;7.966457;1.841604;1.300677;25;47.169811
OVERALL;69;03,14,23,38,39,41,55,64,67,79,84,85,88;3;6;TEST;58;522;54;6.360424;30;5.747126;-0.613298;0.903576;27;46.551724
OVERALL;69;03,14,23,38,39,41,55,64,67,79,84,85,88;14;1;TEST;58;522;55;6.47821;35;6.704981;0.226771;1.035005;29;50.0
OVERALL;69;03,14,23,38,39,41,55,64,67,79,84,85,88;23;11;TEST;58;522;68;8.009423;43;8.237548;0.228125;1.028482;31;53.448276
OVERALL;69;03,14,23,38,39,41,55,64,67,79,84,85,88;38;5;TEST;58;522;51;6.007067;27;5.172414;-0.834653;0.861055;23;39.655172
OVERALL;69;03,14,23,38,39,41,55,64,67,79,84,85,88;39;3;TEST;58;522;61;7.184923;34;6.51341;-0.671513;0.906539;29;50.0
OVERALL;69;03,14,23,38,39,41,55,64,67,79,84,85,88;41;4;TEST;58;522;69;8.127208;41;7.854406;-0.272802;0.966433;30;51.724138
OVERALL;69;03,14,23,38,39,41,55,64,67,79,84,85,88;55;8;TEST;58;522;60;7.067138;48;9.195402;2.128264;1.301149;35;60.344828
OVERALL;69;03,14,23,38,39,41,55,64,67,79,84,85,88;64;13;TEST;58;522;57;6.713781;42;8.045977;1.332196;1.198427;31;53.448276
OVERALL;69;03,14,23,38,39,41,55,64,67,79,84,85,88;67;2;TEST;58;522;46;5.418139;31;5.938697;0.520558;1.096077;25;43.103448
OVERALL;69;03,14,23,38,39,41,55,64,67,79,84,85,88;79;7;TEST;58;522;62;7.302709;36;6.896552;-0.406157;0.944383;29;50.0
OVERALL;69;03,14,23,38,39,41,55,64,67,79,84,85,88;84;12;TEST;58;522;52;6.124853;42;8.045977;1.921124;1.31366;32;55.172414
OVERALL;69;03,14,23,38,39,41,55,64,67,79,84,85,88;85;10;TEST;58;522;65;7.656066;44;8.429119;0.773053;1.100973;34;58.62069
OVERALL;69;03,14,23,38,39,41,55,64,67,79,84,85,88;88;9;TEST;58;522;55;6.47821;27;5.172414;-1.305796;0.798433;22;37.931034
OVERALL;70;03,11,13,15,21,24,25,48,53,57,64,81,83;3;5;DISCOVERY;175;1575;168;6.601179;121;7.68254;1.081361;1.163813;90;51.428571
OVERALL;70;03,11,13,15,21,24,25,48,53,57,64,81,83;11;13;DISCOVERY;175;1575;171;6.719057;116;7.365079;0.646022;1.096148;89;50.857143
OVERALL;70;03,11,13,15,21,24,25,48,53,57,64,81,83;13;10;DISCOVERY;175;1575;160;6.286837;110;6.984127;0.69729;1.110913;85;48.571429
OVERALL;70;03,11,13,15,21,24,25,48,53,57,64,81,83;15;3;DISCOVERY;175;1575;159;6.247544;119;7.555556;1.308011;1.209364;92;52.571429
OVERALL;70;03,11,13,15,21,24,25,48,53,57,64,81,83;21;9;DISCOVERY;175;1575;165;6.483301;114;7.238095;0.754795;1.116421;85;48.571429
OVERALL;70;03,11,13,15,21,24,25,48,53,57,64,81,83;24;8;DISCOVERY;175;1575;158;6.208251;110;6.984127;0.775876;1.124975;85;48.571429
OVERALL;70;03,11,13,15,21,24,25,48,53,57,64,81,83;25;12;DISCOVERY;175;1575;173;6.797642;118;7.492063;0.694421;1.102156;87;49.714286
OVERALL;70;03,11,13,15,21,24,25,48,53,57,64,81,83;48;6;DISCOVERY;175;1575;169;6.640472;119;7.555556;0.915084;1.137804;89;50.857143
OVERALL;70;03,11,13,15,21,24,25,48,53,57,64,81,83;53;7;DISCOVERY;175;1575;157;6.168959;111;7.047619;0.87866;1.142433;80;45.714286
OVERALL;70;03,11,13,15,21,24,25,48,53,57,64,81,83;57;4;DISCOVERY;175;1575;170;6.679764;124;7.873016;1.193252;1.178637;95;54.285714
OVERALL;70;03,11,13,15,21,24,25,48,53,57,64,81,83;64;11;DISCOVERY;175;1575;160;6.286837;110;6.984127;0.69729;1.110913;86;49.142857
OVERALL;70;03,11,13,15,21,24,25,48,53,57,64,81,83;81;1;DISCOVERY;175;1575;189;7.426326;141;8.952381;1.526055;1.205493;95;54.285714
OVERALL;70;03,11,13,15,21,24,25,48,53,57,64,81,83;83;2;DISCOVERY;175;1575;187;7.347741;137;8.698413;1.350672;1.183821;91;52.0
OVERALL;70;03,11,13,15,21,24,25,48,53,57,64,81,83;3;5;VALIDATION;43;387;50;5.889282;25;6.459948;0.570667;1.096899;18;41.860465
OVERALL;70;03,11,13,15,21,24,25,48,53,57,64,81,83;11;13;VALIDATION;43;387;56;6.595995;20;5.167959;-1.428037;0.783499;17;39.534884
OVERALL;70;03,11,13,15,21,24,25,48,53,57,64,81,83;13;10;VALIDATION;43;387;47;5.535925;22;5.684755;0.14883;1.026884;15;34.883721
OVERALL;70;03,11,13,15,21,24,25,48,53,57,64,81,83;15;3;VALIDATION;43;387;73;8.598351;38;9.819121;1.22077;1.141977;35;81.395349
OVERALL;70;03,11,13,15,21,24,25,48,53,57,64,81,83;21;9;VALIDATION;43;387;64;7.53828;28;7.235142;-0.303138;0.959787;20;46.511628
OVERALL;70;03,11,13,15,21,24,25,48,53,57,64,81,83;24;8;VALIDATION;43;387;50;5.889282;26;6.718346;0.829065;1.140775;18;41.860465
OVERALL;70;03,11,13,15,21,24,25,48,53,57,64,81,83;25;12;VALIDATION;43;387;52;6.124853;30;7.751938;1.627085;1.265653;21;48.837209
OVERALL;70;03,11,13,15,21,24,25,48,53,57,64,81,83;48;6;VALIDATION;43;387;65;7.656066;27;6.976744;-0.679322;0.91127;18;41.860465
OVERALL;70;03,11,13,15,21,24,25,48,53,57,64,81,83;53;7;VALIDATION;43;387;44;5.182568;17;4.392765;-0.789803;0.847604;17;39.534884
OVERALL;70;03,11,13,15,21,24,25,48,53,57,64,81,83;57;4;VALIDATION;43;387;52;6.124853;33;8.527132;2.402279;1.392218;27;62.790698
OVERALL;70;03,11,13,15,21,24,25,48,53,57,64,81,83;64;11;VALIDATION;43;387;51;6.007067;24;6.20155;0.194483;1.032376;19;44.186047
OVERALL;70;03,11,13,15,21,24,25,48,53,57,64,81,83;81;1;VALIDATION;43;387;60;7.067138;26;6.718346;-0.348792;0.950646;23;53.488372
OVERALL;70;03,11,13,15,21,24,25,48,53,57,64,81,83;83;2;VALIDATION;43;387;59;6.949352;30;7.751938;0.802586;1.115491;20;46.511628
OVERALL;70;03,11,13,15,21,24,25,48,53,57,64,81,83;3;5;TEST;38;342;54;6.360424;25;7.309942;0.949517;1.149285;22;57.894737
OVERALL;70;03,11,13,15,21,24,25,48,53,57,64,81,83;11;13;TEST;38;342;55;6.47821;17;4.97076;-1.507449;0.767305;14;36.842105
OVERALL;70;03,11,13,15,21,24,25,48,53,57,64,81,83;13;10;TEST;38;342;57;6.713781;24;7.017544;0.303763;1.045245;19;50.0
OVERALL;70;03,11,13,15,21,24,25,48,53,57,64,81,83;15;3;TEST;38;342;46;5.418139;18;5.263158;-0.154981;0.971396;14;36.842105
OVERALL;70;03,11,13,15,21,24,25,48,53,57,64,81,83;21;9;TEST;38;342;56;6.595995;16;4.678363;-1.917633;0.709273;12;31.578947
OVERALL;70;03,11,13,15,21,24,25,48,53,57,64,81,83;24;8;TEST;38;342;48;5.65371;17;4.97076;-0.68295;0.879203;15;39.473684
OVERALL;70;03,11,13,15,21,24,25,48,53,57,64,81,83;25;12;TEST;38;342;63;7.420495;35;10.233918;2.813423;1.379142;26;68.421053
OVERALL;70;03,11,13,15,21,24,25,48,53,57,64,81,83;48;6;TEST;38;342;50;5.889282;13;3.80117;-2.088112;0.645439;11;28.947368
OVERALL;70;03,11,13,15,21,24,25,48,53,57,64,81,83;53;7;TEST;38;342;53;6.242638;21;6.140351;-0.102288;0.983615;17;44.736842
OVERALL;70;03,11,13,15,21,24,25,48,53,57,64,81,83;57;4;TEST;38;342;51;6.007067;15;4.385965;-1.621102;0.730134;11;28.947368
OVERALL;70;03,11,13,15,21,24,25,48,53,57,64,81,83;64;11;TEST;38;342;57;6.713781;35;10.233918;3.520137;1.524315;21;55.263158
OVERALL;70;03,11,13,15,21,24,25,48,53,57,64,81,83;81;1;TEST;38;342;61;7.184923;25;7.309942;0.125018;1.0174;20;52.631579
OVERALL;70;03,11,13,15,21,24,25,48,53,57,64,81,83;83;2;TEST;38;342;65;7.656066;24;7.017544;-0.638522;0.916599;21;55.263158
OVERALL;71;07,12,17,25,33,37,55,62,67,72,73,80,86;7;1;DISCOVERY;173;1557;149;5.854617;110;7.064868;1.210251;1.206717;77;44.508671
OVERALL;71;07,12,17,25,33,37,55,62,67,72,73,80,86;12;3;DISCOVERY;173;1557;173;6.797642;122;7.835581;1.037939;1.152691;88;50.867052
OVERALL;71;07,12,17,25,33,37,55,62,67,72,73,80,86;17;12;DISCOVERY;173;1557;177;6.954813;119;7.642903;0.68809;1.098937;91;52.601156
OVERALL;71;07,12,17,25,33,37,55,62,67,72,73,80,86;25;6;DISCOVERY;173;1557;173;6.797642;121;7.771355;0.973713;1.143243;91;52.601156
OVERALL;71;07,12,17,25,33,37,55,62,67,72,73,80,86;33;10;DISCOVERY;173;1557;172;6.75835;117;7.514451;0.756101;1.111877;86;49.710983
OVERALL;71;07,12,17,25,33,37,55,62,67,72,73,80,86;37;5;DISCOVERY;173;1557;163;6.404715;115;7.385999;0.981284;1.153213;82;47.398844
OVERALL;71;07,12,17,25,33,37,55,62,67,72,73,80,86;55;7;DISCOVERY;173;1557;191;7.504912;131;8.413616;0.908704;1.121081;98;56.647399
OVERALL;71;07,12,17,25,33,37,55,62,67,72,73,80,86;62;11;DISCOVERY;173;1557;187;7.347741;126;8.092486;0.744745;1.101357;90;52.023121
OVERALL;71;07,12,17,25,33,37,55,62,67,72,73,80,86;67;4;DISCOVERY;173;1557;164;6.444008;116;7.450225;1.006217;1.156148;84;48.554913
OVERALL;71;07,12,17,25,33,37,55,62,67,72,73,80,86;72;9;DISCOVERY;173;1557;167;6.561886;115;7.385999;0.824113;1.125591;86;49.710983
OVERALL;71;07,12,17,25,33,37,55,62,67,72,73,80,86;73;2;DISCOVERY;173;1557;156;6.129666;114;7.321773;1.192107;1.194481;82;47.398844
OVERALL;71;07,12,17,25,33,37,55,62,67,72,73,80,86;80;13;DISCOVERY;173;1557;172;6.75835;115;7.385999;0.627649;1.09287;91;52.601156
OVERALL;71;07,12,17,25,33,37,55,62,67,72,73,80,86;86;8;DISCOVERY;173;1557;188;7.387033;129;8.285164;0.89813;1.121582;87;50.289017
OVERALL;71;07,12,17,25,33,37,55,62,67,72,73,80,86;7;1;VALIDATION;48;432;60;7.067138;29;6.712963;-0.354175;0.949884;24;50.0
OVERALL;71;07,12,17,25,33,37,55,62,67,72,73,80,86;12;3;VALIDATION;48;432;49;5.771496;19;4.398148;-1.373348;0.762046;18;37.5
OVERALL;71;07,12,17,25,33,37,55,62,67,72,73,80,86;17;12;VALIDATION;48;432;57;6.713781;31;7.175926;0.462145;1.068835;27;56.25
OVERALL;71;07,12,17,25,33,37,55,62,67,72,73,80,86;25;6;VALIDATION;48;432;52;6.124853;21;4.861111;-1.263742;0.79367;19;39.583333
OVERALL;71;07,12,17,25,33,37,55,62,67,72,73,80,86;33;10;VALIDATION;48;432;57;6.713781;21;4.861111;-1.85267;0.72405;15;31.25
OVERALL;71;07,12,17,25,33,37,55,62,67,72,73,80,86;37;5;VALIDATION;48;432;71;8.36278;38;8.796296;0.433517;1.051839;29;60.416667
OVERALL;71;07,12,17,25,33,37,55,62,67,72,73,80,86;55;7;VALIDATION;48;432;61;7.184923;31;7.175926;-0.008998;0.998748;22;45.833333
OVERALL;71;07,12,17,25,33,37,55,62,67,72,73,80,86;62;11;VALIDATION;48;432;52;6.124853;30;6.944444;0.819592;1.133814;28;58.333333
OVERALL;71;07,12,17,25,33,37,55,62,67,72,73,80,86;67;4;VALIDATION;48;432;53;6.242638;26;6.018519;-0.22412;0.964099;21;43.75
OVERALL;71;07,12,17,25,33,37,55,62,67,72,73,80,86;72;9;VALIDATION;48;432;63;7.420495;33;7.638889;0.218394;1.029431;23;47.916667
OVERALL;71;07,12,17,25,33,37,55,62,67,72,73,80,86;73;2;VALIDATION;48;432;57;6.713781;26;6.018519;-0.695262;0.896442;19;39.583333
OVERALL;71;07,12,17,25,33,37,55,62,67,72,73,80,86;80;13;VALIDATION;48;432;69;8.127208;30;6.944444;-1.182764;0.854469;22;45.833333
OVERALL;71;07,12,17,25,33,37,55,62,67,72,73,80,86;86;8;VALIDATION;48;432;65;7.656066;39;9.027778;1.371712;1.179167;29;60.416667
OVERALL;71;07,12,17,25,33,37,55,62,67,72,73,80,86;7;1;TEST;63;567;57;6.713781;33;5.820106;-0.893675;0.866889;25;39.68254
OVERALL;71;07,12,17,25,33,37,55,62,67,72,73,80,86;12;3;TEST;63;567;40;4.711425;30;5.291005;0.57958;1.123016;22;34.920635
OVERALL;71;07,12,17,25,33,37,55,62,67,72,73,80,86;17;12;TEST;63;567;54;6.360424;38;6.70194;0.341516;1.053694;26;41.269841
OVERALL;71;07,12,17,25,33,37,55,62,67,72,73,80,86;25;6;TEST;63;567;63;7.420495;40;7.054674;-0.365821;0.950701;28;44.444444
OVERALL;71;07,12,17,25,33,37,55,62,67,72,73,80,86;33;10;TEST;63;567;55;6.47821;43;7.583774;1.105565;1.170659;31;49.206349
OVERALL;71;07,12,17,25,33,37,55,62,67,72,73,80,86;37;5;TEST;63;567;49;5.771496;36;6.349206;0.57771;1.100097;31;49.206349
OVERALL;71;07,12,17,25,33,37,55,62,67,72,73,80,86;55;7;TEST;63;567;60;7.067138;37;6.525573;-0.541565;0.923369;27;42.857143
OVERALL;71;07,12,17,25,33,37,55,62,67,72,73,80,86;62;11;TEST;63;567;58;6.831567;28;4.938272;-1.893295;0.722861;21;33.333333
OVERALL;71;07,12,17,25,33,37,55,62,67,72,73,80,86;67;4;TEST;63;567;46;5.418139;23;4.056437;-1.361702;0.748677;16;25.396825
OVERALL;71;07,12,17,25,33,37,55,62,67,72,73,80,86;72;9;TEST;63;567;60;7.067138;40;7.054674;-0.012464;0.998236;30;47.619048
OVERALL;71;07,12,17,25,33,37,55,62,67,72,73,80,86;73;2;TEST;63;567;68;8.009423;55;9.700176;1.690754;1.211096;41;65.079365
OVERALL;71;07,12,17,25,33,37,55,62,67,72,73,80,86;80;13;TEST;63;567;68;8.009423;47;8.289242;0.279819;1.034936;35;55.555556
OVERALL;71;07,12,17,25,33,37,55,62,67,72,73,80,86;86;8;TEST;63;567;60;7.067138;29;5.114638;-1.952499;0.723721;26;41.269841
OVERALL;72;02,16,20,29,34,43,44,55,70,79,84,87,90;2;9;DISCOVERY;166;1494;156;6.129666;105;7.028112;0.898446;1.146573;73;43.975904
OVERALL;72;02,16,20,29,34,43,44,55,70,79,84,87,90;16;1;DISCOVERY;166;1494;160;6.286837;117;7.831325;1.544488;1.24567;83;50.0
OVERALL;72;02,16,20,29,34,43,44,55,70,79,84,87,90;20;11;DISCOVERY;166;1494;165;6.483301;108;7.228916;0.745615;1.115005;82;49.39759
OVERALL;72;02,16,20,29,34,43,44,55,70,79,84,87,90;29;2;DISCOVERY;166;1494;157;6.168959;113;7.563588;1.394629;1.226072;89;53.614458
OVERALL;72;02,16,20,29,34,43,44,55,70,79,84,87,90;34;5;DISCOVERY;166;1494;163;6.404715;113;7.563588;1.158873;1.180941;84;50.60241
OVERALL;72;02,16,20,29,34,43,44,55,70,79,84,87,90;43;7;DISCOVERY;166;1494;172;6.75835;116;7.764391;1.006041;1.148859;88;53.012048
OVERALL;72;02,16,20,29,34,43,44,55,70,79,84,87,90;44;12;DISCOVERY;166;1494;156;6.129666;102;6.827309;0.697643;1.113814;74;44.578313
OVERALL;72;02,16,20,29,34,43,44,55,70,79,84,87,90;55;6;DISCOVERY;166;1494;191;7.504912;128;8.567604;1.062692;1.1416;97;58.433735
OVERALL;72;02,16,20,29,34,43,44,55,70,79,84,87,90;70;13;DISCOVERY;166;1494;175;6.876228;113;7.563588;0.68736;1.099962;84;50.60241
OVERALL;72;02,16,20,29,34,43,44,55,70,79,84,87,90;79;8;DISCOVERY;166;1494;184;7.229862;122;8.165997;0.936135;1.129482;92;55.421687
OVERALL;72;02,16,20,29,34,43,44,55,70,79,84,87,90;84;4;DISCOVERY;166;1494;175;6.876228;121;8.099063;1.222835;1.177835;94;56.626506
OVERALL;72;02,16,20,29,34,43,44,55,70,79,84,87,90;87;3;DISCOVERY;166;1494;186;7.308448;130;8.701473;1.393025;1.190605;94;56.626506
OVERALL;72;02,16,20,29,34,43,44,55,70,79,84,87,90;90;10;DISCOVERY;166;1494;197;7.740668;128;8.567604;0.826936;1.10683;94;56.626506
OVERALL;72;02,16,20,29,34,43,44,55,70,79,84,87,90;2;9;VALIDATION;63;567;48;5.65371;33;5.820106;0.166396;1.029431;30;47.619048
OVERALL;72;02,16,20,29,34,43,44,55,70,79,84,87,90;16;1;VALIDATION;63;567;67;7.891637;44;7.760141;-0.131496;0.983337;28;44.444444
OVERALL;72;02,16,20,29,34,43,44,55,70,79,84,87,90;20;11;VALIDATION;63;567;52;6.124853;44;7.760141;1.635288;1.266992;34;53.968254
OVERALL;72;02,16,20,29,34,43,44,55,70,79,84,87,90;29;2;VALIDATION;63;567;55;6.47821;41;7.231041;0.752831;1.11621;29;46.031746
OVERALL;72;02,16,20,29,34,43,44,55,70,79,84,87,90;34;5;VALIDATION;63;567;50;5.889282;22;3.880071;-2.009211;0.658836;21;33.333333
OVERALL;72;02,16,20,29,34,43,44,55,70,79,84,87,90;43;7;VALIDATION;63;567;59;6.949352;53;9.347443;2.398091;1.345081;37;58.730159
OVERALL;72;02,16,20,29,34,43,44,55,70,79,84,87,90;44;12;VALIDATION;63;567;54;6.360424;36;6.349206;-0.011218;0.998236;27;42.857143
OVERALL;72;02,16,20,29,34,43,44,55,70,79,84,87,90;55;6;VALIDATION;63;567;61;7.184923;31;5.467372;-1.717551;0.760951;27;42.857143
OVERALL;72;02,16,20,29,34,43,44,55,70,79,84,87,90;70;13;VALIDATION;63;567;43;5.064782;23;4.056437;-1.008345;0.800911;21;33.333333
OVERALL;72;02,16,20,29,34,43,44,55,70,79,84,87,90;79;8;VALIDATION;63;567;67;7.891637;58;10.229277;2.33764;1.296217;44;69.84127
OVERALL;72;02,16,20,29,34,43,44,55,70,79,84,87,90;84;4;VALIDATION;63;567;51;6.007067;37;6.525573;0.518506;1.086316;26;41.269841
OVERALL;72;02,16,20,29,34,43,44,55,70,79,84,87,90;87;3;VALIDATION;63;567;58;6.831567;36;6.349206;-0.48236;0.929392;30;47.619048
OVERALL;72;02,16,20,29,34,43,44,55,70,79,84,87,90;90;10;VALIDATION;63;567;51;6.007067;37;6.525573;0.518506;1.086316;31;49.206349
OVERALL;72;02,16,20,29,34,43,44,55,70,79,84,87,90;2;9;TEST;59;531;58;6.831567;47;8.851224;2.019658;1.295636;33;55.932203
OVERALL;72;02,16,20,29,34,43,44,55,70,79,84,87,90;16;1;TEST;59;531;50;5.889282;31;5.838041;-0.05124;0.991299;29;49.152542
OVERALL;72;02,16,20,29,34,43,44,55,70,79,84,87,90;20;11;TEST;59;531;63;7.420495;35;6.591337;-0.829158;0.888261;31;52.542373
OVERALL;72;02,16,20,29,34,43,44,55,70,79,84,87,90;29;2;TEST;59;531;52;6.124853;42;7.909605;1.784752;1.291395;32;54.237288
OVERALL;72;02,16,20,29,34,43,44,55,70,79,84,87,90;34;5;TEST;59;531;61;7.184923;39;7.344633;0.159709;1.022228;31;52.542373
OVERALL;72;02,16,20,29,34,43,44,55,70,79,84,87,90;43;7;TEST;59;531;65;7.656066;29;5.461394;-2.194672;0.713342;22;37.288136
OVERALL;72;02,16,20,29,34,43,44,55,70,79,84,87,90;44;12;TEST;59;531;53;6.242638;36;6.779661;0.537023;1.086025;25;42.372881
OVERALL;72;02,16,20,29,34,43,44,55,70,79,84,87,90;55;6;TEST;59;531;60;7.067138;36;6.779661;-0.287477;0.959322;31;52.542373
OVERALL;72;02,16,20,29,34,43,44,55,70,79,84,87,90;70;13;TEST;59;531;40;4.711425;21;3.954802;-0.756623;0.839407;19;32.20339
OVERALL;72;02,16,20,29,34,43,44,55,70,79,84,87,90;79;8;TEST;59;531;62;7.302709;41;7.721281;0.418572;1.057317;31;52.542373
OVERALL;72;02,16,20,29,34,43,44,55,70,79,84,87,90;84;4;TEST;59;531;52;6.124853;31;5.838041;-0.286811;0.953173;25;42.372881
OVERALL;72;02,16,20,29,34,43,44,55,70,79,84,87,90;87;3;TEST;59;531;47;5.535925;33;6.214689;0.678765;1.122611;24;40.677966
OVERALL;72;02,16,20,29,34,43,44,55,70,79,84,87,90;90;10;TEST;59;531;53;6.242638;35;6.591337;0.348699;1.055858;27;45.762712
OVERALL;73;05,10,13,16,24,36,39,43,52,64,68,76,81;5;8;DISCOVERY;155;1395;151;5.933202;95;6.810036;0.876833;1.147784;71;45.806452
OVERALL;73;05,10,13,16,24,36,39,43,52,64,68,76,81;10;5;DISCOVERY;155;1395;160;6.286837;105;7.526882;1.240045;1.197245;67;43.225806
OVERALL;73;05,10,13,16,24,36,39,43,52,64,68,76,81;13;6;DISCOVERY;155;1395;160;6.286837;103;7.383513;1.096676;1.17444;79;50.967742
OVERALL;73;05,10,13,16,24,36,39,43,52,64,68,76,81;16;4;DISCOVERY;155;1395;160;6.286837;106;7.598566;1.311729;1.208647;77;49.677419
OVERALL;73;05,10,13,16,24,36,39,43,52,64,68,76,81;24;7;DISCOVERY;155;1395;158;6.208251;100;7.168459;0.960207;1.154666;79;50.967742
OVERALL;73;05,10,13,16,24,36,39,43,52,64,68,76,81;36;13;DISCOVERY;155;1395;156;6.129666;96;6.88172;0.752054;1.122691;75;48.387097
OVERALL;73;05,10,13,16,24,36,39,43,52,64,68,76,81;39;9;DISCOVERY;155;1395;178;6.994106;109;7.81362;0.819514;1.117172;88;56.774194
OVERALL;73;05,10,13,16,24,36,39,43,52,64,68,76,81;43;12;DISCOVERY;155;1395;172;6.75835;105;7.526882;0.768532;1.113716;80;51.612903
OVERALL;73;05,10,13,16,24,36,39,43,52,64,68,76,81;52;3;DISCOVERY;155;1395;175;6.876228;115;8.243728;1.3675;1.198874;84;54.193548
OVERALL;73;05,10,13,16,24,36,39,43,52,64,68,76,81;64;10;DISCOVERY;155;1395;160;6.286837;99;7.096774;0.809937;1.128831;83;53.548387
OVERALL;73;05,10,13,16,24,36,39,43,52,64,68,76,81;68;2;DISCOVERY;155;1395;171;6.719057;115;8.243728;1.524671;1.226917;85;54.83871
OVERALL;73;05,10,13,16,24,36,39,43,52,64,68,76,81;76;11;DISCOVERY;155;1395;161;6.32613;99;7.096774;0.770645;1.121819;76;49.032258
OVERALL;73;05,10,13,16,24,36,39,43,52,64,68,76,81;81;1;DISCOVERY;155;1395;189;7.426326;125;8.960573;1.534247;1.206596;89;57.419355
OVERALL;73;05,10,13,16,24,36,39,43,52,64,68,76,81;5;8;VALIDATION;56;504;50;5.889282;31;6.150794;0.261512;1.044405;23;41.071429
OVERALL;73;05,10,13,16,24,36,39,43,52,64,68,76,81;10;5;VALIDATION;56;504;57;6.713781;42;8.333333;1.619552;1.241228;34;60.714286
OVERALL;73;05,10,13,16,24,36,39,43,52,64,68,76,81;13;6;VALIDATION;56;504;47;5.535925;32;6.349206;0.813282;1.14691;22;39.285714
OVERALL;73;05,10,13,16,24,36,39,43,52,64,68,76,81;16;4;VALIDATION;56;504;67;7.891637;37;7.34127;-0.550367;0.930259;29;51.785714
OVERALL;73;05,10,13,16,24,36,39,43,52,64,68,76,81;24;7;VALIDATION;56;504;50;5.889282;32;6.349206;0.459925;1.078095;23;41.071429
OVERALL;73;05,10,13,16,24,36,39,43,52,64,68,76,81;36;13;VALIDATION;56;504;50;5.889282;24;4.761905;-1.127377;0.808571;19;33.928571
OVERALL;73;05,10,13,16,24,36,39,43,52,64,68,76,81;39;9;VALIDATION;56;504;57;6.713781;35;6.944444;0.230664;1.034357;27;48.214286
OVERALL;73;05,10,13,16,24,36,39,43,52,64,68,76,81;43;12;VALIDATION;56;504;59;6.949352;41;8.134921;1.185568;1.170601;25;44.642857
OVERALL;73;05,10,13,16,24,36,39,43,52,64,68,76,81;52;3;VALIDATION;56;504;64;7.53828;32;6.349206;-1.189074;0.842262;26;46.428571
OVERALL;73;05,10,13,16,24,36,39,43,52,64,68,76,81;64;10;VALIDATION;56;504;51;6.007067;31;6.150794;0.143727;1.023926;27;48.214286
OVERALL;73;05,10,13,16,24,36,39,43,52,64,68,76,81;68;2;VALIDATION;56;504;71;8.36278;51;10.119048;1.756268;1.21001;39;69.642857
OVERALL;73;05,10,13,16,24,36,39,43,52,64,68,76,81;76;11;VALIDATION;56;504;65;7.656066;32;6.349206;-1.30686;0.829304;26;46.428571
OVERALL;73;05,10,13,16,24,36,39,43,52,64,68,76,81;81;1;VALIDATION;56;504;60;7.067138;34;6.746032;-0.321106;0.954563;30;53.571429
OVERALL;73;05,10,13,16,24,36,39,43,52,64,68,76,81;5;8;TEST;68;612;64;7.53828;52;8.496732;0.958452;1.127145;39;57.352941
OVERALL;73;05,10,13,16,24,36,39,43,52,64,68,76,81;10;5;TEST;68;612;58;6.831567;36;5.882353;-0.949214;0.861055;27;39.705882
OVERALL;73;05,10,13,16,24,36,39,43,52,64,68,76,81;13;6;TEST;68;612;57;6.713781;30;4.901961;-1.81182;0.730134;26;38.235294
OVERALL;73;05,10,13,16,24,36,39,43,52,64,68,76,81;16;4;TEST;68;612;50;5.889282;37;6.045752;0.15647;1.026569;29;42.647059
OVERALL;73;05,10,13,16,24,36,39,43,52,64,68,76,81;24;7;TEST;68;612;48;5.65371;34;5.555556;-0.098155;0.982639;30;44.117647
OVERALL;73;05,10,13,16,24,36,39,43,52,64,68,76,81;36;13;TEST;68;612;44;5.182568;43;7.026144;1.843576;1.355726;32;47.058824
OVERALL;73;05,10,13,16,24,36,39,43,52,64,68,76,81;39;9;TEST;68;612;61;7.184923;36;5.882353;-1.30257;0.818708;27;39.705882
OVERALL;73;05,10,13,16,24,36,39,43,52,64,68,76,81;43;12;TEST;68;612;65;7.656066;57;9.313725;1.65766;1.216516;40;58.823529
OVERALL;73;05,10,13,16,24,36,39,43,52,64,68,76,81;52;3;TEST;68;612;66;7.773852;48;7.843137;0.069286;1.008913;32;47.058824
OVERALL;73;05,10,13,16,24,36,39,43,52,64,68,76,81;64;10;TEST;68;612;57;6.713781;41;6.699346;-0.014435;0.99785;31;45.588235
OVERALL;73;05,10,13,16,24,36,39,43,52,64,68,76,81;68;2;TEST;68;612;64;7.53828;46;7.51634;-0.02194;0.997089;32;47.058824
OVERALL;73;05,10,13,16,24,36,39,43,52,64,68,76,81;76;11;TEST;68;612;49;5.771496;37;6.045752;0.274256;1.047519;27;39.705882
OVERALL;73;05,10,13,16,24,36,39,43,52,64,68,76,81;81;1;TEST;68;612;61;7.184923;40;6.535948;-0.648976;0.909675;33;48.529412
OVERALL;74;02,03,08,18,28,34,38,49,52,54,62,67,76;2;4;DISCOVERY;174;1566;156;6.129666;111;7.088123;0.958457;1.156364;77;44.252874
OVERALL;74;02,03,08,18,28,34,38,49,52,54,62,67,76;3;6;DISCOVERY;174;1566;168;6.601179;118;7.535121;0.933943;1.141481;81;46.551724
OVERALL;74;02,03,08,18,28,34,38,49,52,54,62,67,76;8;10;DISCOVERY;174;1566;179;7.033399;122;7.790549;0.75715;1.107651;91;52.298851
OVERALL;74;02,03,08,18,28,34,38,49,52,54,62,67,76;18;11;DISCOVERY;174;1566;151;5.933202;102;6.51341;0.580208;1.09779;71;40.804598
OVERALL;74;02,03,08,18,28,34,38,49,52,54,62,67,76;28;9;DISCOVERY;174;1566;150;5.89391;105;6.704981;0.811071;1.137612;80;45.977011
OVERALL;74;02,03,08,18,28,34,38,49,52,54,62,67,76;34;3;DISCOVERY;174;1566;163;6.404715;116;7.407407;1.002692;1.156555;84;48.275862
OVERALL;74;02,03,08,18,28,34,38,49,52,54,62,67,76;38;5;DISCOVERY;174;1566;176;6.915521;123;7.854406;0.938886;1.135765;90;51.724138
OVERALL;74;02,03,08,18,28,34,38,49,52,54,62,67,76;49;1;DISCOVERY;174;1566;188;7.387033;140;8.939974;1.552941;1.210225;106;60.91954
OVERALL;74;02,03,08,18,28,34,38,49,52,54,62,67,76;52;7;DISCOVERY;174;1566;175;6.876228;122;7.790549;0.914321;1.132968;88;50.574713
OVERALL;74;02,03,08,18,28,34,38,49,52,54,62,67,76;54;8;DISCOVERY;174;1566;180;7.072692;125;7.98212;0.909428;1.128583;93;53.448276
OVERALL;74;02,03,08,18,28,34,38,49,52,54,62,67,76;62;12;DISCOVERY;174;1566;187;7.347741;124;7.918263;0.570522;1.077646;91;52.298851
OVERALL;74;02,03,08,18,28,34,38,49,52,54,62,67,76;67;2;DISCOVERY;174;1566;164;6.444008;119;7.598978;1.15497;1.179232;91;52.298851
OVERALL;74;02,03,08,18,28,34,38,49,52,54,62,67,76;76;13;DISCOVERY;174;1566;161;6.32613;107;6.832695;0.506565;1.080075;92;52.873563
OVERALL;74;02,03,08,18,28,34,38,49,52,54,62,67,76;2;4;VALIDATION;53;477;48;5.65371;26;5.450734;-0.202976;0.964099;22;41.509434
OVERALL;74;02,03,08,18,28,34,38,49,52,54,62,67,76;3;6;VALIDATION;53;477;50;5.889282;35;7.337526;1.448245;1.245912;23;43.396226
OVERALL;74;02,03,08,18,28,34,38,49,52,54,62,67,76;8;10;VALIDATION;53;477;46;5.418139;35;7.337526;1.919387;1.354252;26;49.056604
OVERALL;74;02,03,08,18,28,34,38,49,52,54,62,67,76;18;11;VALIDATION;53;477;45;5.300353;23;4.821803;-0.47855;0.909713;17;32.075472
OVERALL;74;02,03,08,18,28,34,38,49,52,54,62,67,76;28;9;VALIDATION;53;477;58;6.831567;31;6.498952;-0.332615;0.951312;27;50.943396
OVERALL;74;02,03,08,18,28,34,38,49,52,54,62,67,76;34;3;VALIDATION;53;477;50;5.889282;29;6.079665;0.190383;1.032327;28;52.830189
OVERALL;74;02,03,08,18,28,34,38,49,52,54,62,67,76;38;5;VALIDATION;53;477;61;7.184923;29;6.079665;-1.105259;0.84617;22;41.509434
OVERALL;74;02,03,08,18,28,34,38,49,52,54,62,67,76;49;1;VALIDATION;53;477;61;7.184923;33;6.918239;-0.266684;0.962883;27;50.943396
OVERALL;74;02,03,08,18,28,34,38,49,52,54,62,67,76;52;7;VALIDATION;53;477;64;7.53828;31;6.498952;-1.039329;0.862127;21;39.622642
OVERALL;74;02,03,08,18,28,34,38,49,52,54,62,67,76;54;8;VALIDATION;53;477;47;5.535925;20;4.192872;-1.343052;0.757393;19;35.849057
OVERALL;74;02,03,08,18,28,34,38,49,52,54,62,67,76;62;12;VALIDATION;53;477;52;6.124853;35;7.337526;1.212673;1.197992;31;58.490566
OVERALL;74;02,03,08,18,28,34,38,49,52,54,62,67,76;67;2;VALIDATION;53;477;53;6.242638;34;7.127883;0.885244;1.141806;29;54.716981
OVERALL;74;02,03,08,18,28,34,38,49,52,54,62,67,76;76;13;VALIDATION;53;477;65;7.656066;42;8.805031;1.148965;1.150073;27;50.943396
OVERALL;74;02,03,08,18,28,34,38,49,52,54,62,67,76;2;4;TEST;52;468;58;6.831567;29;6.196581;-0.634985;0.907051;21;40.384615
OVERALL;74;02,03,08,18,28,34,38,49,52,54,62,67,76;3;6;TEST;52;468;54;6.360424;26;5.555556;-0.804868;0.873457;21;40.384615
OVERALL;74;02,03,08,18,28,34,38,49,52,54,62,67,76;8;10;TEST;52;468;59;6.949352;34;7.264957;0.315605;1.045415;26;50.0
OVERALL;74;02,03,08,18,28,34,38,49,52,54,62,67,76;18;11;TEST;52;468;60;7.067138;29;6.196581;-0.870557;0.876816;19;36.538462
OVERALL;74;02,03,08,18,28,34,38,49,52,54,62,67,76;28;9;TEST;52;468;65;7.656066;36;7.692308;0.036242;1.004734;27;51.923077
OVERALL;74;02,03,08,18,28,34,38,49,52,54,62,67,76;34;3;TEST;52;468;61;7.184923;28;5.982906;-1.202017;0.832703;22;42.307692
OVERALL;74;02,03,08,18,28,34,38,49,52,54,62,67,76;38;5;TEST;52;468;51;6.007067;35;7.478632;1.471565;1.244972;27;51.923077
OVERALL;74;02,03,08,18,28,34,38,49,52,54,62,67,76;49;1;TEST;52;468;64;7.53828;28;5.982906;-1.555374;0.79367;25;48.076923
OVERALL;74;02,03,08,18,28,34,38,49,52,54,62,67,76;52;7;TEST;52;468;66;7.773852;34;7.264957;-0.508894;0.934538;26;50.0
OVERALL;74;02,03,08,18,28,34,38,49,52,54,62,67,76;54;8;TEST;52;468;59;6.949352;29;6.196581;-0.752771;0.891678;23;44.230769
OVERALL;74;02,03,08,18,28,34,38,49,52,54,62,67,76;62;12;TEST;52;468;58;6.831567;19;4.059829;-2.771737;0.594275;17;32.692308
OVERALL;74;02,03,08,18,28,34,38,49,52,54,62,67,76;67;2;TEST;52;468;46;5.418139;33;7.051282;1.633143;1.301421;23;44.230769
OVERALL;74;02,03,08,18,28,34,38,49,52,54,62,67,76;76;13;TEST;52;468;49;5.771496;27;5.769231;-0.002265;0.999608;19;36.538462
OVERALL;75;01,20,21,31,39,46,54,66,69,71,74,76,83;1;4;DISCOVERY;181;1629;195;7.662083;145;8.901166;1.239084;1.161716;99;54.696133
OVERALL;75;01,20,21,31,39,46,54,66,69,71,74,76,83;20;2;DISCOVERY;181;1629;165;6.483301;129;7.918969;1.435668;1.221441;93;51.381215
OVERALL;75;01,20,21,31,39,46,54,66,69,71,74,76,83;21;12;DISCOVERY;181;1629;165;6.483301;117;7.18232;0.69902;1.107819;83;45.856354
OVERALL;75;01,20,21,31,39,46,54,66,69,71,74,76,83;31;10;DISCOVERY;181;1629;161;6.32613;115;7.059546;0.733416;1.115934;82;45.303867
OVERALL;75;01,20,21,31,39,46,54,66,69,71,74,76,83;39;13;DISCOVERY;181;1629;178;6.994106;125;7.673419;0.679313;1.097127;90;49.723757
OVERALL;75;01,20,21,31,39,46,54,66,69,71,74,76,83;46;9;DISCOVERY;181;1629;154;6.051081;111;6.813996;0.762916;1.126079;80;44.198895
OVERALL;75;01,20,21,31,39,46,54,66,69,71,74,76,83;54;1;DISCOVERY;181;1629;180;7.072692;147;9.023941;1.95125;1.275885;106;58.563536
OVERALL;75;01,20,21,31,39,46,54,66,69,71,74,76,83;66;3;DISCOVERY;181;1629;173;6.797642;131;8.041743;1.244101;1.183019;97;53.59116
OVERALL;75;01,20,21,31,39,46,54,66,69,71,74,76,83;69;7;DISCOVERY;181;1629;162;6.365422;121;7.42787;1.062447;1.166909;88;48.618785
OVERALL;75;01,20,21,31,39,46,54,66,69,71,74,76,83;71;8;DISCOVERY;181;1629;174;6.836935;124;7.612032;0.775097;1.113369;92;50.828729
OVERALL;75;01,20,21,31,39,46,54,66,69,71,74,76,83;74;6;DISCOVERY;181;1629;174;6.836935;129;7.918969;1.082034;1.158263;97;53.59116
OVERALL;75;01,20,21,31,39,46,54,66,69,71,74,76,83;76;11;DISCOVERY;181;1629;161;6.32613;115;7.059546;0.733416;1.115934;87;48.066298
OVERALL;75;01,20,21,31,39,46,54,66,69,71,74,76,83;83;5;DISCOVERY;181;1629;187;7.347741;139;8.532842;1.185102;1.161288;105;58.01105
OVERALL;75;01,20,21,31,39,46,54,66,69,71,74,76,83;1;4;VALIDATION;61;549;51;6.007067;25;4.553734;-1.453333;0.758063;22;36.065574
OVERALL;75;01,20,21,31,39,46,54,66,69,71,74,76,83;20;2;VALIDATION;61;549;52;6.124853;40;7.285974;1.161122;1.189575;31;50.819672
OVERALL;75;01,20,21,31,39,46,54,66,69,71,74,76,83;21;12;VALIDATION;61;549;64;7.53828;41;7.468124;-0.070156;0.990693;32;52.459016
OVERALL;75;01,20,21,31,39,46,54,66,69,71,74,76,83;31;10;VALIDATION;61;549;51;6.007067;34;6.193078;0.186011;1.030965;28;45.901639
OVERALL;75;01,20,21,31,39,46,54,66,69,71,74,76,83;39;13;VALIDATION;61;549;57;6.713781;28;5.100182;-1.613599;0.759659;20;32.786885
OVERALL;75;01,20,21,31,39,46,54,66,69,71,74,76,83;46;9;VALIDATION;61;549;55;6.47821;44;8.014572;1.536362;1.237158;32;52.459016
OVERALL;75;01,20,21,31,39,46,54,66,69,71,74,76,83;54;1;VALIDATION;61;549;47;5.535925;32;5.82878;0.292855;1.052901;28;45.901639
OVERALL;75;01,20,21,31,39,46,54,66,69,71,74,76,83;66;3;VALIDATION;61;549;67;7.891637;39;7.103825;-0.787812;0.900171;32;52.459016
OVERALL;75;01,20,21,31,39,46,54,66,69,71,74,76,83;69;7;VALIDATION;61;549;54;6.360424;32;5.82878;-0.531644;0.916414;27;44.262295
OVERALL;75;01,20,21,31,39,46,54,66,69,71,74,76,83;71;8;VALIDATION;61;549;48;5.65371;28;5.100182;-0.553528;0.902095;26;42.622951
OVERALL;75;01,20,21,31,39,46,54,66,69,71,74,76,83;74;6;VALIDATION;61;549;55;6.47821;24;4.371585;-2.106625;0.674814;18;29.508197
OVERALL;75;01,20,21,31,39,46,54,66,69,71,74,76,83;76;11;VALIDATION;61;549;65;7.656066;31;5.64663;-2.009436;0.737537;23;37.704918
OVERALL;75;01,20,21,31,39,46,54,66,69,71,74,76,83;83;5;VALIDATION;61;549;59;6.949352;33;6.010929;-0.938423;0.864962;29;47.540984
OVERALL;75;01,20,21,31,39,46,54,66,69,71,74,76,83;1;4;TEST;50;450;54;6.360424;27;6.0;-0.360424;0.943333;19;38.0
OVERALL;75;01,20,21,31,39,46,54,66,69,71,74,76,83;20;2;TEST;50;450;63;7.420495;45;10.0;2.579505;1.347619;34;68.0
OVERALL;75;01,20,21,31,39,46,54,66,69,71,74,76,83;21;12;TEST;50;450;56;6.595995;21;4.666667;-1.929329;0.7075;17;34.0
OVERALL;75;01,20,21,31,39,46,54,66,69,71,74,76,83;31;10;TEST;50;450;59;6.949352;28;6.222222;-0.72713;0.895367;21;42.0
OVERALL;75;01,20,21,31,39,46,54,66,69,71,74,76,83;39;13;TEST;50;450;61;7.184923;27;6.0;-1.184923;0.835082;20;40.0
OVERALL;75;01,20,21,31,39,46,54,66,69,71,74,76,83;46;9;TEST;50;450;58;6.831567;29;6.444444;-0.387122;0.943333;25;50.0
OVERALL;75;01,20,21,31,39,46,54,66,69,71,74,76,83;54;1;TEST;50;450;59;6.949352;34;7.555556;0.606203;1.087232;24;48.0
OVERALL;75;01,20,21,31,39,46,54,66,69,71,74,76,83;66;3;TEST;50;450;57;6.713781;35;7.777778;1.063997;1.15848;26;52.0
OVERALL;75;01,20,21,31,39,46,54,66,69,71,74,76,83;69;7;TEST;50;450;58;6.831567;37;8.222222;1.390656;1.203563;30;60.0
OVERALL;75;01,20,21,31,39,46,54,66,69,71,74,76,83;71;8;TEST;50;450;63;7.420495;30;6.666667;-0.753828;0.898413;22;44.0
OVERALL;75;01,20,21,31,39,46,54,66,69,71,74,76,83;74;6;TEST;50;450;54;6.360424;31;6.888889;0.528465;1.083086;24;48.0
OVERALL;75;01,20,21,31,39,46,54,66,69,71,74,76,83;76;11;TEST;50;450;49;5.771496;30;6.666667;0.895171;1.155102;21;42.0
OVERALL;75;01,20,21,31,39,46,54,66,69,71,74,76,83;83;5;TEST;50;450;65;7.656066;39;8.666667;1.010601;1.132;27;54.0
OVERALL;76;06,12,15,27,28,37,39,40,42,43,57,82,89;6;4;DISCOVERY;160;1440;182;7.151277;123;8.541667;1.39039;1.194425;86;53.75
OVERALL;76;06,12,15,27,28,37,39,40,42,43,57,82,89;12;5;DISCOVERY;160;1440;173;6.797642;116;8.055556;1.257913;1.185051;84;52.5
OVERALL;76;06,12,15,27,28,37,39,40,42,43,57,82,89;15;12;DISCOVERY;160;1440;159;6.247544;102;7.083333;0.835789;1.133779;84;52.5
OVERALL;76;06,12,15,27,28,37,39,40,42,43,57,82,89;27;8;DISCOVERY;160;1440;156;6.129666;103;7.152778;1.023112;1.166912;75;46.875
OVERALL;76;06,12,15,27,28,37,39,40,42,43,57,82,89;28;7;DISCOVERY;160;1440;150;5.89391;100;6.944444;1.050535;1.178241;74;46.25
OVERALL;76;06,12,15,27,28,37,39,40,42,43,57,82,89;37;10;DISCOVERY;160;1440;163;6.404715;105;7.291667;0.886952;1.138484;79;49.375
OVERALL;76;06,12,15,27,28,37,39,40,42,43,57,82,89;39;11;DISCOVERY;160;1440;178;6.994106;113;7.847222;0.853116;1.121976;85;53.125
OVERALL;76;06,12,15,27,28,37,39,40,42,43,57,82,89;40;13;DISCOVERY;160;1440;166;6.522593;105;7.291667;0.769073;1.117909;86;53.75
OVERALL;76;06,12,15,27,28,37,39,40,42,43,57,82,89;42;2;DISCOVERY;160;1440;163;6.404715;115;7.986111;1.581396;1.246911;81;50.625
OVERALL;76;06,12,15,27,28,37,39,40,42,43,57,82,89;43;6;DISCOVERY;160;1440;172;6.75835;114;7.916667;1.158317;1.171391;87;54.375
OVERALL;76;06,12,15,27,28,37,39,40,42,43,57,82,89;57;1;DISCOVERY;160;1440;170;6.679764;124;8.611111;1.931347;1.289134;93;58.125
OVERALL;76;06,12,15,27,28,37,39,40,42,43,57,82,89;82;3;DISCOVERY;160;1440;188;7.387033;128;8.888889;1.501855;1.20331;91;56.875
OVERALL;76;06,12,15,27,28,37,39,40,42,43,57,82,89;89;9;DISCOVERY;160;1440;165;6.483301;107;7.430556;0.947255;1.146107;77;48.125
OVERALL;76;06,12,15,27,28,37,39,40,42,43,57,82,89;6;4;VALIDATION;65;585;70;8.244994;54;9.230769;0.985775;1.11956;36;55.384615
OVERALL;76;06,12,15,27,28,37,39,40,42,43,57,82,89;12;5;VALIDATION;65;585;49;5.771496;35;5.982906;0.21141;1.03663;30;46.153846
OVERALL;76;06,12,15,27,28,37,39,40,42,43,57,82,89;15;12;VALIDATION;65;585;73;8.598351;48;8.205128;-0.393223;0.954268;40;61.538462
OVERALL;76;06,12,15,27,28,37,39,40,42,43,57,82,89;27;8;VALIDATION;65;585;53;6.242638;24;4.102564;-2.140074;0.657184;19;29.230769
OVERALL;76;06,12,15,27,28,37,39,40,42,43,57,82,89;28;7;VALIDATION;65;585;58;6.831567;26;4.444444;-2.387122;0.650575;25;38.461538
OVERALL;76;06,12,15,27,28,37,39,40,42,43,57,82,89;37;10;VALIDATION;65;585;71;8.36278;49;8.376068;0.013289;1.001589;33;50.769231
OVERALL;76;06,12,15,27,28,37,39,40,42,43,57,82,89;39;11;VALIDATION;65;585;57;6.713781;40;6.837607;0.123826;1.018444;34;52.307692
OVERALL;76;06,12,15,27,28,37,39,40,42,43,57,82,89;40;13;VALIDATION;65;585;61;7.184923;40;6.837607;-0.347317;0.95166;35;53.846154
OVERALL;76;06,12,15,27,28,37,39,40,42,43,57,82,89;42;2;VALIDATION;65;585;52;6.124853;43;7.350427;1.225575;1.200099;31;47.692308
OVERALL;76;06,12,15,27,28,37,39,40,42,43,57,82,89;43;6;VALIDATION;65;585;59;6.949352;32;5.470085;-1.479267;0.787136;24;36.923077
OVERALL;76;06,12,15,27,28,37,39,40,42,43,57,82,89;57;1;VALIDATION;65;585;52;6.124853;45;7.692308;1.567455;1.255917;39;60.0
OVERALL;76;06,12,15,27,28,37,39,40,42,43,57,82,89;82;3;VALIDATION;65;585;60;7.067138;37;6.324786;-0.742351;0.894957;23;35.384615
OVERALL;76;06,12,15,27,28,37,39,40,42,43,57,82,89;89;9;VALIDATION;65;585;61;7.184923;48;8.205128;1.020205;1.141992;38;58.461538
OVERALL;76;06,12,15,27,28,37,39,40,42,43,57,82,89;6;4;TEST;47;423;67;7.891637;32;7.565012;-0.326625;0.958611;25;53.191489
OVERALL;76;06,12,15,27,28,37,39,40,42,43,57,82,89;12;5;TEST;47;423;40;4.711425;20;4.728132;0.016707;1.003546;15;31.914894
OVERALL;76;06,12,15,27,28,37,39,40,42,43,57,82,89;15;12;TEST;47;423;46;5.418139;25;5.910165;0.492026;1.090811;20;42.553191
OVERALL;76;06,12,15,27,28,37,39,40,42,43,57,82,89;27;8;TEST;47;423;53;6.242638;22;5.200946;-1.041693;0.833133;19;40.425532
OVERALL;76;06,12,15,27,28,37,39,40,42,43,57,82,89;28;7;TEST;47;423;65;7.656066;29;6.855792;-0.800274;0.895472;25;53.191489
OVERALL;76;06,12,15,27,28,37,39,40,42,43,57,82,89;37;10;TEST;47;423;49;5.771496;29;6.855792;1.084296;1.187871;23;48.93617
OVERALL;76;06,12,15,27,28,37,39,40,42,43,57,82,89;39;11;TEST;47;423;61;7.184923;30;7.092199;-0.092725;0.987095;22;46.808511
OVERALL;76;06,12,15,27,28,37,39,40,42,43,57,82,89;40;13;TEST;47;423;65;7.656066;32;7.565012;-0.091054;0.988107;25;53.191489
OVERALL;76;06,12,15,27,28,37,39,40,42,43,57,82,89;42;2;TEST;47;423;72;8.480565;36;8.510638;0.030073;1.003546;25;53.191489
OVERALL;76;06,12,15,27,28,37,39,40,42,43,57,82,89;43;6;TEST;47;423;65;7.656066;29;6.855792;-0.800274;0.895472;21;44.680851
OVERALL;76;06,12,15,27,28,37,39,40,42,43,57,82,89;57;1;TEST;47;423;51;6.007067;12;2.836879;-3.170188;0.472257;10;21.276596
OVERALL;76;06,12,15,27,28,37,39,40,42,43,57,82,89;82;3;TEST;47;423;54;6.360424;25;5.910165;-0.450259;0.929209;24;51.06383
OVERALL;76;06,12,15,27,28,37,39,40,42,43,57,82,89;89;9;TEST;47;423;52;6.124853;22;5.200946;-0.923907;0.849154;18;38.297872
OVERALL;77;01,11,19,36,39,44,53,55,56,63,84,87,90;1;9;DISCOVERY;189;1701;195;7.662083;144;8.465608;0.803526;1.10487;111;58.730159
OVERALL;77;01,11,19,36,39,44,53,55,56,63,84,87,90;11;8;DISCOVERY;189;1701;171;6.719057;128;7.524985;0.805928;1.119947;97;51.322751
OVERALL;77;01,11,19,36,39,44,53,55,56,63,84,87,90;19;6;DISCOVERY;189;1701;182;7.151277;137;8.054086;0.902809;1.126244;103;54.497354
OVERALL;77;01,11,19,36,39,44,53,55,56,63,84,87,90;36;12;DISCOVERY;189;1701;156;6.129666;116;6.819518;0.689852;1.112543;93;49.206349
OVERALL;77;01,11,19,36,39,44,53,55,56,63,84,87,90;39;10;DISCOVERY;189;1701;178;6.994106;132;7.760141;0.766035;1.109526;95;50.26455
OVERALL;77;01,11,19,36,39,44,53,55,56,63,84,87,90;44;4;DISCOVERY;189;1701;156;6.129666;120;7.054674;0.925008;1.150907;94;49.73545
OVERALL;77;01,11,19,36,39,44,53,55,56,63,84,87,90;53;2;DISCOVERY;189;1701;157;6.168959;122;7.172252;1.003293;1.162636;88;46.560847
OVERALL;77;01,11,19,36,39,44,53,55,56,63,84,87,90;55;13;DISCOVERY;189;1701;191;7.504912;137;8.054086;0.549174;1.073175;100;52.910053
OVERALL;77;01,11,19,36,39,44,53,55,56,63,84,87,90;56;1;DISCOVERY;189;1701;184;7.229862;154;9.053498;1.823635;1.252237;107;56.613757
OVERALL;77;01,11,19,36,39,44,53,55,56,63,84,87,90;63;11;DISCOVERY;189;1701;182;7.151277;134;7.877719;0.726442;1.101582;104;55.026455
OVERALL;77;01,11,19,36,39,44,53,55,56,63,84,87,90;84;3;DISCOVERY;189;1701;175;6.876228;134;7.877719;1.001491;1.145645;103;54.497354
OVERALL;77;01,11,19,36,39,44,53,55,56,63,84,87,90;87;5;DISCOVERY;189;1701;186;7.308448;140;8.230453;0.922005;1.126156;100;52.910053
OVERALL;77;01,11,19,36,39,44,53,55,56,63,84,87,90;90;7;DISCOVERY;189;1701;197;7.740668;147;8.641975;0.901307;1.116438;106;56.084656
OVERALL;77;01,11,19,36,39,44,53,55,56,63,84,87,90;1;9;VALIDATION;67;603;51;6.007067;38;6.301824;0.294757;1.049068;32;47.761194
OVERALL;77;01,11,19,36,39,44,53,55,56,63,84,87,90;11;8;VALIDATION;67;603;56;6.595995;42;6.965174;0.369179;1.05597;29;43.283582
OVERALL;77;01,11,19,36,39,44,53,55,56,63,84,87,90;19;6;VALIDATION;67;603;60;7.067138;41;6.799337;-0.267801;0.962106;32;47.761194
OVERALL;77;01,11,19,36,39,44,53,55,56,63,84,87,90;36;12;VALIDATION;67;603;50;5.889282;36;5.970149;0.080868;1.013731;29;43.283582
OVERALL;77;01,11,19,36,39,44,53,55,56,63,84,87,90;39;10;VALIDATION;67;603;57;6.713781;39;6.467662;-0.246119;0.963341;31;46.268657
OVERALL;77;01,11,19,36,39,44,53,55,56,63,84,87,90;44;4;VALIDATION;67;603;54;6.360424;37;6.135987;-0.224437;0.964713;28;41.791045
OVERALL;77;01,11,19,36,39,44,53,55,56,63,84,87,90;53;2;VALIDATION;67;603;44;5.182568;33;5.472637;0.290069;1.05597;26;38.80597
OVERALL;77;01,11,19,36,39,44,53,55,56,63,84,87,90;55;13;VALIDATION;67;603;61;7.184923;42;6.965174;-0.219749;0.969415;35;52.238806
OVERALL;77;01,11,19,36,39,44,53,55,56,63,84,87,90;56;1;VALIDATION;67;603;50;5.889282;48;7.960199;2.070917;1.351642;37;55.223881
OVERALL;77;01,11,19,36,39,44,53,55,56,63,84,87,90;63;11;VALIDATION;67;603;52;6.124853;31;5.140962;-0.983891;0.839361;27;40.298507
OVERALL;77;01,11,19,36,39,44,53,55,56,63,84,87,90;84;3;VALIDATION;67;603;51;6.007067;32;5.306799;-0.700268;0.883426;24;35.820896
OVERALL;77;01,11,19,36,39,44,53,55,56,63,84,87,90;87;5;VALIDATION;67;603;58;6.831567;38;6.301824;-0.529742;0.922457;29;43.283582
OVERALL;77;01,11,19,36,39,44,53,55,56,63,84,87,90;90;7;VALIDATION;67;603;51;6.007067;37;6.135987;0.12892;1.021461;30;44.776119
OVERALL;77;01,11,19,36,39,44,53,55,56,63,84,87,90;1;9;TEST;47;423;54;6.360424;21;4.964539;-1.395885;0.780536;17;36.170213
OVERALL;77;01,11,19,36,39,44,53,55,56,63,84,87,90;11;8;TEST;47;423;55;6.47821;28;6.619385;0.141176;1.021792;20;42.553191
OVERALL;77;01,11,19,36,39,44,53,55,56,63,84,87,90;19;6;TEST;47;423;57;6.713781;25;5.910165;-0.803615;0.880304;21;44.680851
OVERALL;77;01,11,19,36,39,44,53,55,56,63,84,87,90;36;12;TEST;47;423;44;5.182568;27;6.382979;1.200411;1.231625;17;36.170213
OVERALL;77;01,11,19,36,39,44,53,55,56,63,84,87,90;39;10;TEST;47;423;61;7.184923;26;6.146572;-1.038351;0.855482;23;48.93617
OVERALL;77;01,11,19,36,39,44,53,55,56,63,84,87,90;44;4;TEST;47;423;53;6.242638;21;4.964539;-1.278099;0.795263;15;31.914894
OVERALL;77;01,11,19,36,39,44,53,55,56,63,84,87,90;53;2;TEST;47;423;53;6.242638;26;6.146572;-0.096066;0.984611;19;40.425532
OVERALL;77;01,11,19,36,39,44,53,55,56,63,84,87,90;55;13;TEST;47;423;60;7.067138;27;6.382979;-0.684159;0.903191;22;46.808511
OVERALL;77;01,11,19,36,39,44,53,55,56,63,84,87,90;56;1;TEST;47;423;59;6.949352;33;7.801418;0.852066;1.122611;22;46.808511
OVERALL;77;01,11,19,36,39,44,53,55,56,63,84,87,90;63;11;TEST;47;423;65;7.656066;37;8.747045;1.090979;1.142499;29;61.702128
OVERALL;77;01,11,19,36,39,44,53,55,56,63,84,87,90;84;3;TEST;47;423;52;6.124853;22;5.200946;-0.923907;0.849154;21;44.680851
OVERALL;77;01,11,19,36,39,44,53,55,56,63,84,87,90;87;5;TEST;47;423;47;5.535925;25;5.910165;0.374241;1.067602;19;40.425532
OVERALL;77;01,11,19,36,39,44,53,55,56,63,84,87,90;90;7;TEST;47;423;53;6.242638;28;6.619385;0.376747;1.060351;23;48.93617
OVERALL;78;01,13,18,19,21,27,32,42,44,59,60,75,77;1;1;DISCOVERY;167;1503;195;7.662083;135;8.982036;1.319953;1.172271;98;58.682635
OVERALL;78;01,13,18,19,21,27,32,42,44,59,60,75,77;13;6;DISCOVERY;167;1503;160;6.286837;110;7.318696;1.031859;1.16413;74;44.311377
OVERALL;78;01,13,18,19,21,27,32,42,44,59,60,75,77;18;7;DISCOVERY;167;1503;151;5.933202;104;6.919494;0.986292;1.166233;80;47.904192
OVERALL;78;01,13,18,19,21,27,32,42,44,59,60,75,77;19;10;DISCOVERY;167;1503;182;7.151277;120;7.984032;0.832755;1.116448;91;54.491018
OVERALL;78;01,13,18,19,21,27,32,42,44,59,60,75,77;21;2;DISCOVERY;167;1503;165;6.483301;117;7.784431;1.301131;1.20069;89;53.293413
OVERALL;78;01,13,18,19,21,27,32,42,44,59,60,75,77;27;12;DISCOVERY;167;1503;156;6.129666;104;6.919494;0.789828;1.128853;83;49.700599
OVERALL;78;01,13,18,19,21,27,32,42,44,59,60,75,77;32;8;DISCOVERY;167;1503;177;6.954813;119;7.917498;0.962685;1.13842;84;50.299401
OVERALL;78;01,13,18,19,21,27,32,42,44,59,60,75,77;42;9;DISCOVERY;167;1503;163;6.404715;110;7.318696;0.913981;1.142704;81;48.502994
OVERALL;78;01,13,18,19,21,27,32,42,44,59,60,75,77;44;5;DISCOVERY;167;1503;156;6.129666;110;7.318696;1.18903;1.19398;84;50.299401
OVERALL;78;01,13,18,19,21,27,32,42,44,59,60,75,77;59;13;DISCOVERY;167;1503;146;5.736739;98;6.520293;0.783554;1.136585;83;49.700599
OVERALL;78;01,13,18,19,21,27,32,42,44,59,60,75,77;60;3;DISCOVERY;167;1503;134;5.265226;98;6.520293;1.255067;1.238369;65;38.922156
OVERALL;78;01,13,18,19,21,27,32,42,44,59,60,75,77;75;11;DISCOVERY;167;1503;181;7.111984;119;7.917498;0.805514;1.113262;90;53.892216
OVERALL;78;01,13,18,19,21,27,32,42,44,59,60,75,77;77;4;DISCOVERY;167;1503;191;7.504912;131;8.715902;1.21099;1.16136;99;59.281437
OVERALL;78;01,13,18,19,21,27,32,42,44,59,60,75,77;1;1;VALIDATION;58;522;51;6.007067;37;7.088123;1.081055;1.179964;31;53.448276
OVERALL;78;01,13,18,19,21,27,32,42,44,59,60,75,77;13;6;VALIDATION;58;522;47;5.535925;23;4.40613;-1.129794;0.795916;17;29.310345
OVERALL;78;01,13,18,19,21,27,32,42,44,59,60,75,77;18;7;VALIDATION;58;522;45;5.300353;16;3.065134;-2.235219;0.578289;14;24.137931
OVERALL;78;01,13,18,19,21,27,32,42,44,59,60,75,77;19;10;VALIDATION;58;522;60;7.067138;40;7.662835;0.595697;1.084291;31;53.448276
OVERALL;78;01,13,18,19,21,27,32,42,44,59,60,75,77;21;2;VALIDATION;58;522;64;7.53828;40;7.662835;0.124555;1.016523;32;55.172414
OVERALL;78;01,13,18,19,21,27,32,42,44,59,60,75,77;27;12;VALIDATION;58;522;53;6.242638;38;7.279693;1.037055;1.166124;26;44.827586
OVERALL;78;01,13,18,19,21,27,32,42,44,59,60,75,77;32;8;VALIDATION;58;522;54;6.360424;39;7.471264;1.11084;1.174649;28;48.275862
OVERALL;78;01,13,18,19,21,27,32,42,44,59,60,75,77;42;9;VALIDATION;58;522;52;6.124853;31;5.938697;-0.186155;0.969607;24;41.37931
OVERALL;78;01,13,18,19,21,27,32,42,44,59,60,75,77;44;5;VALIDATION;58;522;54;6.360424;36;6.896552;0.536128;1.084291;28;48.275862
OVERALL;78;01,13,18,19,21,27,32,42,44,59,60,75,77;59;13;VALIDATION;58;522;63;7.420495;41;7.854406;0.433911;1.058475;29;50.0
OVERALL;78;01,13,18,19,21,27,32,42,44,59,60,75,77;60;3;VALIDATION;58;522;63;7.420495;19;3.639847;-3.780648;0.490513;17;29.310345
OVERALL;78;01,13,18,19,21,27,32,42,44,59,60,75,77;75;11;VALIDATION;58;522;61;7.184923;54;10.344828;3.159904;1.439796;38;65.517241
OVERALL;78;01,13,18,19,21,27,32,42,44,59,60,75,77;77;4;VALIDATION;58;522;67;7.891637;41;7.854406;-0.037231;0.995282;32;55.172414
OVERALL;78;01,13,18,19,21,27,32,42,44,59,60,75,77;1;1;TEST;42;378;54;6.360424;19;5.026455;-1.333969;0.79027;15;35.714286
OVERALL;78;01,13,18,19,21,27,32,42,44,59,60,75,77;13;6;TEST;42;378;57;6.713781;27;7.142857;0.429076;1.06391;21;50.0
OVERALL;78;01,13,18,19,21,27,32,42,44,59,60,75,77;18;7;TEST;42;378;60;7.067138;26;6.878307;-0.188831;0.97328;23;54.761905
OVERALL;78;01,13,18,19,21,27,32,42,44,59,60,75,77;19;10;TEST;42;378;57;6.713781;21;5.555556;-1.158225;0.827485;17;40.47619
OVERALL;78;01,13,18,19,21,27,32,42,44,59,60,75,77;21;2;TEST;42;378;56;6.595995;28;7.407407;0.811412;1.123016;17;40.47619
OVERALL;78;01,13,18,19,21,27,32,42,44,59,60,75,77;27;12;TEST;42;378;53;6.242638;19;5.026455;-1.216183;0.805181;17;40.47619
OVERALL;78;01,13,18,19,21,27,32,42,44,59,60,75,77;32;8;TEST;42;378;56;6.595995;28;7.407407;0.811412;1.123016;20;47.619048
OVERALL;78;01,13,18,19,21,27,32,42,44,59,60,75,77;42;9;TEST;42;378;72;8.480565;31;8.201058;-0.279507;0.967041;29;69.047619
OVERALL;78;01,13,18,19,21,27,32,42,44,59,60,75,77;44;5;TEST;42;378;53;6.242638;25;6.613757;0.371118;1.059449;16;38.095238
OVERALL;78;01,13,18,19,21,27,32,42,44,59,60,75,77;59;13;TEST;42;378;54;6.360424;23;6.084656;-0.275768;0.956643;20;47.619048
OVERALL;78;01,13,18,19,21,27,32,42,44,59,60,75,77;60;3;TEST;42;378;58;6.831567;28;7.407407;0.575841;1.084291;21;50.0
OVERALL;78;01,13,18,19,21,27,32,42,44,59,60,75,77;75;11;TEST;42;378;51;6.007067;28;7.407407;1.40034;1.233115;21;50.0
OVERALL;78;01,13,18,19,21,27,32,42,44,59,60,75,77;77;4;TEST;42;378;47;5.535925;20;5.291005;-0.244919;0.955758;16;38.095238
OVERALL;79;05,18,33,36,38,42,45,51,54,58,62,69,88;5;2;DISCOVERY;184;1656;151;5.933202;120;7.246377;1.313174;1.221326;87;47.282609
OVERALL;79;05,18,33,36,38,42,45,51,54,58,62,69,88;18;11;DISCOVERY;184;1656;151;5.933202;113;6.823671;0.890469;1.150082;85;46.195652
OVERALL;79;05,18,33,36,38,42,45,51,54,58,62,69,88;33;9;DISCOVERY;184;1656;172;6.75835;127;7.669082;0.910732;1.134757;94;51.086957
OVERALL;79;05,18,33,36,38,42,45,51,54,58,62,69,88;36;8;DISCOVERY;184;1656;156;6.129666;117;7.065217;0.935551;1.152627;93;50.543478
OVERALL;79;05,18,33,36,38,42,45,51,54,58,62,69,88;38;5;DISCOVERY;184;1656;176;6.915521;133;8.031401;1.11588;1.161359;95;51.630435
OVERALL;79;05,18,33,36,38,42,45,51,54,58,62,69,88;42;10;DISCOVERY;184;1656;163;6.404715;121;7.306763;0.902048;1.140841;85;46.195652
OVERALL;79;05,18,33,36,38,42,45,51,54,58,62,69,88;45;7;DISCOVERY;184;1656;179;7.033399;133;8.031401;0.998002;1.141895;94;51.086957
OVERALL;79;05,18,33,36,38,42,45,51,54,58,62,69,88;51;1;DISCOVERY;184;1656;180;7.072692;144;8.695652;1.622961;1.229469;104;56.521739
OVERALL;79;05,18,33,36,38,42,45,51,54,58,62,69,88;54;4;DISCOVERY;184;1656;180;7.072692;136;8.21256;1.139869;1.161165;101;54.891304
OVERALL;79;05,18,33,36,38,42,45,51,54,58,62,69,88;58;3;DISCOVERY;184;1656;158;6.208251;122;7.36715;1.158898;1.186671;86;46.73913
OVERALL;79;05,18,33,36,38,42,45,51,54,58,62,69,88;62;13;DISCOVERY;184;1656;187;7.347741;134;8.091787;0.744047;1.101262;99;53.804348
OVERALL;79;05,18,33,36,38,42,45,51,54,58,62,69,88;69;12;DISCOVERY;184;1656;162;6.365422;119;7.18599;0.820568;1.12891;88;47.826087
OVERALL;79;05,18,33,36,38,42,45,51,54,58,62,69,88;88;6;DISCOVERY;184;1656;191;7.504912;142;8.574879;1.069968;1.142569;110;59.782609
OVERALL;79;05,18,33,36,38,42,45,51,54,58,62,69,88;5;2;VALIDATION;66;594;50;5.889282;25;4.208754;-1.680527;0.714646;22;33.333333
OVERALL;79;05,18,33,36,38,42,45,51,54,58,62,69,88;18;11;VALIDATION;66;594;45;5.300353;23;3.872054;-1.428299;0.730527;22;33.333333
OVERALL;79;05,18,33,36,38,42,45,51,54,58,62,69,88;33;9;VALIDATION;66;594;57;6.713781;35;5.892256;-0.821525;0.877636;24;36.363636
OVERALL;79;05,18,33,36,38,42,45,51,54,58,62,69,88;36;8;VALIDATION;66;594;50;5.889282;36;6.060606;0.171325;1.029091;27;40.909091
OVERALL;79;05,18,33,36,38,42,45,51,54,58,62,69,88;38;5;VALIDATION;66;594;61;7.184923;41;6.902357;-0.282567;0.960672;32;48.484848
OVERALL;79;05,18,33,36,38,42,45,51,54,58,62,69,88;42;10;VALIDATION;66;594;52;6.124853;38;6.397306;0.272454;1.044483;32;48.484848
OVERALL;79;05,18,33,36,38,42,45,51,54,58,62,69,88;45;7;VALIDATION;66;594;66;7.773852;40;6.734007;-1.039845;0.866238;31;46.969697
OVERALL;79;05,18,33,36,38,42,45,51,54,58,62,69,88;51;1;VALIDATION;66;594;60;7.067138;50;8.417508;1.350371;1.191077;35;53.030303
OVERALL;79;05,18,33,36,38,42,45,51,54,58,62,69,88;54;4;VALIDATION;66;594;47;5.535925;34;5.723906;0.187981;1.033957;29;43.939394
OVERALL;79;05,18,33,36,38,42,45,51,54,58,62,69,88;58;3;VALIDATION;66;594;52;6.124853;42;7.070707;0.945854;1.154429;35;53.030303
OVERALL;79;05,18,33,36,38,42,45,51,54,58,62,69,88;62;13;VALIDATION;66;594;52;6.124853;36;6.060606;-0.064247;0.98951;33;50.0
OVERALL;79;05,18,33,36,38,42,45,51,54,58,62,69,88;69;12;VALIDATION;66;594;54;6.360424;36;6.060606;-0.299818;0.952862;26;39.393939
OVERALL;79;05,18,33,36,38,42,45,51,54,58,62,69,88;88;6;VALIDATION;66;594;52;6.124853;25;4.208754;-1.916099;0.68716;20;30.30303
OVERALL;79;05,18,33,36,38,42,45,51,54,58,62,69,88;5;2;TEST;61;549;64;7.53828;38;6.921676;-0.616605;0.918204;29;47.540984
OVERALL;79;05,18,33,36,38,42,45,51,54,58,62,69,88;18;11;TEST;61;549;60;7.067138;31;5.64663;-1.420508;0.798998;23;37.704918
OVERALL;79;05,18,33,36,38,42,45,51,54,58,62,69,88;33;9;TEST;61;549;55;6.47821;32;5.82878;-0.64943;0.899752;23;37.704918
OVERALL;79;05,18,33,36,38,42,45,51,54,58,62,69,88;36;8;TEST;61;549;44;5.182568;34;6.193078;1.010511;1.194983;25;40.983607
OVERALL;79;05,18,33,36,38,42,45,51,54,58,62,69,88;38;5;TEST;61;549;51;6.007067;33;6.010929;0.003862;1.000643;25;40.983607
OVERALL;79;05,18,33,36,38,42,45,51,54,58,62,69,88;42;10;TEST;61;549;72;8.480565;41;7.468124;-1.012442;0.880616;36;59.016393
OVERALL;79;05,18,33,36,38,42,45,51,54,58,62,69,88;45;7;TEST;61;549;60;7.067138;49;8.925319;1.858181;1.262933;38;62.295082
OVERALL;79;05,18,33,36,38,42,45,51,54,58,62,69,88;51;1;TEST;61;549;55;6.47821;44;8.014572;1.536362;1.237158;34;55.737705
OVERALL;79;05,18,33,36,38,42,45,51,54,58,62,69,88;54;4;TEST;61;549;59;6.949352;35;6.375228;-0.574124;0.917384;26;42.622951
OVERALL;79;05,18,33,36,38,42,45,51,54,58,62,69,88;58;3;TEST;61;549;67;7.891637;46;8.378871;0.487233;1.06174;37;60.655738
OVERALL;79;05,18,33,36,38,42,45,51,54,58,62,69,88;62;13;TEST;61;549;58;6.831567;47;8.56102;1.729453;1.253156;35;57.377049
OVERALL;79;05,18,33,36,38,42,45,51,54,58,62,69,88;69;12;TEST;61;549;58;6.831567;44;8.014572;1.183005;1.173168;32;52.459016
OVERALL;79;05,18,33,36,38,42,45,51,54,58,62,69,88;88;6;TEST;61;549;55;6.47821;28;5.100182;-1.378028;0.787283;24;39.344262
OVERALL;80;04,07,08,17,24,27,32,50,51,66,67,72,73;4;7;DISCOVERY;172;1548;171;6.719057;120;7.751938;1.032881;1.153724;87;50.581395
OVERALL;80;04,07,08,17,24,27,32,50,51,66,67,72,73;7;9;DISCOVERY;172;1548;149;5.854617;105;6.782946;0.928329;1.158564;77;44.767442
OVERALL;80;04,07,08,17,24,27,32,50,51,66,67,72,73;8;6;DISCOVERY;172;1548;179;7.033399;125;8.074935;1.041537;1.148084;87;50.581395
OVERALL;80;04,07,08,17,24,27,32,50,51,66,67,72,73;17;8;DISCOVERY;172;1548;177;6.954813;123;7.945736;0.990923;1.14248;87;50.581395
OVERALL;80;04,07,08,17,24,27,32,50,51,66,67,72,73;24;1;DISCOVERY;172;1548;158;6.208251;118;7.622739;1.414488;1.22784;89;51.744186
OVERALL;80;04,07,08,17,24,27,32,50,51,66,67,72,73;27;13;DISCOVERY;172;1548;156;6.129666;105;6.782946;0.65328;1.106577;78;45.348837
OVERALL;80;04,07,08,17,24,27,32,50,51,66,67,72,73;32;4;DISCOVERY;172;1548;177;6.954813;125;8.074935;1.120122;1.161057;94;54.651163
OVERALL;80;04,07,08,17,24,27,32,50,51,66,67,72,73;50;10;DISCOVERY;172;1548;150;5.89391;104;6.718346;0.824437;1.139879;83;48.255814
OVERALL;80;04,07,08,17,24,27,32,50,51,66,67,72,73;51;2;DISCOVERY;172;1548;180;7.072692;131;8.462532;1.389841;1.196508;97;56.395349
OVERALL;80;04,07,08,17,24,27,32,50,51,66,67,72,73;66;3;DISCOVERY;172;1548;173;6.797642;123;7.945736;1.148094;1.168896;90;52.325581
OVERALL;80;04,07,08,17,24,27,32,50,51,66,67,72,73;67;11;DISCOVERY;172;1548;164;6.444008;112;7.235142;0.791134;1.122771;82;47.674419
OVERALL;80;04,07,08,17,24,27,32,50,51,66,67,72,73;72;5;DISCOVERY;172;1548;167;6.561886;118;7.622739;1.060853;1.161669;87;50.581395
OVERALL;80;04,07,08,17,24,27,32,50,51,66,67,72,73;73;12;DISCOVERY;172;1548;156;6.129666;106;6.847545;0.717879;1.117116;83;48.255814
OVERALL;80;04,07,08,17,24,27,32,50,51,66,67,72,73;4;7;VALIDATION;66;594;45;5.300353;42;7.070707;1.770354;1.334007;29;43.939394
OVERALL;80;04,07,08,17,24,27,32,50,51,66,67,72,73;7;9;VALIDATION;66;594;60;7.067138;47;7.912458;0.84532;1.119613;34;51.515152
OVERALL;80;04,07,08,17,24,27,32,50,51,66,67,72,73;8;6;VALIDATION;66;594;46;5.418139;33;5.555556;0.137417;1.025362;26;39.393939
OVERALL;80;04,07,08,17,24,27,32,50,51,66,67,72,73;17;8;VALIDATION;66;594;57;6.713781;38;6.397306;-0.316475;0.952862;33;50.0
OVERALL;80;04,07,08,17,24,27,32,50,51,66,67,72,73;24;1;VALIDATION;66;594;50;5.889282;22;3.703704;-2.185578;0.628889;19;28.787879
OVERALL;80;04,07,08,17,24,27,32,50,51,66,67,72,73;27;13;VALIDATION;66;594;53;6.242638;30;5.050505;-1.192133;0.809034;21;31.818182
OVERALL;80;04,07,08,17,24,27,32,50,51,66,67,72,73;32;4;VALIDATION;66;594;54;6.360424;41;6.902357;0.541933;1.085204;32;48.484848
OVERALL;80;04,07,08,17,24,27,32,50,51,66,67,72,73;50;10;VALIDATION;66;594;48;5.65371;36;6.060606;0.406896;1.07197;28;42.424242
OVERALL;80;04,07,08,17,24,27,32,50,51,66,67,72,73;51;2;VALIDATION;66;594;60;7.067138;49;8.249158;1.18202;1.167256;32;48.484848
OVERALL;80;04,07,08,17,24,27,32,50,51,66,67,72,73;66;3;VALIDATION;66;594;67;7.891637;56;9.427609;1.535972;1.194633;40;60.606061
OVERALL;80;04,07,08,17,24,27,32,50,51,66,67,72,73;67;11;VALIDATION;66;594;53;6.242638;38;6.397306;0.154668;1.024776;31;46.969697
OVERALL;80;04,07,08,17,24,27,32,50,51,66,67,72,73;72;5;VALIDATION;66;594;63;7.420495;51;8.585859;1.165364;1.157047;35;53.030303
OVERALL;80;04,07,08,17,24,27,32,50,51,66,67,72,73;73;12;VALIDATION;66;594;57;6.713781;41;6.902357;0.188576;1.028088;34;51.515152
OVERALL;80;04,07,08,17,24,27,32,50,51,66,67,72,73;4;7;TEST;68;612;60;7.067138;52;8.496732;1.429594;1.202288;42;61.764706
OVERALL;80;04,07,08,17,24,27,32,50,51,66,67,72,73;7;9;TEST;68;612;57;6.713781;40;6.535948;-0.177833;0.973512;32;47.058824
OVERALL;80;04,07,08,17,24,27,32,50,51,66,67,72,73;8;6;TEST;68;612;59;6.949352;38;6.20915;-0.740202;0.893486;29;42.647059
OVERALL;80;04,07,08,17,24,27,32,50,51,66,67,72,73;17;8;TEST;68;612;54;6.360424;43;7.026144;0.66572;1.104666;31;45.588235
OVERALL;80;04,07,08,17,24,27,32,50,51,66,67,72,73;24;1;TEST;68;612;48;5.65371;37;6.045752;0.392041;1.069342;28;41.176471
OVERALL;80;04,07,08,17,24,27,32,50,51,66,67,72,73;27;13;TEST;68;612;53;6.242638;43;7.026144;0.783505;1.125509;32;47.058824
OVERALL;80;04,07,08,17,24,27,32,50,51,66,67,72,73;32;4;TEST;68;612;56;6.595995;39;6.372549;-0.223446;0.966124;28;41.176471
OVERALL;80;04,07,08,17,24,27,32,50,51,66,67,72,73;50;10;TEST;68;612;42;4.946996;26;4.248366;-0.69863;0.858777;19;27.941176
OVERALL;80;04,07,08,17,24,27,32,50,51,66,67,72,73;51;2;TEST;68;612;55;6.47821;34;5.555556;-0.922654;0.857576;27;39.705882
OVERALL;80;04,07,08,17,24,27,32,50,51,66,67,72,73;66;3;TEST;68;612;57;6.713781;38;6.20915;-0.504631;0.924837;29;42.647059
OVERALL;80;04,07,08,17,24,27,32,50,51,66,67,72,73;67;11;TEST;68;612;46;5.418139;34;5.555556;0.137417;1.025362;32;47.058824
OVERALL;80;04,07,08,17,24,27,32,50,51,66,67,72,73;72;5;TEST;68;612;60;7.067138;42;6.862745;-0.204393;0.971078;34;50.0
OVERALL;80;04,07,08,17,24,27,32,50,51,66,67,72,73;73;12;TEST;68;612;68;8.009423;50;8.169935;0.160512;1.02004;31;45.588235
OVERALL;81;01,05,13,20,27,39,50,57,60,69,73,75,83;1;7;DISCOVERY;189;1701;195;7.662083;144;8.465608;0.803526;1.10487;110;58.201058
OVERALL;81;01,05,13,20,27,39,50,57,60,69,73,75,83;5;12;DISCOVERY;189;1701;151;5.933202;112;6.584362;0.65116;1.109748;85;44.973545
OVERALL;81;01,05,13,20,27,39,50,57,60,69,73,75,83;13;2;DISCOVERY;189;1701;160;6.286837;124;7.28983;1.002993;1.159539;98;51.851852
OVERALL;81;01,05,13,20,27,39,50,57,60,69,73,75,83;20;11;DISCOVERY;189;1701;165;6.483301;122;7.172252;0.688951;1.106265;94;49.73545
OVERALL;81;01,05,13,20,27,39,50,57,60,69,73,75,83;27;8;DISCOVERY;189;1701;156;6.129666;117;6.878307;0.748641;1.122134;89;47.089947
OVERALL;81;01,05,13,20,27,39,50,57,60,69,73,75,83;39;3;DISCOVERY;189;1701;178;6.994106;136;7.995297;1.001191;1.143148;102;53.968254
OVERALL;81;01,05,13,20,27,39,50,57,60,69,73,75,83;50;4;DISCOVERY;189;1701;150;5.89391;117;6.878307;0.984397;1.167019;87;46.031746
OVERALL;81;01,05,13,20,27,39,50,57,60,69,73,75,83;57;1;DISCOVERY;189;1701;170;6.679764;131;7.701352;1.021588;1.152938;97;51.322751
OVERALL;81;01,05,13,20,27,39,50,57,60,69,73,75,83;60;6;DISCOVERY;189;1701;134;5.265226;105;6.17284;0.907614;1.172379;82;43.386243
OVERALL;81;01,05,13,20,27,39,50,57,60,69,73,75,83;69;10;DISCOVERY;189;1701;162;6.365422;120;7.054674;0.689251;1.108281;86;45.502646
OVERALL;81;01,05,13,20,27,39,50,57,60,69,73,75,83;73;5;DISCOVERY;189;1701;156;6.129666;120;7.054674;0.925008;1.150907;93;49.206349
OVERALL;81;01,05,13,20,27,39,50,57,60,69,73,75,83;75;9;DISCOVERY;189;1701;181;7.111984;133;7.81893;0.706946;1.099402;93;49.206349
OVERALL;81;01,05,13,20,27,39,50,57,60,69,73,75,83;83;13;DISCOVERY;189;1701;187;7.347741;136;7.995297;0.647556;1.08813;96;50.793651
OVERALL;81;01,05,13,20,27,39,50,57,60,69,73,75,83;1;7;VALIDATION;58;522;51;6.007067;31;5.938697;-0.06837;0.988618;24;41.37931
OVERALL;81;01,05,13,20,27,39,50,57,60,69,73,75,83;5;12;VALIDATION;58;522;50;5.889282;22;4.214559;-1.674722;0.715632;18;31.034483
OVERALL;81;01,05,13,20,27,39,50,57,60,69,73,75,83;13;2;VALIDATION;58;522;47;5.535925;34;6.51341;0.977485;1.176571;26;44.827586
OVERALL;81;01,05,13,20,27,39,50,57,60,69,73,75,83;20;11;VALIDATION;58;522;52;6.124853;35;6.704981;0.580128;1.094717;27;46.551724
OVERALL;81;01,05,13,20,27,39,50,57,60,69,73,75,83;27;8;VALIDATION;58;522;53;6.242638;43;8.237548;1.994909;1.319562;25;43.103448
OVERALL;81;01,05,13,20,27,39,50,57,60,69,73,75,83;39;3;VALIDATION;58;522;57;6.713781;29;5.555556;-1.158225;0.827485;20;34.482759
OVERALL;81;01,05,13,20,27,39,50,57,60,69,73,75,83;50;4;VALIDATION;58;522;48;5.65371;35;6.704981;1.051271;1.185943;26;44.827586
OVERALL;81;01,05,13,20,27,39,50,57,60,69,73,75,83;57;1;VALIDATION;58;522;52;6.124853;26;4.980843;-1.14401;0.813218;25;43.103448
OVERALL;81;01,05,13,20,27,39,50,57,60,69,73,75,83;60;6;VALIDATION;58;522;63;7.420495;42;8.045977;0.625482;1.084291;30;51.724138
OVERALL;81;01,05,13,20,27,39,50,57,60,69,73,75,83;69;10;VALIDATION;58;522;54;6.360424;36;6.896552;0.536128;1.084291;26;44.827586
OVERALL;81;01,05,13,20,27,39,50,57,60,69,73,75,83;73;5;VALIDATION;58;522;57;6.713781;41;7.854406;1.140625;1.169893;31;53.448276
OVERALL;81;01,05,13,20,27,39,50,57,60,69,73,75,83;75;9;VALIDATION;58;522;61;7.184923;43;8.237548;1.052624;1.146505;36;62.068966
OVERALL;81;01,05,13,20,27,39,50,57,60,69,73,75,83;83;13;VALIDATION;58;522;59;6.949352;43;8.237548;1.288196;1.185369;31;53.448276
OVERALL;81;01,05,13,20,27,39,50,57,60,69,73,75,83;1;7;TEST;61;549;54;6.360424;30;5.464481;-0.895943;0.859138;22;36.065574
OVERALL;81;01,05,13,20,27,39,50,57,60,69,73,75,83;5;12;TEST;61;549;64;7.53828;47;8.56102;1.02274;1.135673;34;55.737705
OVERALL;81;01,05,13,20,27,39,50,57,60,69,73,75,83;13;2;TEST;61;549;57;6.713781;38;6.921676;0.207895;1.030965;30;49.180328
OVERALL;81;01,05,13,20,27,39,50,57,60,69,73,75,83;20;11;TEST;61;549;63;7.420495;51;9.289617;1.869123;1.251887;36;59.016393
OVERALL;81;01,05,13,20,27,39,50,57,60,69,73,75,83;27;8;TEST;61;549;53;6.242638;35;6.375228;0.132589;1.021239;23;37.704918
OVERALL;81;01,05,13,20,27,39,50,57,60,69,73,75,83;39;3;TEST;61;549;61;7.184923;43;7.832423;0.647499;1.090119;30;49.180328
OVERALL;81;01,05,13,20,27,39,50,57,60,69,73,75,83;50;4;TEST;61;549;42;4.946996;23;4.189435;-0.757561;0.846864;21;34.42623
OVERALL;81;01,05,13,20,27,39,50,57,60,69,73,75,83;57;1;TEST;61;549;51;6.007067;26;4.735883;-1.271184;0.788385;18;29.508197
OVERALL;81;01,05,13,20,27,39,50,57,60,69,73,75,83;60;6;TEST;61;549;58;6.831567;31;5.64663;-1.184936;0.82655;24;39.344262
OVERALL;81;01,05,13,20,27,39,50,57,60,69,73,75,83;69;10;TEST;61;549;58;6.831567;41;7.468124;0.636557;1.093179;35;57.377049
OVERALL;81;01,05,13,20,27,39,50,57,60,69,73,75,83;73;5;TEST;61;549;68;8.009423;56;10.200364;2.190941;1.273545;38;62.295082
OVERALL;81;01,05,13,20,27,39,50,57,60,69,73,75,83;75;9;TEST;61;549;51;6.007067;29;5.282332;-0.724736;0.879353;24;39.344262
OVERALL;81;01,05,13,20,27,39,50,57,60,69,73,75,83;83;13;TEST;61;549;65;7.656066;47;8.56102;0.904954;1.118201;38;62.295082
OVERALL;82;19,22,37,51,55,57,58,77,79,81,85,88,90;19;13;DISCOVERY;187;1683;182;7.151277;131;7.78372;0.632443;1.088438;99;52.941176
OVERALL;82;19,22,37,51,55,57,58,77,79,81,85,88,90;22;10;DISCOVERY;187;1683;165;6.483301;121;7.189542;0.706242;1.108932;94;50.26738
OVERALL;82;19,22,37,51,55,57,58,77,79,81,85,88,90;37;2;DISCOVERY;187;1683;163;6.404715;132;7.843137;1.438422;1.224588;99;52.941176
OVERALL;82;19,22,37,51,55,57,58,77,79,81,85,88,90;51;4;DISCOVERY;187;1683;180;7.072692;139;8.259061;1.18637;1.167739;101;54.010695
OVERALL;82;19,22,37,51,55,57,58,77,79,81,85,88,90;55;8;DISCOVERY;187;1683;191;7.504912;141;8.377897;0.872985;1.116322;103;55.080214
OVERALL;82;19,22,37,51,55,57,58,77,79,81,85,88,90;57;9;DISCOVERY;187;1683;170;6.679764;127;7.546049;0.866284;1.129688;95;50.802139
OVERALL;82;19,22,37,51,55,57,58,77,79,81,85,88,90;58;5;DISCOVERY;187;1683;158;6.208251;123;7.308378;1.100126;1.177204;95;50.802139
OVERALL;82;19,22,37,51,55,57,58,77,79,81,85,88,90;77;7;DISCOVERY;187;1683;191;7.504912;142;8.437314;0.932403;1.124239;106;56.684492
OVERALL;82;19,22,37,51,55,57,58,77,79,81,85,88,90;79;6;DISCOVERY;187;1683;184;7.229862;139;8.259061;1.029199;1.142354;106;56.684492
OVERALL;82;19,22,37,51,55,57,58,77,79,81,85,88,90;81;11;DISCOVERY;187;1683;189;7.426326;136;8.080808;0.654482;1.08813;103;55.080214
OVERALL;82;19,22,37,51,55,57,58,77,79,81,85,88,90;85;3;DISCOVERY;187;1683;198;7.779961;153;9.090909;1.310948;1.168503;104;55.614973
OVERALL;82;19,22,37,51,55,57,58,77,79,81,85,88,90;88;12;DISCOVERY;187;1683;191;7.504912;137;8.140226;0.635314;1.084653;102;54.545455
OVERALL;82;19,22,37,51,55,57,58,77,79,81,85,88,90;90;1;DISCOVERY;187;1683;197;7.740668;156;9.269162;1.528494;1.197463;107;57.219251
OVERALL;82;19,22,37,51,55,57,58,77,79,81,85,88,90;19;13;VALIDATION;60;540;60;7.067138;34;6.296296;-0.770842;0.890926;25;41.666667
OVERALL;82;19,22,37,51,55,57,58,77,79,81,85,88,90;22;10;VALIDATION;60;540;56;6.595995;34;6.296296;-0.299699;0.954563;26;43.333333
OVERALL;82;19,22,37,51,55,57,58,77,79,81,85,88,90;37;2;VALIDATION;60;540;71;8.36278;58;10.740741;2.377961;1.284351;43;71.666667
OVERALL;82;19,22,37,51,55,57,58,77,79,81,85,88,90;51;4;VALIDATION;60;540;60;7.067138;30;5.555556;-1.511582;0.786111;25;41.666667
OVERALL;82;19,22,37,51,55,57,58,77,79,81,85,88,90;55;8;VALIDATION;60;540;61;7.184923;32;5.925926;-1.258998;0.824772;23;38.333333
OVERALL;82;19,22,37,51,55,57,58,77,79,81,85,88,90;57;9;VALIDATION;60;540;52;6.124853;37;6.851852;0.726999;1.118697;33;55.0
OVERALL;82;19,22,37,51,55,57,58,77,79,81,85,88,90;58;5;VALIDATION;60;540;52;6.124853;36;6.666667;0.541814;1.088462;27;45.0
OVERALL;82;19,22,37,51,55,57,58,77,79,81,85,88,90;77;7;VALIDATION;60;540;67;7.891637;43;7.962963;0.071326;1.009038;29;48.333333
OVERALL;82;19,22,37,51,55,57,58,77,79,81,85,88,90;79;6;VALIDATION;60;540;67;7.891637;43;7.962963;0.071326;1.009038;31;51.666667
OVERALL;82;19,22,37,51,55,57,58,77,79,81,85,88,90;81;11;VALIDATION;60;540;60;7.067138;38;7.037037;-0.030101;0.995741;26;43.333333
OVERALL;82;19,22,37,51,55,57,58,77,79,81,85,88,90;85;3;VALIDATION;60;540;63;7.420495;40;7.407407;-0.013087;0.998236;28;46.666667
OVERALL;82;19,22,37,51,55,57,58,77,79,81,85,88,90;88;12;VALIDATION;60;540;52;6.124853;32;5.925926;-0.198927;0.967521;26;43.333333
OVERALL;82;19,22,37,51,55,57,58,77,79,81,85,88,90;90;1;VALIDATION;60;540;51;6.007067;40;7.407407;1.40034;1.233115;28;46.666667
OVERALL;82;19,22,37,51,55,57,58,77,79,81,85,88,90;19;13;TEST;54;486;57;6.713781;25;5.144033;-1.569748;0.76619;21;38.888889
OVERALL;82;19,22,37,51,55,57,58,77,79,81,85,88,90;22;10;TEST;54;486;59;6.949352;31;6.378601;-0.570751;0.91787;25;46.296296
OVERALL;82;19,22,37,51,55,57,58,77,79,81,85,88,90;37;2;TEST;54;486;49;5.771496;27;5.555556;-0.21594;0.962585;22;40.740741
OVERALL;82;19,22,37,51,55,57,58,77,79,81,85,88,90;51;4;TEST;54;486;55;6.47821;26;5.349794;-1.128415;0.825814;23;42.592593
OVERALL;82;19,22,37,51,55,57,58,77,79,81,85,88,90;55;8;TEST;54;486;60;7.067138;36;7.407407;0.34027;1.048148;28;51.851852
OVERALL;82;19,22,37,51,55,57,58,77,79,81,85,88,90;57;9;TEST;54;486;51;6.007067;23;4.73251;-1.274557;0.787824;17;31.481481
OVERALL;82;19,22,37,51,55,57,58,77,79,81,85,88,90;58;5;TEST;54;486;67;7.891637;38;7.81893;-0.072707;0.990787;29;53.703704
OVERALL;82;19,22,37,51,55,57,58,77,79,81,85,88,90;77;7;TEST;54;486;47;5.535925;29;5.967078;0.431154;1.077883;22;40.740741
OVERALL;82;19,22,37,51,55,57,58,77,79,81,85,88,90;79;6;TEST;54;486;62;7.302709;42;8.641975;1.339266;1.183393;33;61.111111
OVERALL;82;19,22,37,51,55,57,58,77,79,81,85,88,90;81;11;TEST;54;486;61;7.184923;35;7.201646;0.016723;1.002327;28;51.851852
OVERALL;82;19,22,37,51,55,57,58,77,79,81,85,88,90;85;3;TEST;54;486;65;7.656066;40;8.230453;0.574387;1.075024;27;50.0
OVERALL;82;19,22,37,51,55,57,58,77,79,81,85,88,90;88;12;TEST;54;486;55;6.47821;27;5.555556;-0.922654;0.857576;23;42.592593
OVERALL;82;19,22,37,51,55,57,58,77,79,81,85,88,90;90;1;TEST;54;486;53;6.242638;34;6.995885;0.753246;1.120662;30;55.555556
OVERALL;83;11,18,20,21,46,47,48,53,55,56,63,68,77;11;10;DISCOVERY;186;1674;171;6.719057;126;7.526882;0.807825;1.120229;97;52.150538
OVERALL;83;11,18,20,21,46,47,48,53,55,56,63,68,77;18;8;DISCOVERY;186;1674;151;5.933202;116;6.92951;0.996308;1.167921;82;44.086022
OVERALL;83;11,18,20,21,46,47,48,53,55,56,63,68,77;20;1;DISCOVERY;186;1674;165;6.483301;130;7.76583;1.28253;1.19782;96;51.612903
OVERALL;83;11,18,20,21,46,47,48,53,55,56,63,68,77;21;2;DISCOVERY;186;1674;165;6.483301;128;7.646356;1.163055;1.179392;95;51.075269
OVERALL;83;11,18,20,21,46,47,48,53,55,56,63,68,77;46;9;DISCOVERY;186;1674;154;6.051081;117;6.989247;0.938167;1.155041;84;45.16129
OVERALL;83;11,18,20,21,46,47,48,53,55,56,63,68,77;47;4;DISCOVERY;186;1674;164;6.444008;126;7.526882;1.082874;1.168044;100;53.763441
OVERALL;83;11,18,20,21,46,47,48,53,55,56,63,68,77;48;7;DISCOVERY;186;1674;169;6.640472;128;7.646356;1.005885;1.151478;91;48.924731
OVERALL;83;11,18,20,21,46,47,48,53,55,56,63,68,77;53;6;DISCOVERY;186;1674;157;6.168959;121;7.228196;1.059237;1.171704;84;45.16129
OVERALL;83;11,18,20,21,46,47,48,53,55,56,63,68,77;55;13;DISCOVERY;186;1674;191;7.504912;138;8.243728;0.738816;1.098444;104;55.913978
OVERALL;83;11,18,20,21,46,47,48,53,55,56,63,68,77;56;5;DISCOVERY;186;1674;184;7.229862;139;8.303465;1.073602;1.148496;95;51.075269
OVERALL;83;11,18,20,21,46,47,48,53,55,56,63,68,77;63;12;DISCOVERY;186;1674;182;7.151277;133;7.945042;0.793765;1.110996;107;57.526882
OVERALL;83;11,18,20,21,46,47,48,53,55,56,63,68,77;68;11;DISCOVERY;186;1674;171;6.719057;126;7.526882;0.807825;1.120229;96;51.612903
OVERALL;83;11,18,20,21,46,47,48,53,55,56,63,68,77;77;3;DISCOVERY;186;1674;191;7.504912;145;8.661888;1.156976;1.154163;109;58.602151
OVERALL;83;11,18,20,21,46,47,48,53,55,56,63,68,77;11;10;VALIDATION;58;522;56;6.595995;47;9.003831;2.407836;1.365045;32;55.172414
OVERALL;83;11,18,20,21,46,47,48,53,55,56,63,68,77;18;8;VALIDATION;58;522;45;5.300353;32;6.130268;0.829915;1.156577;20;34.482759
OVERALL;83;11,18,20,21,46,47,48,53,55,56,63,68,77;20;1;VALIDATION;58;522;52;6.124853;36;6.896552;0.771699;1.125995;27;46.551724
OVERALL;83;11,18,20,21,46,47,48,53,55,56,63,68,77;21;2;VALIDATION;58;522;64;7.53828;38;7.279693;-0.258587;0.965697;30;51.724138
OVERALL;83;11,18,20,21,46,47,48,53,55,56,63,68,77;46;9;VALIDATION;58;522;55;6.47821;33;6.321839;-0.156371;0.975862;24;41.37931
OVERALL;83;11,18,20,21,46,47,48,53,55,56,63,68,77;47;4;VALIDATION;58;522;73;8.598351;51;9.770115;1.171764;1.136278;35;60.344828
OVERALL;83;11,18,20,21,46,47,48,53,55,56,63,68,77;48;7;VALIDATION;58;522;65;7.656066;34;6.51341;-1.142656;0.850752;24;41.37931
OVERALL;83;11,18,20,21,46,47,48,53,55,56,63,68,77;53;6;VALIDATION;58;522;44;5.182568;22;4.214559;-0.968008;0.813218;20;34.482759
OVERALL;83;11,18,20,21,46,47,48,53,55,56,63,68,77;55;13;VALIDATION;58;522;61;7.184923;36;6.896552;-0.288372;0.959864;30;51.724138
OVERALL;83;11,18,20,21,46,47,48,53,55,56,63,68,77;56;5;VALIDATION;58;522;50;5.889282;32;6.130268;0.240987;1.04092;28;48.275862
OVERALL;83;11,18,20,21,46,47,48,53,55,56,63,68,77;63;12;VALIDATION;58;522;52;6.124853;27;5.172414;-0.952439;0.844496;24;41.37931
OVERALL;83;11,18,20,21,46,47,48,53,55,56,63,68,77;68;11;VALIDATION;58;522;71;8.36278;38;7.279693;-1.083086;0.870487;29;50.0
OVERALL;83;11,18,20,21,46,47,48,53,55,56,63,68,77;77;3;VALIDATION;58;522;67;7.891637;42;8.045977;0.15434;1.019557;33;56.896552
OVERALL;83;11,18,20,21,46,47,48,53,55,56,63,68,77;11;10;TEST;64;576;55;6.47821;43;7.465278;0.987068;1.152367;32;50.0
OVERALL;83;11,18,20,21,46,47,48,53,55,56,63,68,77;18;8;TEST;64;576;60;7.067138;41;7.118056;0.050918;1.007205;31;48.4375
OVERALL;83;11,18,20,21,46,47,48,53,55,56,63,68,77;20;1;TEST;64;576;63;7.420495;44;7.638889;0.218394;1.029431;34;53.125
OVERALL;83;11,18,20,21,46,47,48,53,55,56,63,68,77;21;2;TEST;64;576;56;6.595995;28;4.861111;-1.734884;0.736979;23;35.9375
OVERALL;83;11,18,20,21,46,47,48,53,55,56,63,68,77;46;9;TEST;64;576;58;6.831567;42;7.291667;0.4601;1.067349;34;53.125
OVERALL;83;11,18,20,21,46,47,48,53,55,56,63,68,77;47;4;TEST;64;576;55;6.47821;43;7.465278;0.987068;1.152367;35;54.6875
OVERALL;83;11,18,20,21,46,47,48,53,55,56,63,68,77;48;7;TEST;64;576;50;5.889282;30;5.208333;-0.680948;0.884375;25;39.0625
OVERALL;83;11,18,20,21,46,47,48,53,55,56,63,68,77;53;6;TEST;64;576;53;6.242638;31;5.381944;-0.860694;0.862127;26;40.625
OVERALL;83;11,18,20,21,46,47,48,53,55,56,63,68,77;55;13;TEST;64;576;60;7.067138;44;7.638889;0.571751;1.080903;38;59.375
OVERALL;83;11,18,20,21,46,47,48,53,55,56,63,68,77;56;5;TEST;64;576;59;6.949352;44;7.638889;0.689537;1.099223;25;39.0625
OVERALL;83;11,18,20,21,46,47,48,53,55,56,63,68,77;63;12;TEST;64;576;65;7.656066;44;7.638889;-0.017177;0.997756;38;59.375
OVERALL;83;11,18,20,21,46,47,48,53,55,56,63,68,77;68;11;TEST;64;576;64;7.53828;48;8.333333;0.795053;1.105469;35;54.6875
OVERALL;83;11,18,20,21,46,47,48,53,55,56,63,68,77;77;3;TEST;64;576;47;5.535925;32;5.555556;0.019631;1.003546;25;39.0625
OVERALL;84;01,22,23,25,30,34,41,47,56,62,71,83,87;1;10;DISCOVERY;174;1566;195;7.662083;132;8.429119;0.767036;1.100108;101;58.045977
OVERALL;84;01,22,23,25,30,34,41,47,56,62,71,83,87;22;9;DISCOVERY;174;1566;165;6.483301;115;7.34355;0.86025;1.132687;84;48.275862
OVERALL;84;01,22,23,25,30,34,41,47,56,62,71,83,87;23;3;DISCOVERY;174;1566;152;5.972495;114;7.279693;1.307198;1.21887;90;51.724138
OVERALL;84;01,22,23,25,30,34,41,47,56,62,71,83,87;25;4;DISCOVERY;174;1566;173;6.797642;123;7.854406;1.056764;1.15546;97;55.747126
OVERALL;84;01,22,23,25,30,34,41,47,56,62,71,83,87;30;5;DISCOVERY;174;1566;163;6.404715;115;7.34355;0.938835;1.146585;84;48.275862
OVERALL;84;01,22,23,25,30,34,41,47,56,62,71,83,87;34;6;DISCOVERY;174;1566;163;6.404715;115;7.34355;0.938835;1.146585;91;52.298851
OVERALL;84;01,22,23,25,30,34,41,47,56,62,71,83,87;41;2;DISCOVERY;174;1566;170;6.679764;126;8.045977;1.366213;1.20453;97;55.747126
OVERALL;84;01,22,23,25,30,34,41,47,56,62,71,83,87;47;7;DISCOVERY;174;1566;164;6.444008;115;7.34355;0.899543;1.139594;91;52.298851
OVERALL;84;01,22,23,25,30,34,41,47,56,62,71,83,87;56;1;DISCOVERY;174;1566;184;7.229862;140;8.939974;1.710112;1.236535;101;58.045977
OVERALL;84;01,22,23,25,30,34,41,47,56,62,71,83,87;62;13;DISCOVERY;174;1566;187;7.347741;125;7.98212;0.634379;1.086337;91;52.298851
OVERALL;84;01,22,23,25,30,34,41,47,56,62,71,83,87;71;12;DISCOVERY;174;1566;174;6.836935;118;7.535121;0.698186;1.10212;92;52.873563
OVERALL;84;01,22,23,25,30,34,41,47,56,62,71,83,87;83;8;DISCOVERY;174;1566;187;7.347741;129;8.237548;0.889807;1.121099;104;59.770115
OVERALL;84;01,22,23,25,30,34,41,47,56,62,71,83,87;87;11;DISCOVERY;174;1566;186;7.308448;126;8.045977;0.737529;1.100915;96;55.172414
OVERALL;84;01,22,23,25,30,34,41,47,56,62,71,83,87;1;10;VALIDATION;50;450;51;6.007067;21;4.666667;-1.3404;0.776863;19;38.0
OVERALL;84;01,22,23,25,30,34,41,47,56,62,71,83,87;22;9;VALIDATION;50;450;56;6.595995;29;6.444444;-0.151551;0.977024;27;54.0
OVERALL;84;01,22,23,25,30,34,41,47,56,62,71,83,87;23;3;VALIDATION;50;450;45;5.300353;24;5.333333;0.03298;1.006222;16;32.0
OVERALL;84;01,22,23,25,30,34,41,47,56,62,71,83,87;25;4;VALIDATION;50;450;52;6.124853;19;4.222222;-1.902631;0.689359;18;36.0
OVERALL;84;01,22,23,25,30,34,41,47,56,62,71,83,87;30;5;VALIDATION;50;450;49;5.771496;34;7.555556;1.78406;1.309116;28;56.0
OVERALL;84;01,22,23,25,30,34,41,47,56,62,71,83,87;34;6;VALIDATION;50;450;50;5.889282;29;6.444444;0.555163;1.094267;25;50.0
OVERALL;84;01,22,23,25,30,34,41,47,56,62,71,83,87;41;2;VALIDATION;50;450;52;6.124853;23;5.111111;-1.013742;0.834487;17;34.0
OVERALL;84;01,22,23,25,30,34,41,47,56,62,71,83,87;47;7;VALIDATION;50;450;73;8.598351;40;8.888889;0.290538;1.03379;27;54.0
OVERALL;84;01,22,23,25,30,34,41,47,56,62,71,83,87;56;1;VALIDATION;50;450;50;5.889282;34;7.555556;1.666274;1.282933;27;54.0
OVERALL;84;01,22,23,25,30,34,41,47,56,62,71,83,87;62;13;VALIDATION;50;450;52;6.124853;23;5.111111;-1.013742;0.834487;21;42.0
OVERALL;84;01,22,23,25,30,34,41,47,56,62,71,83,87;71;12;VALIDATION;50;450;48;5.65371;23;5.111111;-0.542599;0.904028;19;38.0
OVERALL;84;01,22,23,25,30,34,41,47,56,62,71,83,87;83;8;VALIDATION;50;450;59;6.949352;37;8.222222;1.27287;1.183164;30;60.0
OVERALL;84;01,22,23,25,30,34,41,47,56,62,71,83,87;87;11;VALIDATION;50;450;58;6.831567;27;6.0;-0.831567;0.878276;22;44.0
OVERALL;84;01,22,23,25,30,34,41,47,56,62,71,83,87;1;10;TEST;52;468;54;6.360424;24;5.128205;-1.232219;0.806268;18;34.615385
OVERALL;84;01,22,23,25,30,34,41,47,56,62,71,83,87;22;9;TEST;52;468;59;6.949352;44;9.401709;2.452357;1.35289;35;67.307692
OVERALL;84;01,22,23,25,30,34,41,47,56,62,71,83,87;23;3;TEST;52;468;68;8.009423;36;7.692308;-0.317115;0.960407;25;48.076923
OVERALL;84;01,22,23,25,30,34,41,47,56,62,71,83,87;25;4;TEST;52;468;63;7.420495;24;5.128205;-2.29229;0.691087;21;40.384615
OVERALL;84;01,22,23,25,30,34,41,47,56,62,71,83,87;30;5;TEST;52;468;57;6.713781;33;7.051282;0.337501;1.05027;24;46.153846
OVERALL;84;01,22,23,25,30,34,41,47,56,62,71,83,87;34;6;TEST;52;468;61;7.184923;29;6.196581;-0.988342;0.862442;24;46.153846
OVERALL;84;01,22,23,25,30,34,41,47,56,62,71,83,87;41;2;TEST;52;468;69;8.127208;42;8.974359;0.84715;1.104236;31;59.615385
OVERALL;84;01,22,23,25,30,34,41,47,56,62,71,83,87;47;7;TEST;52;468;55;6.47821;33;7.051282;0.573072;1.088462;25;48.076923
OVERALL;84;01,22,23,25,30,34,41,47,56,62,71,83,87;56;1;TEST;52;468;59;6.949352;33;7.051282;0.10193;1.014668;26;50.0
OVERALL;84;01,22,23,25,30,34,41,47,56,62,71,83,87;62;13;TEST;52;468;58;6.831567;24;5.128205;-1.703361;0.750663;18;34.615385
OVERALL;84;01,22,23,25,30,34,41,47,56,62,71,83,87;71;12;TEST;52;468;63;7.420495;35;7.478632;0.058138;1.007835;30;57.692308
OVERALL;84;01,22,23,25,30,34,41,47,56,62,71,83,87;83;8;TEST;52;468;65;7.656066;35;7.478632;-0.177433;0.976824;27;51.923077
OVERALL;84;01,22,23,25,30,34,41,47,56,62,71,83,87;87;11;TEST;52;468;47;5.535925;28;5.982906;0.446981;1.080742;23;44.230769
OVERALL;85;05,08,14,16,30,31,32,33,34,37,38,50,66;5;12;DISCOVERY;196;1764;151;5.933202;115;6.519274;0.586072;1.098778;91;46.428571
OVERALL;85;05,08,14,16,30,31,32,33,34,37,38,50,66;8;4;DISCOVERY;196;1764;179;7.033399;146;8.276644;1.243245;1.176763;107;54.591837
OVERALL;85;05,08,14,16,30,31,32,33,34,37,38,50,66;14;2;DISCOVERY;196;1764;166;6.522593;139;7.879819;1.357225;1.208081;97;49.489796
OVERALL;85;05,08,14,16,30,31,32,33,34,37,38,50,66;16;1;DISCOVERY;196;1764;160;6.286837;138;7.823129;1.536292;1.244366;100;51.020408
OVERALL;85;05,08,14,16,30,31,32,33,34,37,38,50,66;30;3;DISCOVERY;196;1764;163;6.404715;135;7.653061;1.248346;1.19491;99;50.510204
OVERALL;85;05,08,14,16,30,31,32,33,34,37,38,50,66;31;10;DISCOVERY;196;1764;161;6.32613;123;6.972789;0.646659;1.10222;85;43.367347
OVERALL;85;05,08,14,16,30,31,32,33,34,37,38,50,66;32;7;DISCOVERY;196;1764;177;6.954813;136;7.709751;0.754937;1.108549;95;48.469388
OVERALL;85;05,08,14,16,30,31,32,33,34,37,38,50,66;33;13;DISCOVERY;196;1764;172;6.75835;129;7.312925;0.554575;1.082058;98;50.0
OVERALL;85;05,08,14,16,30,31,32,33,34,37,38,50,66;34;9;DISCOVERY;196;1764;163;6.404715;125;7.086168;0.681453;1.106399;91;46.428571
OVERALL;85;05,08,14,16,30,31,32,33,34,37,38,50,66;37;11;DISCOVERY;196;1764;163;6.404715;124;7.029478;0.624763;1.097547;95;48.469388
OVERALL;85;05,08,14,16,30,31,32,33,34,37,38,50,66;38;6;DISCOVERY;196;1764;176;6.915521;138;7.823129;0.907609;1.131242;98;50.0
OVERALL;85;05,08,14,16,30,31,32,33,34,37,38,50,66;50;5;DISCOVERY;196;1764;150;5.89391;125;7.086168;1.192258;1.202286;88;44.897959
OVERALL;85;05,08,14,16,30,31,32,33,34,37,38,50,66;66;8;DISCOVERY;196;1764;173;6.797642;133;7.539683;0.74204;1.109161;105;53.571429
OVERALL;85;05,08,14,16,30,31,32,33,34,37,38,50,66;5;12;VALIDATION;63;567;50;5.889282;31;5.467372;-0.421909;0.92836;23;36.507937
OVERALL;85;05,08,14,16,30,31,32,33,34,37,38,50,66;8;4;VALIDATION;63;567;46;5.418139;43;7.583774;2.165635;1.399701;34;53.968254
OVERALL;85;05,08,14,16,30,31,32,33,34,37,38,50,66;14;2;VALIDATION;63;567;52;6.124853;37;6.525573;0.40072;1.065425;27;42.857143
OVERALL;85;05,08,14,16,30,31,32,33,34,37,38,50,66;16;1;VALIDATION;63;567;67;7.891637;49;8.641975;0.750338;1.09508;36;57.142857
OVERALL;85;05,08,14,16,30,31,32,33,34,37,38,50,66;30;3;VALIDATION;63;567;49;5.771496;40;7.054674;1.283178;1.22233;35;55.555556
OVERALL;85;05,08,14,16,30,31,32,33,34,37,38,50,66;31;10;VALIDATION;63;567;51;6.007067;33;5.820106;-0.186961;0.968876;26;41.269841
OVERALL;85;05,08,14,16,30,31,32,33,34,37,38,50,66;32;7;VALIDATION;63;567;54;6.360424;40;7.054674;0.69425;1.109151;31;49.206349
OVERALL;85;05,08,14,16,30,31,32,33,34,37,38,50,66;33;13;VALIDATION;63;567;57;6.713781;39;6.878307;0.164526;1.024506;27;42.857143
OVERALL;85;05,08,14,16,30,31,32,33,34,37,38,50,66;34;9;VALIDATION;63;567;50;5.889282;31;5.467372;-0.421909;0.92836;26;41.269841
OVERALL;85;05,08,14,16,30,31,32,33,34,37,38,50,66;37;11;VALIDATION;63;567;71;8.36278;47;8.289242;-0.073538;0.991206;33;52.380952
OVERALL;85;05,08,14,16,30,31,32,33,34,37,38,50,66;38;6;VALIDATION;63;567;61;7.184923;39;6.878307;-0.306617;0.957325;30;47.619048
OVERALL;85;05,08,14,16,30,31,32,33,34,37,38,50,66;50;5;VALIDATION;63;567;48;5.65371;36;6.349206;0.695496;1.123016;27;42.857143
OVERALL;85;05,08,14,16,30,31,32,33,34,37,38,50,66;66;8;VALIDATION;63;567;67;7.891637;38;6.70194;-1.189697;0.849246;29;46.031746
OVERALL;85;05,08,14,16,30,31,32,33,34,37,38,50,66;5;12;TEST;64;576;64;7.53828;46;7.986111;0.447831;1.059408;32;50.0
OVERALL;85;05,08,14,16,30,31,32,33,34,37,38,50,66;8;4;TEST;64;576;59;6.949352;37;6.423611;-0.525741;0.924347;29;45.3125
OVERALL;85;05,08,14,16,30,31,32,33,34,37,38,50,66;14;2;TEST;64;576;55;6.47821;42;7.291667;0.813457;1.125568;34;53.125
OVERALL;85;05,08,14,16,30,31,32,33,34,37,38,50,66;16;1;TEST;64;576;50;5.889282;37;6.423611;0.53433;1.090729;30;46.875
OVERALL;85;05,08,14,16,30,31,32,33,34,37,38,50,66;30;3;TEST;64;576;57;6.713781;39;6.770833;0.057052;1.008498;28;43.75
OVERALL;85;05,08,14,16,30,31,32,33,34,37,38,50,66;31;10;TEST;64;576;59;6.949352;34;5.902778;-1.046574;0.8494;28;43.75
OVERALL;85;05,08,14,16,30,31,32,33,34,37,38,50,66;32;7;TEST;64;576;56;6.595995;28;4.861111;-1.734884;0.736979;20;31.25
OVERALL;85;05,08,14,16,30,31,32,33,34,37,38,50,66;33;13;TEST;64;576;55;6.47821;34;5.902778;-0.575432;0.911174;27;42.1875
OVERALL;85;05,08,14,16,30,31,32,33,34,37,38,50,66;34;9;TEST;64;576;61;7.184923;44;7.638889;0.453965;1.063183;33;51.5625
OVERALL;85;05,08,14,16,30,31,32,33,34,37,38,50,66;37;11;TEST;64;576;49;5.771496;32;5.555556;-0.21594;0.962585;27;42.1875
OVERALL;85;05,08,14,16,30,31,32,33,34,37,38,50,66;38;6;TEST;64;576;51;6.007067;31;5.381944;-0.625123;0.895935;24;37.5
OVERALL;85;05,08,14,16,30,31,32,33,34,37,38,50,66;50;5;TEST;64;576;42;4.946996;27;4.6875;-0.259496;0.947545;22;34.375
OVERALL;85;05,08,14,16,30,31,32,33,34,37,38,50,66;66;8;TEST;64;576;57;6.713781;40;6.944444;0.230664;1.034357;35;54.6875
OVERALL;86;03,08,17,18,28,30,31,37,48,65,70,80,85;3;7;DISCOVERY;188;1692;168;6.601179;126;7.446809;0.84563;1.128103;95;50.531915
OVERALL;86;03,08,17,18,28,30,31,37,48,65,70,80,85;8;12;DISCOVERY;188;1692;179;7.033399;128;7.565012;0.531613;1.075584;95;50.531915
OVERALL;86;03,08,17,18,28,30,31,37,48,65,70,80,85;17;5;DISCOVERY;188;1692;177;6.954813;133;7.86052;0.905707;1.130227;101;53.723404
OVERALL;86;03,08,17,18,28,30,31,37,48,65,70,80,85;18;9;DISCOVERY;188;1692;151;5.933202;111;6.560284;0.627081;1.10569;75;39.893617
OVERALL;86;03,08,17,18,28,30,31,37,48,65,70,80,85;28;6;DISCOVERY;188;1692;150;5.89391;115;6.79669;0.902781;1.153172;90;47.87234
OVERALL;86;03,08,17,18,28,30,31,37,48,65,70,80,85;30;1;DISCOVERY;188;1692;163;6.404715;137;8.096927;1.692212;1.264213;99;52.659574
OVERALL;86;03,08,17,18,28,30,31,37,48,65,70,80,85;31;13;DISCOVERY;188;1692;161;6.32613;116;6.855792;0.529662;1.083726;89;47.340426
OVERALL;86;03,08,17,18,28,30,31,37,48,65,70,80,85;37;3;DISCOVERY;188;1692;163;6.404715;129;7.624113;1.219398;1.190391;94;50.0
OVERALL;86;03,08,17,18,28,30,31,37,48,65,70,80,85;48;11;DISCOVERY;188;1692;169;6.640472;122;7.210402;0.56993;1.085827;90;47.87234
OVERALL;86;03,08,17,18,28,30,31,37,48,65,70,80,85;65;2;DISCOVERY;188;1692;174;6.836935;140;8.274232;1.437297;1.210225;106;56.382979
OVERALL;86;03,08,17,18,28,30,31,37,48,65,70,80,85;70;8;DISCOVERY;188;1692;175;6.876228;127;7.50591;0.629682;1.091574;99;52.659574
OVERALL;86;03,08,17,18,28,30,31,37,48,65,70,80,85;80;10;DISCOVERY;188;1692;172;6.75835;124;7.328605;0.570255;1.084378;93;49.468085
OVERALL;86;03,08,17,18,28,30,31,37,48,65,70,80,85;85;4;DISCOVERY;188;1692;198;7.779961;148;8.747045;0.967084;1.124305;106;56.382979
OVERALL;86;03,08,17,18,28,30,31,37,48,65,70,80,85;3;7;VALIDATION;65;585;50;5.889282;38;6.495726;0.606445;1.102974;29;44.615385
OVERALL;86;03,08,17,18,28,30,31,37,48,65,70,80,85;8;12;VALIDATION;65;585;46;5.418139;35;5.982906;0.564767;1.104236;28;43.076923
OVERALL;86;03,08,17,18,28,30,31,37,48,65,70,80,85;17;5;VALIDATION;65;585;57;6.713781;36;6.153846;-0.559935;0.916599;29;44.615385
OVERALL;86;03,08,17,18,28,30,31,37,48,65,70,80,85;18;9;VALIDATION;65;585;45;5.300353;28;4.786325;-0.514029;0.90302;24;36.923077
OVERALL;86;03,08,17,18,28,30,31,37,48,65,70,80,85;28;6;VALIDATION;65;585;58;6.831567;41;7.008547;0.17698;1.025906;35;53.846154
OVERALL;86;03,08,17,18,28,30,31,37,48,65,70,80,85;30;1;VALIDATION;65;585;49;5.771496;33;5.641026;-0.13047;0.977394;26;40.0
OVERALL;86;03,08,17,18,28,30,31,37,48,65,70,80,85;31;13;VALIDATION;65;585;51;6.007067;34;5.811966;-0.195101;0.967521;29;44.615385
OVERALL;86;03,08,17,18,28,30,31,37,48,65,70,80,85;37;3;VALIDATION;65;585;71;8.36278;39;6.666667;-1.696113;0.797183;31;47.692308
OVERALL;86;03,08,17,18,28,30,31,37,48,65,70,80,85;48;11;VALIDATION;65;585;65;7.656066;44;7.521368;-0.134698;0.982406;33;50.769231
OVERALL;86;03,08,17,18,28,30,31,37,48,65,70,80,85;65;2;VALIDATION;65;585;68;8.009423;41;7.008547;-1.000876;0.875038;29;44.615385
OVERALL;86;03,08,17,18,28,30,31,37,48,65,70,80,85;70;8;VALIDATION;65;585;43;5.064782;32;5.470085;0.405303;1.080024;26;40.0
OVERALL;86;03,08,17,18,28,30,31,37,48,65,70,80,85;80;10;VALIDATION;65;585;69;8.127208;36;6.153846;-1.973362;0.757191;27;41.538462
OVERALL;86;03,08,17,18,28,30,31,37,48,65,70,80,85;85;4;VALIDATION;65;585;63;7.420495;58;9.91453;2.494035;1.336101;43;66.153846
OVERALL;86;03,08,17,18,28,30,31,37,48,65,70,80,85;3;7;TEST;60;540;54;6.360424;38;7.037037;0.676613;1.106379;32;53.333333
OVERALL;86;03,08,17,18,28,30,31,37,48,65,70,80,85;8;12;TEST;60;540;59;6.949352;28;5.185185;-1.764167;0.746139;25;41.666667
OVERALL;86;03,08,17,18,28,30,31,37,48,65,70,80,85;17;5;TEST;60;540;54;6.360424;35;6.481481;0.121057;1.019033;29;48.333333
OVERALL;86;03,08,17,18,28,30,31,37,48,65,70,80,85;18;9;TEST;60;540;60;7.067138;34;6.296296;-0.770842;0.890926;28;46.666667
OVERALL;86;03,08,17,18,28,30,31,37,48,65,70,80,85;28;6;TEST;60;540;65;7.656066;40;7.407407;-0.248659;0.967521;25;41.666667
OVERALL;86;03,08,17,18,28,30,31,37,48,65,70,80,85;30;1;TEST;60;540;57;6.713781;33;6.111111;-0.60267;0.910234;25;41.666667
OVERALL;86;03,08,17,18,28,30,31,37,48,65,70,80,85;31;13;TEST;60;540;59;6.949352;41;7.592593;0.64324;1.092561;33;55.0
OVERALL;86;03,08,17,18,28,30,31,37,48,65,70,80,85;37;3;TEST;60;540;49;5.771496;30;5.555556;-0.21594;0.962585;26;43.333333
OVERALL;86;03,08,17,18,28,30,31,37,48,65,70,80,85;48;11;TEST;60;540;50;5.889282;38;7.037037;1.147756;1.194889;24;40.0
OVERALL;86;03,08,17,18,28,30,31,37,48,65,70,80,85;65;2;TEST;60;540;52;6.124853;33;6.111111;-0.013742;0.997756;28;46.666667
OVERALL;86;03,08,17,18,28,30,31,37,48,65,70,80,85;70;8;TEST;60;540;40;4.711425;27;5.0;0.288575;1.06125;24;40.0
OVERALL;86;03,08,17,18,28,30,31,37,48,65,70,80,85;80;10;TEST;60;540;68;8.009423;39;7.222222;-0.787201;0.901716;27;45.0
OVERALL;86;03,08,17,18,28,30,31,37,48,65,70,80,85;85;4;TEST;60;540;65;7.656066;35;6.481481;-1.174584;0.846581;27;45.0
OVERALL;87;09,24,28,30,34,36,44,51,57,62,67,68,69;9;9;DISCOVERY;185;1665;145;5.697446;108;6.486486;0.789041;1.13849;79;42.702703
OVERALL;87;09,24,28,30,34,36,44,51,57,62,67,68,69;24;6;DISCOVERY;185;1665;158;6.208251;119;7.147147;0.938896;1.151234;86;46.486486
OVERALL;87;09,24,28,30,34,36,44,51,57,62,67,68,69;28;11;DISCOVERY;185;1665;150;5.89391;110;6.606607;0.712697;1.120921;87;47.027027
OVERALL;87;09,24,28,30,34,36,44,51,57,62,67,68,69;30;12;DISCOVERY;185;1665;163;6.404715;118;7.087087;0.682372;1.106542;86;46.486486
OVERALL;87;09,24,28,30,34,36,44,51,57,62,67,68,69;34;3;DISCOVERY;185;1665;163;6.404715;126;7.567568;1.162852;1.181562;96;51.891892
OVERALL;87;09,24,28,30,34,36,44,51,57,62,67,68,69;36;13;DISCOVERY;185;1665;156;6.129666;113;6.786787;0.657121;1.107203;86;46.486486
OVERALL;87;09,24,28,30,34,36,44,51,57,62,67,68,69;44;10;DISCOVERY;185;1665;156;6.129666;114;6.846847;0.717181;1.117002;84;45.405405
OVERALL;87;09,24,28,30,34,36,44,51,57,62,67,68,69;51;7;DISCOVERY;185;1665;180;7.072692;132;7.927928;0.855236;1.120921;97;52.432432
OVERALL;87;09,24,28,30,34,36,44,51,57,62,67,68,69;57;4;DISCOVERY;185;1665;170;6.679764;130;7.807808;1.128044;1.168875;97;52.432432
OVERALL;87;09,24,28,30,34,36,44,51,57,62,67,68,69;62;8;DISCOVERY;185;1665;187;7.347741;136;8.168168;0.820428;1.111657;99;53.513514
OVERALL;87;09,24,28,30,34,36,44,51,57,62,67,68,69;67;5;DISCOVERY;185;1665;164;6.444008;123;7.387387;0.94338;1.146396;96;51.891892
OVERALL;87;09,24,28,30,34,36,44,51,57,62,67,68,69;68;1;DISCOVERY;185;1665;171;6.719057;134;8.048048;1.328991;1.197794;99;53.513514
OVERALL;87;09,24,28,30,34,36,44,51,57,62,67,68,69;69;2;DISCOVERY;185;1665;162;6.365422;127;7.627628;1.262205;1.198291;96;51.891892
OVERALL;87;09,24,28,30,34,36,44,51,57,62,67,68,69;9;9;VALIDATION;57;513;65;7.656066;33;6.432749;-1.223317;0.840216;26;45.614035
OVERALL;87;09,24,28,30,34,36,44,51,57,62,67,68,69;24;6;VALIDATION;57;513;50;5.889282;30;5.847953;-0.041328;0.992982;21;36.842105
OVERALL;87;09,24,28,30,34,36,44,51,57,62,67,68,69;28;11;VALIDATION;57;513;58;6.831567;36;7.017544;0.185977;1.027223;30;52.631579
OVERALL;87;09,24,28,30,34,36,44,51,57,62,67,68,69;30;12;VALIDATION;57;513;49;5.771496;23;4.483431;-1.288065;0.776823;23;40.350877
OVERALL;87;09,24,28,30,34,36,44,51,57,62,67,68,69;34;3;VALIDATION;57;513;50;5.889282;28;5.45809;-0.431192;0.926784;25;43.859649
OVERALL;87;09,24,28,30,34,36,44,51,57,62,67,68,69;36;13;VALIDATION;57;513;50;5.889282;38;7.407407;1.518126;1.257778;26;45.614035
OVERALL;87;09,24,28,30,34,36,44,51,57,62,67,68,69;44;10;VALIDATION;57;513;54;6.360424;31;6.042885;-0.317539;0.950076;26;45.614035
OVERALL;87;09,24,28,30,34,36,44,51,57,62,67,68,69;51;7;VALIDATION;57;513;60;7.067138;35;6.822612;-0.244526;0.9654;25;43.859649
OVERALL;87;09,24,28,30,34,36,44,51,57,62,67,68,69;57;4;VALIDATION;57;513;52;6.124853;31;6.042885;-0.081968;0.986617;25;43.859649
OVERALL;87;09,24,28,30,34,36,44,51,57,62,67,68,69;62;8;VALIDATION;57;513;52;6.124853;29;5.653021;-0.471831;0.922964;25;43.859649
OVERALL;87;09,24,28,30,34,36,44,51,57,62,67,68,69;67;5;VALIDATION;57;513;53;6.242638;23;4.483431;-1.759208;0.718195;21;36.842105
OVERALL;87;09,24,28,30,34,36,44,51,57,62,67,68,69;68;1;VALIDATION;57;513;71;8.36278;46;8.966862;0.604082;1.072235;36;63.157895
OVERALL;87;09,24,28,30,34,36,44,51,57,62,67,68,69;69;2;VALIDATION;57;513;54;6.360424;26;5.068226;-1.292198;0.796838;22;38.596491
OVERALL;87;09,24,28,30,34,36,44,51,57,62,67,68,69;9;9;TEST;47;423;59;6.949352;29;6.855792;-0.09356;0.986537;21;44.680851
OVERALL;87;09,24,28,30,34,36,44,51,57,62,67,68,69;24;6;TEST;47;423;48;5.65371;29;6.855792;1.202082;1.212618;23;48.93617
OVERALL;87;09,24,28,30,34,36,44,51,57,62,67,68,69;28;11;TEST;47;423;65;7.656066;37;8.747045;1.090979;1.142499;32;68.085106
OVERALL;87;09,24,28,30,34,36,44,51,57,62,67,68,69;30;12;TEST;47;423;57;6.713781;26;6.146572;-0.567209;0.915516;21;44.680851
OVERALL;87;09,24,28,30,34,36,44,51,57,62,67,68,69;34;3;TEST;47;423;61;7.184923;39;9.219858;2.034935;1.283223;26;55.319149
OVERALL;87;09,24,28,30,34,36,44,51,57,62,67,68,69;36;13;TEST;47;423;44;5.182568;25;5.910165;0.727598;1.140393;20;42.553191
OVERALL;87;09,24,28,30,34,36,44,51,57,62,67,68,69;44;10;TEST;47;423;53;6.242638;19;4.491726;-1.750913;0.719524;17;36.170213
OVERALL;87;09,24,28,30,34,36,44,51,57,62,67,68,69;51;7;TEST;47;423;55;6.47821;35;8.274232;1.796022;1.27724;29;61.702128
OVERALL;87;09,24,28,30,34,36,44,51,57,62,67,68,69;57;4;TEST;47;423;51;6.007067;23;5.437352;-0.569715;0.905159;16;34.042553
OVERALL;87;09,24,28,30,34,36,44,51,57,62,67,68,69;62;8;TEST;47;423;58;6.831567;33;7.801418;0.969852;1.141966;24;51.06383
OVERALL;87;09,24,28,30,34,36,44,51,57,62,67,68,69;67;5;TEST;47;423;46;5.418139;16;3.782506;-1.635633;0.698119;15;31.914894
OVERALL;87;09,24,28,30,34,36,44,51,57,62,67,68,69;68;1;TEST;47;423;64;7.53828;28;6.619385;-0.918895;0.878103;25;53.191489
OVERALL;87;09,24,28,30,34,36,44,51,57,62,67,68,69;69;2;TEST;47;423;58;6.831567;41;9.692671;2.861105;1.418807;28;59.574468
OVERALL;88;01,07,11,17,42,47,51,61,64,70,81,82,86;1;1;DISCOVERY;191;1719;195;7.662083;157;9.133217;1.471134;1.192002;116;60.732984
OVERALL;88;01,07,11,17,42,47,51,61,64,70,81,82,86;7;10;DISCOVERY;191;1719;149;5.854617;112;6.515416;0.660799;1.112868;89;46.596859
OVERALL;88;01,07,11,17,42,47,51,61,64,70,81,82,86;11;5;DISCOVERY;191;1719;171;6.719057;131;7.62071;0.901653;1.134193;100;52.356021
OVERALL;88;01,07,11,17,42,47,51,61,64,70,81,82,86;17;13;DISCOVERY;191;1719;177;6.954813;130;7.562536;0.607723;1.087382;89;46.596859
OVERALL;88;01,07,11,17,42,47,51,61,64,70,81,82,86;42;2;DISCOVERY;191;1719;163;6.404715;134;7.79523;1.390515;1.217108;96;50.26178
OVERALL;88;01,07,11,17,42,47,51,61,64,70,81,82,86;47;9;DISCOVERY;191;1719;164;6.444008;123;7.155323;0.711315;1.110384;100;52.356021
OVERALL;88;01,07,11,17,42,47,51,61,64,70,81,82,86;51;6;DISCOVERY;191;1719;180;7.072692;137;7.96975;0.897058;1.126834;105;54.973822
OVERALL;88;01,07,11,17,42,47,51,61,64,70,81,82,86;61;4;DISCOVERY;191;1719;182;7.151277;140;8.14427;0.992993;1.138855;107;56.020942
OVERALL;88;01,07,11,17,42,47,51,61,64,70,81,82,86;64;11;DISCOVERY;191;1719;160;6.286837;119;6.922629;0.635793;1.101131;84;43.979058
OVERALL;88;01,07,11,17,42,47,51,61,64,70,81,82,86;70;12;DISCOVERY;191;1719;175;6.876228;129;7.504363;0.628135;1.091349;99;51.832461
OVERALL;88;01,07,11,17,42,47,51,61,64,70,81,82,86;81;8;DISCOVERY;191;1719;189;7.426326;140;8.14427;0.717944;1.096676;106;55.497382
OVERALL;88;01,07,11,17,42,47,51,61,64,70,81,82,86;82;7;DISCOVERY;191;1719;188;7.387033;141;8.202443;0.81541;1.110384;100;52.356021
OVERALL;88;01,07,11,17,42,47,51,61,64,70,81,82,86;86;3;DISCOVERY;191;1719;188;7.387033;145;8.435137;1.048103;1.141884;105;54.973822
OVERALL;88;01,07,11,17,42,47,51,61,64,70,81,82,86;1;1;VALIDATION;52;468;51;6.007067;26;5.555556;-0.451512;0.924837;24;46.153846
OVERALL;88;01,07,11,17,42,47,51,61,64,70,81,82,86;7;10;VALIDATION;52;468;60;7.067138;26;5.555556;-1.511582;0.786111;20;38.461538
OVERALL;88;01,07,11,17,42,47,51,61,64,70,81,82,86;11;5;VALIDATION;52;468;56;6.595995;32;6.837607;0.241612;1.03663;25;48.076923
OVERALL;88;01,07,11,17,42,47,51,61,64,70,81,82,86;17;13;VALIDATION;52;468;57;6.713781;36;7.692308;0.978527;1.145749;30;57.692308
OVERALL;88;01,07,11,17,42,47,51,61,64,70,81,82,86;42;2;VALIDATION;52;468;52;6.124853;30;6.410256;0.285404;1.046598;26;50.0
OVERALL;88;01,07,11,17,42,47,51,61,64,70,81,82,86;47;9;VALIDATION;52;468;73;8.598351;40;8.547009;-0.051342;0.994029;28;53.846154
OVERALL;88;01,07,11,17,42,47,51,61,64,70,81,82,86;51;6;VALIDATION;52;468;60;7.067138;31;6.623932;-0.443206;0.937286;21;40.384615
OVERALL;88;01,07,11,17,42,47,51,61,64,70,81,82,86;61;4;VALIDATION;52;468;49;5.771496;31;6.623932;0.852436;1.147698;25;48.076923
OVERALL;88;01,07,11,17,42,47,51,61,64,70,81,82,86;64;11;VALIDATION;52;468;51;6.007067;34;7.264957;1.25789;1.209402;28;53.846154
OVERALL;88;01,07,11,17,42,47,51,61,64,70,81,82,86;70;12;VALIDATION;52;468;43;5.064782;32;6.837607;1.772825;1.35003;24;46.153846
OVERALL;88;01,07,11,17,42,47,51,61,64,70,81,82,86;81;8;VALIDATION;52;468;60;7.067138;28;5.982906;-1.084232;0.846581;24;46.153846
OVERALL;88;01,07,11,17,42,47,51,61,64,70,81,82,86;82;7;VALIDATION;52;468;60;7.067138;46;9.82906;2.761922;1.390812;29;55.769231
OVERALL;88;01,07,11,17,42,47,51,61,64,70,81,82,86;86;3;VALIDATION;52;468;65;7.656066;35;7.478632;-0.177433;0.976824;29;55.769231
OVERALL;88;01,07,11,17,42,47,51,61,64,70,81,82,86;1;1;TEST;54;486;54;6.360424;27;5.555556;-0.804868;0.873457;22;40.740741
OVERALL;88;01,07,11,17,42,47,51,61,64,70,81,82,86;7;10;TEST;54;486;57;6.713781;35;7.201646;0.487865;1.072666;29;53.703704
OVERALL;88;01,07,11,17,42,47,51,61,64,70,81,82,86;11;5;TEST;54;486;55;6.47821;39;8.024691;1.546482;1.238721;27;50.0
OVERALL;88;01,07,11,17,42,47,51,61,64,70,81,82,86;17;13;TEST;54;486;54;6.360424;31;6.378601;0.018177;1.002858;22;40.740741
OVERALL;88;01,07,11,17,42,47,51,61,64,70,81,82,86;42;2;TEST;54;486;72;8.480565;46;9.465021;0.984455;1.116084;34;62.962963
OVERALL;88;01,07,11,17,42,47,51,61,64,70,81,82,86;47;9;TEST;54;486;55;6.47821;29;5.967078;-0.511131;0.9211;25;46.296296
OVERALL;88;01,07,11,17,42,47,51,61,64,70,81,82,86;51;6;TEST;54;486;55;6.47821;35;7.201646;0.723436;1.111672;27;50.0
OVERALL;88;01,07,11,17,42,47,51,61,64,70,81,82,86;61;4;TEST;54;486;51;6.007067;32;6.584362;0.577295;1.096103;26;48.148148
OVERALL;88;01,07,11,17,42,47,51,61,64,70,81,82,86;64;11;TEST;54;486;57;6.713781;28;5.761317;-0.952464;0.858133;23;42.592593
OVERALL;88;01,07,11,17,42,47,51,61,64,70,81,82,86;70;12;TEST;54;486;40;4.711425;21;4.320988;-0.390438;0.91713;20;37.037037
OVERALL;88;01,07,11,17,42,47,51,61,64,70,81,82,86;81;8;TEST;54;486;61;7.184923;32;6.584362;-0.600561;0.916414;26;48.148148
OVERALL;88;01,07,11,17,42,47,51,61,64,70,81,82,86;82;7;TEST;54;486;54;6.360424;29;5.967078;-0.393346;0.938157;25;46.296296
OVERALL;88;01,07,11,17,42,47,51,61,64,70,81,82,86;86;3;TEST;54;486;60;7.067138;28;5.761317;-1.305821;0.815226;27;50.0
OVERALL;89;04,12,16,32,33,40,42,51,62,63,71,75,85;4;5;DISCOVERY;163;1467;171;6.719057;111;7.566462;0.847405;1.12612;83;50.920245
OVERALL;89;04,12,16,32,33,40,42,51,62,63,71,75,85;12;2;DISCOVERY;163;1467;173;6.797642;117;7.97546;1.177818;1.173269;84;51.533742
OVERALL;89;04,12,16,32,33,40,42,51,62,63,71,75,85;16;12;DISCOVERY;163;1467;160;6.286837;102;6.952965;0.666128;1.105956;73;44.785276
OVERALL;89;04,12,16,32,33,40,42,51,62,63,71,75,85;32;6;DISCOVERY;163;1467;177;6.954813;114;7.770961;0.816148;1.11735;82;50.306748
OVERALL;89;04,12,16,32,33,40,42,51,62,63,71,75,85;33;7;DISCOVERY;163;1467;172;6.75835;111;7.566462;0.808112;1.119572;81;49.693252
OVERALL;89;04,12,16,32,33,40,42,51,62,63,71,75,85;40;10;DISCOVERY;163;1467;166;6.522593;106;7.225631;0.703037;1.107785;80;49.079755
OVERALL;89;04,12,16,32,33,40,42,51,62,63,71,75,85;42;13;DISCOVERY;163;1467;163;6.404715;103;7.021132;0.616416;1.096244;74;45.398773
OVERALL;89;04,12,16,32,33,40,42,51,62,63,71,75,85;51;3;DISCOVERY;163;1467;180;7.072692;121;8.248125;1.175434;1.166193;96;58.895706
OVERALL;89;04,12,16,32,33,40,42,51,62,63,71,75,85;62;11;DISCOVERY;163;1467;187;7.347741;118;8.043626;0.695886;1.094707;89;54.601227
OVERALL;89;04,12,16,32,33,40,42,51,62,63,71,75,85;63;9;DISCOVERY;163;1467;182;7.151277;116;7.907294;0.756017;1.105718;91;55.828221
OVERALL;89;04,12,16,32,33,40,42,51,62,63,71,75,85;71;8;DISCOVERY;163;1467;174;6.836935;112;7.634628;0.797693;1.116674;84;51.533742
OVERALL;89;04,12,16,32,33,40,42,51,62,63,71,75,85;75;4;DISCOVERY;163;1467;181;7.111984;117;7.97546;0.863476;1.121411;89;54.601227
OVERALL;89;04,12,16,32,33,40,42,51,62,63,71,75,85;85;1;DISCOVERY;163;1467;198;7.779961;134;9.134288;1.354327;1.174079;93;57.055215
OVERALL;89;04,12,16,32,33,40,42,51,62,63,71,75,85;4;5;VALIDATION;61;549;45;5.300353;31;5.64663;0.346277;1.065331;28;45.901639
OVERALL;89;04,12,16,32,33,40,42,51,62,63,71,75,85;12;2;VALIDATION;61;549;49;5.771496;27;4.918033;-0.853463;0.852124;24;39.344262
OVERALL;89;04,12,16,32,33,40,42,51,62,63,71,75,85;16;12;VALIDATION;61;549;67;7.891637;46;8.378871;0.487233;1.06174;34;55.737705
OVERALL;89;04,12,16,32,33,40,42,51,62,63,71,75,85;32;6;VALIDATION;61;549;54;6.360424;28;5.100182;-1.260242;0.801862;25;40.983607
OVERALL;89;04,12,16,32,33,40,42,51,62,63,71,75,85;33;7;VALIDATION;61;549;57;6.713781;45;8.196721;1.48294;1.22088;31;50.819672
OVERALL;89;04,12,16,32,33,40,42,51,62,63,71,75,85;40;10;VALIDATION;61;549;61;7.184923;47;8.56102;1.376097;1.191526;28;45.901639
OVERALL;89;04,12,16,32,33,40,42,51,62,63,71,75,85;42;13;VALIDATION;61;549;52;6.124853;35;6.375228;0.250375;1.040879;27;44.262295
OVERALL;89;04,12,16,32,33,40,42,51,62,63,71,75,85;51;3;VALIDATION;61;549;60;7.067138;39;7.103825;0.036687;1.005191;27;44.262295
OVERALL;89;04,12,16,32,33,40,42,51,62,63,71,75,85;62;11;VALIDATION;61;549;52;6.124853;34;6.193078;0.068226;1.011139;32;52.459016
OVERALL;89;04,12,16,32,33,40,42,51,62,63,71,75,85;63;9;VALIDATION;61;549;52;6.124853;43;7.832423;1.70757;1.278794;34;55.737705
OVERALL;89;04,12,16,32,33,40,42,51,62,63,71,75,85;71;8;VALIDATION;61;549;48;5.65371;35;6.375228;0.721517;1.127618;31;50.819672
OVERALL;89;04,12,16,32,33,40,42,51,62,63,71,75,85;75;4;VALIDATION;61;549;61;7.184923;31;5.64663;-1.538293;0.7859;25;40.983607
OVERALL;89;04,12,16,32,33,40,42,51,62,63,71,75,85;85;1;VALIDATION;61;549;63;7.420495;39;7.103825;-0.31667;0.957325;30;49.180328
OVERALL;89;04,12,16,32,33,40,42,51,62,63,71,75,85;4;5;TEST;51;459;60;7.067138;33;7.189542;0.122405;1.01732;27;52.941176
OVERALL;89;04,12,16,32,33,40,42,51,62,63,71,75,85;12;2;TEST;51;459;40;4.711425;20;4.357298;-0.354127;0.924837;16;31.372549
OVERALL;89;04,12,16,32,33,40,42,51,62,63,71,75,85;16;12;TEST;51;459;50;5.889282;20;4.357298;-1.531983;0.739869;17;33.333333
OVERALL;89;04,12,16,32,33,40,42,51,62,63,71,75,85;32;6;TEST;51;459;56;6.595995;36;7.843137;1.247142;1.189076;25;49.019608
OVERALL;89;04,12,16,32,33,40,42,51,62,63,71,75,85;33;7;TEST;51;459;55;6.47821;31;6.753813;0.275603;1.042543;24;47.058824
OVERALL;89;04,12,16,32,33,40,42,51,62,63,71,75,85;40;10;TEST;51;459;65;7.656066;23;5.010893;-2.645173;0.6545;19;37.254902
OVERALL;89;04,12,16,32,33,40,42,51,62,63,71,75,85;42;13;TEST;51;459;72;8.480565;50;10.893246;2.412681;1.284495;37;72.54902
OVERALL;89;04,12,16,32,33,40,42,51,62,63,71,75,85;51;3;TEST;51;459;55;6.47821;29;6.318083;-0.160127;0.975282;24;47.058824
OVERALL;89;04,12,16,32,33,40,42,51,62,63,71,75,85;62;11;TEST;51;459;58;6.831567;32;6.971678;0.140111;1.020509;26;50.980392
OVERALL;89;04,12,16,32,33,40,42,51,62,63,71,75,85;63;9;TEST;51;459;65;7.656066;28;6.100218;-1.555848;0.796782;23;45.098039
OVERALL;89;04,12,16,32,33,40,42,51,62,63,71,75,85;71;8;TEST;51;459;63;7.420495;38;8.278867;0.858372;1.115676;29;56.862745
OVERALL;89;04,12,16,32,33,40,42,51,62,63,71,75,85;75;4;TEST;51;459;51;6.007067;26;5.664488;-0.342579;0.942971;20;39.215686
OVERALL;89;04,12,16,32,33,40,42,51,62,63,71,75,85;85;1;TEST;51;459;65;7.656066;32;6.971678;-0.684388;0.910608;29;56.862745
OVERALL;90;04,08,15,16,22,24,29,36,44,46,52,54,84;4;1;DISCOVERY;196;1764;171;6.719057;145;8.219955;1.500898;1.223379;105;53.571429
OVERALL;90;04,08,15,16,22,24,29,36,44,46,52,54,84;8;8;DISCOVERY;196;1764;179;7.033399;136;7.709751;0.676352;1.096163;103;52.55102
OVERALL;90;04,08,15,16,22,24,29,36,44,46,52,54,84;15;4;DISCOVERY;196;1764;159;6.247544;124;7.029478;0.781934;1.125159;97;49.489796
OVERALL;90;04,08,15,16,22,24,29,36,44,46,52,54,84;16;7;DISCOVERY;196;1764;160;6.286837;123;6.972789;0.685952;1.109109;91;46.428571
OVERALL;90;04,08,15,16,22,24,29,36,44,46,52,54,84;22;10;DISCOVERY;196;1764;165;6.483301;126;7.142857;0.659557;1.101732;97;49.489796
OVERALL;90;04,08,15,16,22,24,29,36,44,46,52,54,84;24;5;DISCOVERY;196;1764;158;6.208251;123;6.972789;0.764538;1.123149;89;45.408163
OVERALL;90;04,08,15,16,22,24,29,36,44,46,52,54,84;29;13;DISCOVERY;196;1764;157;6.168959;119;6.746032;0.577073;1.093545;92;46.938776
OVERALL;90;04,08,15,16,22,24,29,36,44,46,52,54,84;36;9;DISCOVERY;196;1764;156;6.129666;120;6.802721;0.673055;1.109803;93;47.44898
OVERALL;90;04,08,15,16,22,24,29,36,44,46,52,54,84;44;3;DISCOVERY;196;1764;156;6.129666;123;6.972789;0.843123;1.137548;100;51.020408
OVERALL;90;04,08,15,16,22,24,29,36,44,46,52,54,84;46;2;DISCOVERY;196;1764;154;6.051081;125;7.086168;1.035087;1.171058;94;47.959184
OVERALL;90;04,08,15,16,22,24,29,36,44,46,52,54,84;52;6;DISCOVERY;196;1764;175;6.876228;134;7.596372;0.720144;1.10473;91;46.428571
OVERALL;90;04,08,15,16,22,24,29,36,44,46,52,54,84;54;12;DISCOVERY;196;1764;180;7.072692;135;7.653061;0.58037;1.082058;100;51.020408
OVERALL;90;04,08,15,16,22,24,29,36,44,46,52,54,84;84;11;DISCOVERY;196;1764;175;6.876228;132;7.482993;0.606765;1.088241;107;54.591837
OVERALL;90;04,08,15,16,22,24,29,36,44,46,52,54,84;4;1;VALIDATION;51;459;45;5.300353;18;3.921569;-1.378785;0.739869;17;33.333333
OVERALL;90;04,08,15,16,22,24,29,36,44,46,52,54,84;8;8;VALIDATION;51;459;46;5.418139;29;6.318083;0.899944;1.166098;25;49.019608
OVERALL;90;04,08,15,16,22,24,29,36,44,46,52,54,84;15;4;VALIDATION;51;459;73;8.598351;32;6.971678;-1.626673;0.810816;27;52.941176
OVERALL;90;04,08,15,16,22,24,29,36,44,46,52,54,84;16;7;VALIDATION;51;459;67;7.891637;43;9.368192;1.476555;1.187104;29;56.862745
OVERALL;90;04,08,15,16,22,24,29,36,44,46,52,54,84;22;10;VALIDATION;51;459;56;6.595995;30;6.535948;-0.060048;0.990896;27;52.941176
OVERALL;90;04,08,15,16,22,24,29,36,44,46,52,54,84;24;5;VALIDATION;51;459;50;5.889282;27;5.882353;-0.006929;0.998824;19;37.254902
OVERALL;90;04,08,15,16,22,24,29,36,44,46,52,54,84;29;13;VALIDATION;51;459;55;6.47821;32;6.971678;0.493468;1.076173;24;47.058824
OVERALL;90;04,08,15,16,22,24,29,36,44,46,52,54,84;36;9;VALIDATION;51;459;50;5.889282;24;5.228758;-0.660523;0.887843;18;35.294118
OVERALL;90;04,08,15,16,22,24,29,36,44,46,52,54,84;44;3;VALIDATION;51;459;54;6.360424;30;6.535948;0.175524;1.027596;21;41.176471
OVERALL;90;04,08,15,16,22,24,29,36,44,46,52,54,84;46;2;VALIDATION;51;459;55;6.47821;33;7.189542;0.711333;1.109804;25;49.019608
OVERALL;90;04,08,15,16,22,24,29,36,44,46,52,54,84;52;6;VALIDATION;51;459;64;7.53828;33;7.189542;-0.348738;0.953738;27;52.941176
OVERALL;90;04,08,15,16,22,24,29,36,44,46,52,54,84;54;12;VALIDATION;51;459;47;5.535925;26;5.664488;0.128563;1.023223;20;39.215686
OVERALL;90;04,08,15,16,22,24,29,36,44,46,52,54,84;84;11;VALIDATION;51;459;51;6.007067;30;6.535948;0.528881;1.088043;23;45.098039
OVERALL;90;04,08,15,16,22,24,29,36,44,46,52,54,84;4;1;TEST;53;477;60;7.067138;33;6.918239;-0.148899;0.978931;25;47.169811
OVERALL;90;04,08,15,16,22,24,29,36,44,46,52,54,84;8;8;TEST;53;477;59;6.949352;33;6.918239;-0.031113;0.995523;27;50.943396
OVERALL;90;04,08,15,16,22,24,29,36,44,46,52,54,84;15;4;TEST;53;477;46;5.418139;17;3.563941;-1.854198;0.65778;14;26.415094
OVERALL;90;04,08,15,16,22,24,29,36,44,46,52,54,84;16;7;TEST;53;477;50;5.889282;34;7.127883;1.238601;1.210314;28;52.830189
OVERALL;90;04,08,15,16,22,24,29,36,44,46,52,54,84;22;10;TEST;53;477;59;6.949352;27;5.660377;-1.288975;0.814519;25;47.169811
OVERALL;90;04,08,15,16,22,24,29,36,44,46,52,54,84;24;5;TEST;53;477;48;5.65371;20;4.192872;-1.460838;0.741614;17;32.075472
OVERALL;90;04,08,15,16,22,24,29,36,44,46,52,54,84;29;13;TEST;53;477;52;6.124853;29;6.079665;-0.045188;0.992622;25;47.169811
OVERALL;90;04,08,15,16,22,24,29,36,44,46,52,54,84;36;9;TEST;53;477;44;5.182568;34;7.127883;1.945315;1.375357;26;49.056604
OVERALL;90;04,08,15,16,22,24,29,36,44,46,52,54,84;44;3;TEST;53;477;53;6.242638;29;6.079665;-0.162974;0.973893;21;39.622642
OVERALL;90;04,08,15,16,22,24,29,36,44,46,52,54,84;46;2;TEST;53;477;58;6.831567;26;5.450734;-1.380833;0.797875;25;47.169811
OVERALL;90;04,08,15,16,22,24,29,36,44,46,52,54,84;52;6;TEST;53;477;66;7.773852;38;7.966457;0.192605;1.024776;27;50.943396
OVERALL;90;04,08,15,16,22,24,29,36,44,46,52,54,84;54;12;TEST;53;477;59;6.949352;25;5.24109;-1.708262;0.754184;21;39.622642
OVERALL;90;04,08,15,16,22,24,29,36,44,46,52,54,84;84;11;TEST;53;477;52;6.124853;23;4.821803;-1.30305;0.787252;19;35.849057
